service_line_id,from_source_line_id,from_source_station_id,from_source_station_key,from_station_name,to_source_line_id,to_source_station_id,to_source_station_key,to_station_name,duration_seconds,average_duration_seconds,straight_distance_meters,sample_count,duration_method
SL_93451329FB01,L41G1,G103,L41G1|G103,장기역,L41G1,G104,L41G1|G104,운양역,151,151,1703,433,DEPARTURE_TO_DEPARTURE
SL_93451329FB01,L41G1,G104,L41G1|G104,운양역,L41G1,G105,L41G1|G105,걸포북변역,242,242,3135,304,DEPARTURE_TO_DEPARTURE
SL_93451329FB01,L41G1,G105,L41G1|G105,걸포북변역,L41G1,G106,L41G1|G106,사우역,162,162,1757,304,DEPARTURE_TO_DEPARTURE
SL_93451329FB01,L41G1,G106,L41G1|G106,사우역,L41G1,G107,L41G1|G107,풍무역,136,136,1442,433,DEPARTURE_TO_DEPARTURE
SL_93451329FB01,L41G1,G107,L41G1|G107,풍무역,L41G1,G108,L41G1|G108,고촌역,264,264,3549,433,DEPARTURE_TO_DEPARTURE
SL_93451329FB01,L41G1,G108,L41G1|G108,고촌역,L41G1,G109,L41G1|G109,김포공항역,445,441,5142,433,DEPARTURE_TO_DEPARTURE
SL_93451329FB01,L41G1,G100,L41G1|G100,양촌역,L41G1,G101,L41G1|G101,구래역,162,162,1284,167,DEPARTURE_TO_DEPARTURE
SL_93451329FB01,L41G1,G101,L41G1|G101,구래역,L41G1,G102,L41G1|G102,마산역,187,188,1459,432,DEPARTURE_TO_DEPARTURE
SL_93451329FB01,L41G1,G102,L41G1|G102,마산역,L41G1,G103,L41G1|G103,장기역,228,228,2239,432,DEPARTURE_TO_DEPARTURE
SL_93451329FB01,L41G1,G109,L41G1|G109,김포공항역,L41G1,G108,L41G1|G108,고촌역,389,389,5142,433,DEPARTURE_TO_DEPARTURE
SL_93451329FB01,L41G1,G108,L41G1|G108,고촌역,L41G1,G107,L41G1|G107,풍무역,258,258,3549,433,DEPARTURE_TO_DEPARTURE
SL_93451329FB01,L41G1,G107,L41G1|G107,풍무역,L41G1,G106,L41G1|G106,사우역,136,136,1442,433,DEPARTURE_TO_DEPARTURE
SL_93451329FB01,L41G1,G106,L41G1|G106,사우역,L41G1,G105,L41G1|G105,걸포북변역,168,168,1757,433,DEPARTURE_TO_DEPARTURE
SL_93451329FB01,L41G1,G105,L41G1|G105,걸포북변역,L41G1,G104,L41G1|G104,운양역,235,235,3135,433,DEPARTURE_TO_DEPARTURE
SL_93451329FB01,L41G1,G104,L41G1|G104,운양역,L41G1,G103,L41G1|G103,장기역,152,152,1703,433,DEPARTURE_TO_DEPARTURE
SL_93451329FB01,L41G1,G103,L41G1|G103,장기역,L41G1,G102,L41G1|G102,마산역,225,226,2239,433,DEPARTURE_TO_DEPARTURE
SL_93451329FB01,L41G1,G102,L41G1|G102,마산역,L41G1,G101,L41G1|G101,구래역,211,211,1459,433,DEPARTURE_TO_DEPARTURE
SL_93451329FB01,L41G1,G101,L41G1|G101,구래역,L41G1,G100,L41G1|G100,양촌역,178,178,1284,168,DEPARTURE_TO_DEPARTURE
SL_1500AD3823C1,S2701,0128,S2701|0128,교대,S2701,0129,S2701|0129,명덕(2.28민주운동기념회관),60,60,699,412,DEPARTURE_TO_ARRIVAL
SL_1500AD3823C1,S2701,0129,S2701|0129,명덕(2.28민주운동기념회관),S2701,0130,S2701|0130,반월당,120,119,756,412,DEPARTURE_TO_ARRIVAL
SL_1500AD3823C1,S2701,0130,S2701|0130,반월당,S2701,0131,S2701|0131,중앙로,60,60,778,412,DEPARTURE_TO_ARRIVAL
SL_1500AD3823C1,S2701,0131,S2701|0131,중앙로,S2701,0132,S2701|0132,대구역,60,60,670,412,DEPARTURE_TO_ARRIVAL
SL_1500AD3823C1,S2701,0132,S2701|0132,대구역,S2701,0133,S2701|0133,칠성시장,120,119,718,412,DEPARTURE_TO_ARRIVAL
SL_1500AD3823C1,S2701,0133,S2701|0133,칠성시장,S2701,0134,S2701|0134,신천(경북대입구),120,119,1128,412,DEPARTURE_TO_ARRIVAL
SL_1500AD3823C1,S2701,0134,S2701|0134,신천(경북대입구),S2701,0135,S2701|0135,동대구역,60,60,957,412,DEPARTURE_TO_ARRIVAL
SL_1500AD3823C1,S2701,0135,S2701|0135,동대구역,S2701,0136,S2701|0136,동구청(큰고개),60,60,892,412,DEPARTURE_TO_ARRIVAL
SL_1500AD3823C1,S2701,0136,S2701|0136,동구청(큰고개),S2701,0137,S2701|0137,아양교(대구국제공항입구),120,119,722,412,DEPARTURE_TO_ARRIVAL
SL_1500AD3823C1,S2701,0137,S2701|0137,아양교(대구국제공항입구),S2701,0138,S2701|0138,동촌(동촌유원지),120,119,989,412,DEPARTURE_TO_ARRIVAL
SL_1500AD3823C1,S2701,0138,S2701|0138,동촌(동촌유원지),S2701,0139,S2701|0139,해안,60,60,817,412,DEPARTURE_TO_ARRIVAL
SL_1500AD3823C1,S2701,0139,S2701|0139,해안,S2701,0140,S2701|0140,방촌,60,61,1053,412,DEPARTURE_TO_ARRIVAL
SL_1500AD3823C1,S2701,0140,S2701|0140,방촌,S2701,0141,S2701|0141,용계,60,61,1126,409,DEPARTURE_TO_ARRIVAL
SL_1500AD3823C1,S2701,0141,S2701|0141,용계,S2701,0142,S2701|0142,율하,60,61,1253,409,DEPARTURE_TO_ARRIVAL
SL_1500AD3823C1,S2701,0142,S2701|0142,율하,S2701,0143,S2701|0143,신기,60,61,872,409,DEPARTURE_TO_ARRIVAL
SL_1500AD3823C1,S2701,0143,S2701|0143,신기,S2701,0144,S2701|0144,반야월,60,60,1080,409,DEPARTURE_TO_ARRIVAL
SL_1500AD3823C1,S2701,0144,S2701|0144,반야월,S2701,0145,S2701|0145,각산,120,119,941,409,DEPARTURE_TO_ARRIVAL
SL_1500AD3823C1,S2701,0145,S2701|0145,각산,S2701,0146,S2701|0146,안심(혁신도시·첨복단지),120,119,971,409,DEPARTURE_TO_ARRIVAL
SL_1500AD3823C1,S2701,0146,S2701|0146,안심(혁신도시·첨복단지),S2701,0147,S2701|0147,대구한의대병원,120,121,1535,213,DEPARTURE_TO_ARRIVAL
SL_1500AD3823C1,S2701,0147,S2701|0147,대구한의대병원,S2701,0148,S2701|0148,부호(경일대·호산대),360,360,5682,213,DEPARTURE_TO_ARRIVAL
SL_1500AD3823C1,S2701,0148,S2701|0148,부호(경일대·호산대),S2701,0149,S2701|0149,하양(대구가톨릭대),180,178,1650,213,DEPARTURE_TO_ARRIVAL
SL_1500AD3823C1,S2701,0140,S2701|0140,방촌,S2701,0139,S2701|0139,해안,60,61,1053,412,DEPARTURE_TO_ARRIVAL
SL_1500AD3823C1,S2701,0139,S2701|0139,해안,S2701,0138,S2701|0138,동촌(동촌유원지),60,60,817,412,DEPARTURE_TO_ARRIVAL
SL_1500AD3823C1,S2701,0138,S2701|0138,동촌(동촌유원지),S2701,0137,S2701|0137,아양교(대구국제공항입구),120,120,989,412,DEPARTURE_TO_ARRIVAL
SL_1500AD3823C1,S2701,0137,S2701|0137,아양교(대구국제공항입구),S2701,0136,S2701|0136,동구청(큰고개),120,119,722,412,DEPARTURE_TO_ARRIVAL
SL_1500AD3823C1,S2701,0136,S2701|0136,동구청(큰고개),S2701,0135,S2701|0135,동대구역,60,60,892,412,DEPARTURE_TO_ARRIVAL
SL_1500AD3823C1,S2701,0135,S2701|0135,동대구역,S2701,0134,S2701|0134,신천(경북대입구),60,60,957,412,DEPARTURE_TO_ARRIVAL
SL_1500AD3823C1,S2701,0134,S2701|0134,신천(경북대입구),S2701,0133,S2701|0133,칠성시장,120,120,1128,412,DEPARTURE_TO_ARRIVAL
SL_1500AD3823C1,S2701,0133,S2701|0133,칠성시장,S2701,0132,S2701|0132,대구역,120,119,718,412,DEPARTURE_TO_ARRIVAL
SL_1500AD3823C1,S2701,0132,S2701|0132,대구역,S2701,0131,S2701|0131,중앙로,60,60,670,412,DEPARTURE_TO_ARRIVAL
SL_1500AD3823C1,S2701,0131,S2701|0131,중앙로,S2701,0130,S2701|0130,반월당,60,60,778,412,DEPARTURE_TO_ARRIVAL
SL_1500AD3823C1,S2701,0130,S2701|0130,반월당,S2701,0129,S2701|0129,명덕(2.28민주운동기념회관),120,119,756,412,DEPARTURE_TO_ARRIVAL
SL_1500AD3823C1,S2701,0129,S2701|0129,명덕(2.28민주운동기념회관),S2701,0128,S2701|0128,교대,60,60,699,412,DEPARTURE_TO_ARRIVAL
SL_1500AD3823C1,S2701,0128,S2701|0128,교대,S2701,0127,S2701|0127,영대병원,60,61,791,409,DEPARTURE_TO_ARRIVAL
SL_1500AD3823C1,S2701,0127,S2701|0127,영대병원,S2701,0126,S2701|0126,현충로,120,119,773,409,DEPARTURE_TO_ARRIVAL
SL_1500AD3823C1,S2701,0126,S2701|0126,현충로,S2701,0125,S2701|0125,안지랑,60,60,640,409,DEPARTURE_TO_ARRIVAL
SL_1500AD3823C1,S2701,0125,S2701|0125,안지랑,S2701,0124,S2701|0124,대명,60,60,786,409,DEPARTURE_TO_ARRIVAL
SL_1500AD3823C1,S2701,0124,S2701|0124,대명,S2701,0123,S2701|0123,서부정류장(관문시장),120,119,772,409,DEPARTURE_TO_ARRIVAL
SL_1500AD3823C1,S2701,0123,S2701|0123,서부정류장(관문시장),S2701,0122,S2701|0122,송현,60,60,844,409,DEPARTURE_TO_ARRIVAL
SL_1500AD3823C1,S2701,0122,S2701|0122,송현,S2701,0121,S2701|0121,월촌,60,60,999,409,DEPARTURE_TO_ARRIVAL
SL_1500AD3823C1,S2701,0121,S2701|0121,월촌,S2701,0120,S2701|0120,상인,120,120,893,409,DEPARTURE_TO_ARRIVAL
SL_1500AD3823C1,S2701,0120,S2701|0120,상인,S2701,0119,S2701|0119,월배,60,60,737,409,DEPARTURE_TO_ARRIVAL
SL_1500AD3823C1,S2701,0119,S2701|0119,월배,S2701,0118,S2701|0118,진천,60,60,744,409,DEPARTURE_TO_ARRIVAL
SL_1500AD3823C1,S2701,0118,S2701|0118,진천,S2701,0117,S2701|0117,대곡(정부대구청사),120,120,1002,409,DEPARTURE_TO_ARRIVAL
SL_1500AD3823C1,S2701,0117,S2701|0117,대곡(정부대구청사),S2701,0116,S2701|0116,화원,120,120,1241,409,DEPARTURE_TO_ARRIVAL
SL_1500AD3823C1,S2701,0116,S2701|0116,화원,S2701,0115,S2701|0115,설화명곡,120,120,1180,409,DEPARTURE_TO_ARRIVAL
SL_1500AD3823C1,S2701,0115,S2701|0115,설화명곡,S2701,0116,S2701|0116,화원,60,61,1180,409,DEPARTURE_TO_ARRIVAL
SL_1500AD3823C1,S2701,0116,S2701|0116,화원,S2701,0117,S2701|0117,대곡(정부대구청사),120,120,1241,409,DEPARTURE_TO_ARRIVAL
SL_1500AD3823C1,S2701,0117,S2701|0117,대곡(정부대구청사),S2701,0118,S2701|0118,진천,120,120,1002,409,DEPARTURE_TO_ARRIVAL
SL_1500AD3823C1,S2701,0118,S2701|0118,진천,S2701,0119,S2701|0119,월배,60,60,744,409,DEPARTURE_TO_ARRIVAL
SL_1500AD3823C1,S2701,0119,S2701|0119,월배,S2701,0120,S2701|0120,상인,60,60,737,409,DEPARTURE_TO_ARRIVAL
SL_1500AD3823C1,S2701,0120,S2701|0120,상인,S2701,0121,S2701|0121,월촌,120,120,893,409,DEPARTURE_TO_ARRIVAL
SL_1500AD3823C1,S2701,0121,S2701|0121,월촌,S2701,0122,S2701|0122,송현,60,60,999,409,DEPARTURE_TO_ARRIVAL
SL_1500AD3823C1,S2701,0122,S2701|0122,송현,S2701,0123,S2701|0123,서부정류장(관문시장),60,60,844,409,DEPARTURE_TO_ARRIVAL
SL_1500AD3823C1,S2701,0123,S2701|0123,서부정류장(관문시장),S2701,0124,S2701|0124,대명,120,119,772,409,DEPARTURE_TO_ARRIVAL
SL_1500AD3823C1,S2701,0124,S2701|0124,대명,S2701,0125,S2701|0125,안지랑,60,60,786,409,DEPARTURE_TO_ARRIVAL
SL_1500AD3823C1,S2701,0125,S2701|0125,안지랑,S2701,0126,S2701|0126,현충로,60,60,640,409,DEPARTURE_TO_ARRIVAL
SL_1500AD3823C1,S2701,0126,S2701|0126,현충로,S2701,0127,S2701|0127,영대병원,120,119,773,409,DEPARTURE_TO_ARRIVAL
SL_1500AD3823C1,S2701,0127,S2701|0127,영대병원,S2701,0128,S2701|0128,교대,60,60,791,409,DEPARTURE_TO_ARRIVAL
SL_1500AD3823C1,S2701,0146,S2701|0146,안심(혁신도시·첨복단지),S2701,0145,S2701|0145,각산,60,60,971,409,DEPARTURE_TO_ARRIVAL
SL_1500AD3823C1,S2701,0145,S2701|0145,각산,S2701,0144,S2701|0144,반야월,120,119,941,409,DEPARTURE_TO_ARRIVAL
SL_1500AD3823C1,S2701,0144,S2701|0144,반야월,S2701,0143,S2701|0143,신기,120,120,1080,409,DEPARTURE_TO_ARRIVAL
SL_1500AD3823C1,S2701,0143,S2701|0143,신기,S2701,0142,S2701|0142,율하,60,61,872,409,DEPARTURE_TO_ARRIVAL
SL_1500AD3823C1,S2701,0142,S2701|0142,율하,S2701,0141,S2701|0141,용계,60,61,1253,409,DEPARTURE_TO_ARRIVAL
SL_1500AD3823C1,S2701,0141,S2701|0141,용계,S2701,0140,S2701|0140,방촌,60,61,1126,409,DEPARTURE_TO_ARRIVAL
SL_1500AD3823C1,S2701,0149,S2701|0149,하양(대구가톨릭대),S2701,0148,S2701|0148,부호(경일대·호산대),120,120,1650,207,DEPARTURE_TO_ARRIVAL
SL_1500AD3823C1,S2701,0148,S2701|0148,부호(경일대·호산대),S2701,0147,S2701|0147,대구한의대병원,360,360,5682,207,DEPARTURE_TO_ARRIVAL
SL_1500AD3823C1,S2701,0147,S2701|0147,대구한의대병원,S2701,0146,S2701|0146,안심(혁신도시·첨복단지),120,121,1535,207,DEPARTURE_TO_ARRIVAL
SL_310F3C654984,S2702,0222,S2702|0222,이곡,S2702,0223,S2702|0223,용산(서부법원․검찰청입구),120,120,1183,412,DEPARTURE_TO_ARRIVAL
SL_310F3C654984,S2702,0223,S2702|0223,용산(서부법원․검찰청입구),S2702,0224,S2702|0224,죽전,120,120,762,412,DEPARTURE_TO_ARRIVAL
SL_310F3C654984,S2702,0224,S2702|0224,죽전,S2702,0225,S2702|0225,감삼,120,119,1070,412,DEPARTURE_TO_ARRIVAL
SL_310F3C654984,S2702,0225,S2702|0225,감삼,S2702,0226,S2702|0226,두류,60,60,758,412,DEPARTURE_TO_ARRIVAL
SL_310F3C654984,S2702,0226,S2702|0226,두류,S2702,0227,S2702|0227,내당,60,60,882,412,DEPARTURE_TO_ARRIVAL
SL_310F3C654984,S2702,0227,S2702|0227,내당,S2702,0228,S2702|0228,반고개,120,119,777,412,DEPARTURE_TO_ARRIVAL
SL_310F3C654984,S2702,0228,S2702|0228,반고개,S2702,0229,S2702|0229,청라언덕,60,60,908,412,DEPARTURE_TO_ARRIVAL
SL_310F3C654984,S2702,0229,S2702|0229,청라언덕,S2702,0230,S2702|0230,반월당,60,60,994,412,DEPARTURE_TO_ARRIVAL
SL_310F3C654984,S2702,0230,S2702|0230,반월당,S2702,0231,S2702|0231,경대병원,60,60,928,412,DEPARTURE_TO_ARRIVAL
SL_310F3C654984,S2702,0231,S2702|0231,경대병원,S2702,0232,S2702|0232,대구은행(대구교육청),60,61,1039,412,DEPARTURE_TO_ARRIVAL
SL_310F3C654984,S2702,0232,S2702|0232,대구은행(대구교육청),S2702,0233,S2702|0233,범어,60,60,1060,412,DEPARTURE_TO_ARRIVAL
SL_310F3C654984,S2702,0233,S2702|0233,범어,S2702,0234,S2702|0234,수성구청(KBS),120,120,925,412,DEPARTURE_TO_ARRIVAL
SL_310F3C654984,S2702,0234,S2702|0234,수성구청(KBS),S2702,0235,S2702|0235,만촌,120,120,811,409,DEPARTURE_TO_ARRIVAL
SL_310F3C654984,S2702,0235,S2702|0235,만촌,S2702,0236,S2702|0236,담티(수성대·대륜),60,60,941,409,DEPARTURE_TO_ARRIVAL
SL_310F3C654984,S2702,0236,S2702|0236,담티(수성대·대륜),S2702,0237,S2702|0237,연호,120,120,1845,409,DEPARTURE_TO_ARRIVAL
SL_310F3C654984,S2702,0237,S2702|0237,연호,S2702,0238,S2702|0238,수성알파시티(삼성라이온즈파크),120,120,846,409,DEPARTURE_TO_ARRIVAL
SL_310F3C654984,S2702,0238,S2702|0238,수성알파시티(삼성라이온즈파크),S2702,0239,S2702|0239,고산,120,120,1205,409,DEPARTURE_TO_ARRIVAL
SL_310F3C654984,S2702,0239,S2702|0239,고산,S2702,0240,S2702|0240,신매,120,120,1077,409,DEPARTURE_TO_ARRIVAL
SL_310F3C654984,S2702,0240,S2702|0240,신매,S2702,0241,S2702|0241,사월,120,120,1007,409,DEPARTURE_TO_ARRIVAL
SL_310F3C654984,S2702,0241,S2702|0241,사월,S2702,0242,S2702|0242,정평,120,120,1264,409,DEPARTURE_TO_ARRIVAL
SL_310F3C654984,S2702,0242,S2702|0242,정평,S2702,0243,S2702|0243,임당,60,60,1116,409,DEPARTURE_TO_ARRIVAL
SL_310F3C654984,S2702,0243,S2702|0243,임당,S2702,0244,S2702|0244,영남대,120,120,1100,409,DEPARTURE_TO_ARRIVAL
SL_310F3C654984,S2702,0234,S2702|0234,수성구청(KBS),S2702,0233,S2702|0233,범어,120,119,925,412,DEPARTURE_TO_ARRIVAL
SL_310F3C654984,S2702,0233,S2702|0233,범어,S2702,0232,S2702|0232,대구은행(대구교육청),60,60,1060,412,DEPARTURE_TO_ARRIVAL
SL_310F3C654984,S2702,0232,S2702|0232,대구은행(대구교육청),S2702,0231,S2702|0231,경대병원,120,120,1039,412,DEPARTURE_TO_ARRIVAL
SL_310F3C654984,S2702,0231,S2702|0231,경대병원,S2702,0230,S2702|0230,반월당,60,60,928,412,DEPARTURE_TO_ARRIVAL
SL_310F3C654984,S2702,0230,S2702|0230,반월당,S2702,0229,S2702|0229,청라언덕,60,61,994,412,DEPARTURE_TO_ARRIVAL
SL_310F3C654984,S2702,0229,S2702|0229,청라언덕,S2702,0228,S2702|0228,반고개,60,60,908,412,DEPARTURE_TO_ARRIVAL
SL_310F3C654984,S2702,0228,S2702|0228,반고개,S2702,0227,S2702|0227,내당,120,119,777,412,DEPARTURE_TO_ARRIVAL
SL_310F3C654984,S2702,0227,S2702|0227,내당,S2702,0226,S2702|0226,두류,60,60,882,412,DEPARTURE_TO_ARRIVAL
SL_310F3C654984,S2702,0226,S2702|0226,두류,S2702,0225,S2702|0225,감삼,60,60,758,412,DEPARTURE_TO_ARRIVAL
SL_310F3C654984,S2702,0225,S2702|0225,감삼,S2702,0224,S2702|0224,죽전,60,60,1070,412,DEPARTURE_TO_ARRIVAL
SL_310F3C654984,S2702,0224,S2702|0224,죽전,S2702,0223,S2702|0223,용산(서부법원․검찰청입구),120,119,762,412,DEPARTURE_TO_ARRIVAL
SL_310F3C654984,S2702,0223,S2702|0223,용산(서부법원․검찰청입구),S2702,0222,S2702|0222,이곡,120,120,1183,412,DEPARTURE_TO_ARRIVAL
SL_310F3C654984,S2702,0222,S2702|0222,이곡,S2702,0221,S2702|0221,성서산업단지,120,120,787,409,DEPARTURE_TO_ARRIVAL
SL_310F3C654984,S2702,0221,S2702|0221,성서산업단지,S2702,0220,S2702|0220,계명대,120,120,1370,409,DEPARTURE_TO_ARRIVAL
SL_310F3C654984,S2702,0220,S2702|0220,계명대,S2702,0219,S2702|0219,강창,120,120,1183,409,DEPARTURE_TO_ARRIVAL
SL_310F3C654984,S2702,0219,S2702|0219,강창,S2702,0218,S2702|0218,대실,120,120,1293,409,DEPARTURE_TO_ARRIVAL
SL_310F3C654984,S2702,0218,S2702|0218,대실,S2702,0217,S2702|0217,다사,120,120,1075,409,DEPARTURE_TO_ARRIVAL
SL_310F3C654984,S2702,0217,S2702|0217,다사,S2702,0216,S2702|0216,문양,240,240,1920,409,DEPARTURE_TO_ARRIVAL
SL_310F3C654984,S2702,0216,S2702|0216,문양,S2702,0217,S2702|0217,다사,180,180,1920,409,DEPARTURE_TO_ARRIVAL
SL_310F3C654984,S2702,0217,S2702|0217,다사,S2702,0218,S2702|0218,대실,120,120,1075,409,DEPARTURE_TO_ARRIVAL
SL_310F3C654984,S2702,0218,S2702|0218,대실,S2702,0219,S2702|0219,강창,120,120,1293,409,DEPARTURE_TO_ARRIVAL
SL_310F3C654984,S2702,0219,S2702|0219,강창,S2702,0220,S2702|0220,계명대,120,120,1183,409,DEPARTURE_TO_ARRIVAL
SL_310F3C654984,S2702,0220,S2702|0220,계명대,S2702,0221,S2702|0221,성서산업단지,120,120,1370,409,DEPARTURE_TO_ARRIVAL
SL_310F3C654984,S2702,0221,S2702|0221,성서산업단지,S2702,0222,S2702|0222,이곡,60,60,787,409,DEPARTURE_TO_ARRIVAL
SL_310F3C654984,S2702,0244,S2702|0244,영남대,S2702,0243,S2702|0243,임당,60,60,1100,409,DEPARTURE_TO_ARRIVAL
SL_310F3C654984,S2702,0243,S2702|0243,임당,S2702,0242,S2702|0242,정평,60,60,1116,409,DEPARTURE_TO_ARRIVAL
SL_310F3C654984,S2702,0242,S2702|0242,정평,S2702,0241,S2702|0241,사월,60,60,1264,409,DEPARTURE_TO_ARRIVAL
SL_310F3C654984,S2702,0241,S2702|0241,사월,S2702,0240,S2702|0240,신매,60,60,1007,409,DEPARTURE_TO_ARRIVAL
SL_310F3C654984,S2702,0240,S2702|0240,신매,S2702,0239,S2702|0239,고산,120,120,1077,409,DEPARTURE_TO_ARRIVAL
SL_310F3C654984,S2702,0239,S2702|0239,고산,S2702,0238,S2702|0238,수성알파시티(삼성라이온즈파크),120,120,1205,409,DEPARTURE_TO_ARRIVAL
SL_310F3C654984,S2702,0238,S2702|0238,수성알파시티(삼성라이온즈파크),S2702,0237,S2702|0237,연호,120,120,846,409,DEPARTURE_TO_ARRIVAL
SL_310F3C654984,S2702,0237,S2702|0237,연호,S2702,0236,S2702|0236,담티(수성대·대륜),120,120,1845,409,DEPARTURE_TO_ARRIVAL
SL_310F3C654984,S2702,0236,S2702|0236,담티(수성대·대륜),S2702,0235,S2702|0235,만촌,60,60,941,409,DEPARTURE_TO_ARRIVAL
SL_310F3C654984,S2702,0235,S2702|0235,만촌,S2702,0234,S2702|0234,수성구청(KBS),60,60,811,409,DEPARTURE_TO_ARRIVAL
SL_C328BFA28000,S2703,0312,S2703|0312,칠곡경대병원,S2703,0313,S2703|0313,학정,60,60,762,444,DEPARTURE_TO_ARRIVAL
SL_C328BFA28000,S2703,0313,S2703|0313,학정,S2703,0314,S2703|0314,팔거(국립농관원통계청),60,60,838,444,DEPARTURE_TO_ARRIVAL
SL_C328BFA28000,S2703,0314,S2703|0314,팔거(국립농관원통계청),S2703,0315,S2703|0315,동천,60,60,721,444,DEPARTURE_TO_ARRIVAL
SL_C328BFA28000,S2703,0315,S2703|0315,동천,S2703,0316,S2703|0316,칠곡운암,60,60,722,444,DEPARTURE_TO_ARRIVAL
SL_C328BFA28000,S2703,0316,S2703|0316,칠곡운암,S2703,0317,S2703|0317,구암(과학대보건대입구),60,60,739,444,DEPARTURE_TO_ARRIVAL
SL_C328BFA28000,S2703,0317,S2703|0317,구암(과학대보건대입구),S2703,0318,S2703|0318,태전,60,60,731,444,DEPARTURE_TO_ARRIVAL
SL_C328BFA28000,S2703,0318,S2703|0318,태전,S2703,0319,S2703|0319,매천,60,60,854,444,DEPARTURE_TO_ARRIVAL
SL_C328BFA28000,S2703,0319,S2703|0319,매천,S2703,0320,S2703|0320,매천시장,60,60,938,444,DEPARTURE_TO_ARRIVAL
SL_C328BFA28000,S2703,0320,S2703|0320,매천시장,S2703,0321,S2703|0321,팔달,60,60,747,444,DEPARTURE_TO_ARRIVAL
SL_C328BFA28000,S2703,0321,S2703|0321,팔달,S2703,0322,S2703|0322,공단,120,120,887,444,DEPARTURE_TO_ARRIVAL
SL_C328BFA28000,S2703,0322,S2703|0322,공단,S2703,0323,S2703|0323,만평,60,60,707,444,DEPARTURE_TO_ARRIVAL
SL_C328BFA28000,S2703,0323,S2703|0323,만평,S2703,0324,S2703|0324,팔달시장,60,60,630,444,DEPARTURE_TO_ARRIVAL
SL_C328BFA28000,S2703,0324,S2703|0324,팔달시장,S2703,0325,S2703|0325,원대,60,60,597,444,DEPARTURE_TO_ARRIVAL
SL_C328BFA28000,S2703,0325,S2703|0325,원대,S2703,0326,S2703|0326,"북구청
(대구iM뱅크파크)",120,120,780,444,DEPARTURE_TO_ARRIVAL
SL_C328BFA28000,S2703,0326,S2703|0326,"북구청
(대구iM뱅크파크)",S2703,0327,S2703|0327,달성공원,120,120,901,444,DEPARTURE_TO_ARRIVAL
SL_C328BFA28000,S2703,0327,S2703|0327,달성공원,S2703,0328,S2703|0328,서문시장(동산병원),60,60,675,444,DEPARTURE_TO_ARRIVAL
SL_C328BFA28000,S2703,0332,S2703|0332,건들바위,S2703,0333,S2703|0333,대봉교,60,60,603,444,DEPARTURE_TO_ARRIVAL
SL_C328BFA28000,S2703,0333,S2703|0333,대봉교,S2703,0334,S2703|0334,수성시장,120,120,874,444,DEPARTURE_TO_ARRIVAL
SL_C328BFA28000,S2703,0334,S2703|0334,수성시장,S2703,0335,S2703|0335,수성구민운동장,120,120,847,444,DEPARTURE_TO_ARRIVAL
SL_C328BFA28000,S2703,0335,S2703|0335,수성구민운동장,S2703,0336,S2703|0336,어린이세상,60,60,807,444,DEPARTURE_TO_ARRIVAL
SL_C328BFA28000,S2703,0336,S2703|0336,어린이세상,S2703,0337,S2703|0337,황금,60,60,679,444,DEPARTURE_TO_ARRIVAL
SL_C328BFA28000,S2703,0337,S2703|0337,황금,S2703,0338,S2703|0338,수성못(TBC),60,60,861,444,DEPARTURE_TO_ARRIVAL
SL_C328BFA28000,S2703,0338,S2703|0338,수성못(TBC),S2703,0339,S2703|0339,지산,120,120,1047,444,DEPARTURE_TO_ARRIVAL
SL_C328BFA28000,S2703,0339,S2703|0339,지산,S2703,0340,S2703|0340,범물,60,60,878,444,DEPARTURE_TO_ARRIVAL
SL_C328BFA28000,S2703,0340,S2703|0340,범물,S2703,0341,S2703|0341,용지,60,60,646,444,DEPARTURE_TO_ARRIVAL
SL_C328BFA28000,S2703,0341,S2703|0341,용지,S2703,0340,S2703|0340,범물,60,60,646,444,DEPARTURE_TO_ARRIVAL
SL_C328BFA28000,S2703,0340,S2703|0340,범물,S2703,0339,S2703|0339,지산,120,120,878,444,DEPARTURE_TO_ARRIVAL
SL_C328BFA28000,S2703,0339,S2703|0339,지산,S2703,0338,S2703|0338,수성못(TBC),120,120,1047,444,DEPARTURE_TO_ARRIVAL
SL_C328BFA28000,S2703,0338,S2703|0338,수성못(TBC),S2703,0337,S2703|0337,황금,60,60,861,444,DEPARTURE_TO_ARRIVAL
SL_C328BFA28000,S2703,0337,S2703|0337,황금,S2703,0336,S2703|0336,어린이세상,60,60,679,444,DEPARTURE_TO_ARRIVAL
SL_C328BFA28000,S2703,0336,S2703|0336,어린이세상,S2703,0335,S2703|0335,수성구민운동장,60,60,807,444,DEPARTURE_TO_ARRIVAL
SL_C328BFA28000,S2703,0335,S2703|0335,수성구민운동장,S2703,0328,S2703|0328,서문시장(동산병원),720,720,4315,444,DEPARTURE_TO_ARRIVAL
SL_C328BFA28000,S2703,0328,S2703|0328,서문시장(동산병원),S2703,0327,S2703|0327,달성공원,60,60,675,444,DEPARTURE_TO_ARRIVAL
SL_C328BFA28000,S2703,0327,S2703|0327,달성공원,S2703,0326,S2703|0326,"북구청
(대구iM뱅크파크)",60,60,901,444,DEPARTURE_TO_ARRIVAL
SL_C328BFA28000,S2703,0326,S2703|0326,"북구청
(대구iM뱅크파크)",S2703,0325,S2703|0325,원대,60,60,780,444,DEPARTURE_TO_ARRIVAL
SL_C328BFA28000,S2703,0325,S2703|0325,원대,S2703,0324,S2703|0324,팔달시장,60,60,597,444,DEPARTURE_TO_ARRIVAL
SL_C328BFA28000,S2703,0324,S2703|0324,팔달시장,S2703,0323,S2703|0323,만평,60,60,630,444,DEPARTURE_TO_ARRIVAL
SL_C328BFA28000,S2703,0323,S2703|0323,만평,S2703,0322,S2703|0322,공단,120,120,707,444,DEPARTURE_TO_ARRIVAL
SL_C328BFA28000,S2703,0322,S2703|0322,공단,S2703,0321,S2703|0321,팔달,60,60,887,444,DEPARTURE_TO_ARRIVAL
SL_C328BFA28000,S2703,0321,S2703|0321,팔달,S2703,0320,S2703|0320,매천시장,60,60,747,444,DEPARTURE_TO_ARRIVAL
SL_C328BFA28000,S2703,0320,S2703|0320,매천시장,S2703,0319,S2703|0319,매천,120,120,938,444,DEPARTURE_TO_ARRIVAL
SL_C328BFA28000,S2703,0319,S2703|0319,매천,S2703,0318,S2703|0318,태전,120,120,854,444,DEPARTURE_TO_ARRIVAL
SL_C328BFA28000,S2703,0318,S2703|0318,태전,S2703,0317,S2703|0317,구암(과학대보건대입구),60,60,731,444,DEPARTURE_TO_ARRIVAL
SL_C328BFA28000,S2703,0317,S2703|0317,구암(과학대보건대입구),S2703,0316,S2703|0316,칠곡운암,60,60,739,444,DEPARTURE_TO_ARRIVAL
SL_C328BFA28000,S2703,0316,S2703|0316,칠곡운암,S2703,0315,S2703|0315,동천,60,60,722,444,DEPARTURE_TO_ARRIVAL
SL_C328BFA28000,S2703,0315,S2703|0315,동천,S2703,0314,S2703|0314,팔거(국립농관원통계청),60,60,721,444,DEPARTURE_TO_ARRIVAL
SL_C328BFA28000,S2703,0314,S2703|0314,팔거(국립농관원통계청),S2703,0313,S2703|0313,학정,60,60,838,444,DEPARTURE_TO_ARRIVAL
SL_C328BFA28000,S2703,0313,S2703|0313,학정,S2703,0312,S2703|0312,칠곡경대병원,60,60,762,444,DEPARTURE_TO_ARRIVAL
SL_035A73FB3875,S3001,112,S3001|112,정부청사,S3001,111,S3001|111,시청,120,120,839,228,DEPARTURE_TO_DEPARTURE
SL_035A73FB3875,S3001,111,S3001|111,시청,S3001,110,S3001|110,탄방,120,119,719,228,DEPARTURE_TO_DEPARTURE
SL_035A73FB3875,S3001,110,S3001|110,탄방,S3001,109,S3001|109,용문,120,121,1117,228,DEPARTURE_TO_DEPARTURE
SL_035A73FB3875,S3001,109,S3001|109,용문,S3001,108,S3001|108,오룡,120,120,1503,228,DEPARTURE_TO_DEPARTURE
SL_035A73FB3875,S3001,108,S3001|108,오룡,S3001,107,S3001|107,서대전네거리,120,120,958,228,DEPARTURE_TO_DEPARTURE
SL_035A73FB3875,S3001,107,S3001|107,서대전네거리,S3001,106,S3001|106,중구청,120,120,691,228,DEPARTURE_TO_DEPARTURE
SL_035A73FB3875,S3001,106,S3001|106,중구청,S3001,105,S3001|105,중앙로,120,120,701,228,DEPARTURE_TO_DEPARTURE
SL_035A73FB3875,S3001,105,S3001|105,중앙로,S3001,104,S3001|104,대전,120,119,728,228,DEPARTURE_TO_DEPARTURE
SL_035A73FB3875,S3001,104,S3001|104,대전,S3001,103,S3001|103,대동,120,120,901,228,DEPARTURE_TO_DEPARTURE
SL_035A73FB3875,S3001,103,S3001|103,대동,S3001,102,S3001|102,신흥,120,120,1221,228,DEPARTURE_TO_DEPARTURE
SL_035A73FB3875,S3001,102,S3001|102,신흥,S3001,101,S3001|101,판암,120,119,902,228,DEPARTURE_TO_DEPARTURE
SL_035A73FB3875,S3001,117,S3001|117,구암,S3001,116,S3001|116,유성온천,120,120,1011,228,DEPARTURE_TO_DEPARTURE
SL_035A73FB3875,S3001,116,S3001|116,유성온천,S3001,115,S3001|115,갑천,120,120,1163,228,DEPARTURE_TO_DEPARTURE
SL_035A73FB3875,S3001,115,S3001|115,갑천,S3001,114,S3001|114,월평,120,120,978,228,DEPARTURE_TO_DEPARTURE
SL_035A73FB3875,S3001,114,S3001|114,월평,S3001,113,S3001|113,갈마,60,60,743,228,DEPARTURE_TO_DEPARTURE
SL_035A73FB3875,S3001,113,S3001|113,갈마,S3001,112,S3001|112,정부청사,120,120,754,228,DEPARTURE_TO_DEPARTURE
SL_035A73FB3875,S3001,122,S3001|122,반석,S3001,121,S3001|121,지족,120,120,995,226,DEPARTURE_TO_DEPARTURE
SL_035A73FB3875,S3001,121,S3001|121,지족,S3001,120,S3001|120,노은,120,120,1117,226,DEPARTURE_TO_DEPARTURE
SL_035A73FB3875,S3001,120,S3001|120,노은,S3001,119,S3001|119,월드컵경기장,60,60,815,226,DEPARTURE_TO_DEPARTURE
SL_035A73FB3875,S3001,119,S3001|119,월드컵경기장,S3001,118,S3001|118,현충원,120,120,928,226,DEPARTURE_TO_DEPARTURE
SL_035A73FB3875,S3001,118,S3001|118,현충원,S3001,117,S3001|117,구암,120,120,875,226,DEPARTURE_TO_DEPARTURE
SL_035A73FB3875,S3001,101,S3001|101,판암,S3001,102,S3001|102,신흥,120,120,902,226,DEPARTURE_TO_DEPARTURE
SL_035A73FB3875,S3001,102,S3001|102,신흥,S3001,103,S3001|103,대동,120,120,1221,226,DEPARTURE_TO_DEPARTURE
SL_035A73FB3875,S3001,103,S3001|103,대동,S3001,104,S3001|104,대전,120,123,901,226,DEPARTURE_TO_DEPARTURE
SL_035A73FB3875,S3001,104,S3001|104,대전,S3001,105,S3001|105,중앙로,120,120,728,226,DEPARTURE_TO_DEPARTURE
SL_035A73FB3875,S3001,105,S3001|105,중앙로,S3001,106,S3001|106,중구청,60,60,701,225,DEPARTURE_TO_DEPARTURE
SL_035A73FB3875,S3001,106,S3001|106,중구청,S3001,107,S3001|107,서대전네거리,120,120,691,226,DEPARTURE_TO_DEPARTURE
SL_035A73FB3875,S3001,107,S3001|107,서대전네거리,S3001,108,S3001|108,오룡,120,119,958,228,DEPARTURE_TO_DEPARTURE
SL_035A73FB3875,S3001,108,S3001|108,오룡,S3001,109,S3001|109,용문,120,121,1503,228,DEPARTURE_TO_DEPARTURE
SL_035A73FB3875,S3001,109,S3001|109,용문,S3001,110,S3001|110,탄방,180,179,1117,228,DEPARTURE_TO_DEPARTURE
SL_035A73FB3875,S3001,110,S3001|110,탄방,S3001,111,S3001|111,시청,60,61,719,228,DEPARTURE_TO_DEPARTURE
SL_035A73FB3875,S3001,111,S3001|111,시청,S3001,112,S3001|112,정부청사,120,120,839,228,DEPARTURE_TO_DEPARTURE
SL_035A73FB3875,S3001,112,S3001|112,정부청사,S3001,113,S3001|113,갈마,120,119,754,230,DEPARTURE_TO_DEPARTURE
SL_035A73FB3875,S3001,113,S3001|113,갈마,S3001,114,S3001|114,월평,120,120,743,230,DEPARTURE_TO_DEPARTURE
SL_035A73FB3875,S3001,114,S3001|114,월평,S3001,115,S3001|115,갑천,120,120,978,230,DEPARTURE_TO_DEPARTURE
SL_035A73FB3875,S3001,115,S3001|115,갑천,S3001,116,S3001|116,유성온천,120,120,1163,230,DEPARTURE_TO_DEPARTURE
SL_035A73FB3875,S3001,116,S3001|116,유성온천,S3001,117,S3001|117,구암,120,120,1011,230,DEPARTURE_TO_DEPARTURE
SL_035A73FB3875,S3001,117,S3001|117,구암,S3001,118,S3001|118,현충원,60,61,875,230,DEPARTURE_TO_DEPARTURE
SL_035A73FB3875,S3001,118,S3001|118,현충원,S3001,119,S3001|119,월드컵경기장,120,120,928,230,DEPARTURE_TO_DEPARTURE
SL_035A73FB3875,S3001,119,S3001|119,월드컵경기장,S3001,120,S3001|120,노은,120,119,815,230,DEPARTURE_TO_DEPARTURE
SL_035A73FB3875,S3001,120,S3001|120,노은,S3001,121,S3001|121,지족,120,120,1117,230,DEPARTURE_TO_DEPARTURE
SL_035A73FB3875,S3001,121,S3001|121,지족,S3001,122,S3001|122,반석,120,120,995,230,DEPARTURE_TO_DEPARTURE
SL_BFAC24E0343C,S2601,0134,S2601|0134,노포,S2601,0133,S2601|0133,범어사,120,120,1162,503,DEPARTURE_TO_DEPARTURE
SL_BFAC24E0343C,S2601,0133,S2601|0133,범어사,S2601,0132,S2601|0132,남산,120,120,895,503,DEPARTURE_TO_DEPARTURE
SL_BFAC24E0343C,S2601,0132,S2601|0132,남산,S2601,0131,S2601|0131,두실,60,71,933,503,DEPARTURE_TO_DEPARTURE
SL_BFAC24E0343C,S2601,0131,S2601|0131,두실,S2601,0130,S2601|0130,구서,120,120,1060,503,DEPARTURE_TO_DEPARTURE
SL_BFAC24E0343C,S2601,0130,S2601|0130,구서,S2601,0129,S2601|0129,장전,120,120,1081,503,DEPARTURE_TO_DEPARTURE
SL_BFAC24E0343C,S2601,0129,S2601|0129,장전,S2601,0128,S2601|0128,부산대,120,109,905,503,DEPARTURE_TO_DEPARTURE
SL_BFAC24E0343C,S2601,0128,S2601|0128,부산대,S2601,0127,S2601|0127,온천장,120,120,1079,503,DEPARTURE_TO_DEPARTURE
SL_BFAC24E0343C,S2601,0127,S2601|0127,온천장,S2601,0126,S2601|0126,명륜,120,120,1136,503,DEPARTURE_TO_DEPARTURE
SL_BFAC24E0343C,S2601,0126,S2601|0126,명륜,S2601,0125,S2601|0125,동래,120,120,746,503,DEPARTURE_TO_DEPARTURE
SL_BFAC24E0343C,S2601,0125,S2601|0125,동래,S2601,0124,S2601|0124,교대,120,120,1091,503,DEPARTURE_TO_DEPARTURE
SL_BFAC24E0343C,S2601,0124,S2601|0124,교대,S2601,0123,S2601|0123,연산,120,121,1091,503,DEPARTURE_TO_DEPARTURE
SL_BFAC24E0343C,S2601,0123,S2601|0123,연산,S2601,0122,S2601|0122,시청(연제),60,72,843,503,DEPARTURE_TO_DEPARTURE
SL_BFAC24E0343C,S2601,0122,S2601|0122,시청(연제),S2601,0121,S2601|0121,양정,120,120,894,503,DEPARTURE_TO_DEPARTURE
SL_BFAC24E0343C,S2601,0121,S2601|0121,양정,S2601,0120,S2601|0120,부전,120,120,1399,503,DEPARTURE_TO_DEPARTURE
SL_BFAC24E0343C,S2601,0120,S2601|0120,부전,S2601,0119,S2601|0119,서면,120,121,619,503,DEPARTURE_TO_DEPARTURE
SL_BFAC24E0343C,S2601,0119,S2601|0119,서면,S2601,0118,S2601|0118,범내골,120,120,1174,503,DEPARTURE_TO_DEPARTURE
SL_BFAC24E0343C,S2601,0118,S2601|0118,범내골,S2601,0117,S2601|0117,범일,120,109,649,503,DEPARTURE_TO_DEPARTURE
SL_BFAC24E0343C,S2601,0117,S2601|0117,범일,S2601,0116,S2601|0116,좌천,120,120,935,503,DEPARTURE_TO_DEPARTURE
SL_BFAC24E0343C,S2601,0116,S2601|0116,좌천,S2601,0115,S2601|0115,부산진,120,119,918,503,DEPARTURE_TO_DEPARTURE
SL_BFAC24E0343C,S2601,0115,S2601|0115,부산진,S2601,0114,S2601|0114,초량,60,72,862,503,DEPARTURE_TO_DEPARTURE
SL_BFAC24E0343C,S2601,0114,S2601|0114,초량,S2601,0113,S2601|0113,부산역,120,109,712,503,DEPARTURE_TO_DEPARTURE
SL_BFAC24E0343C,S2601,0113,S2601|0113,부산역,S2601,0112,S2601|0112,중앙,120,119,1302,503,DEPARTURE_TO_DEPARTURE
SL_BFAC24E0343C,S2601,0112,S2601|0112,중앙,S2601,0111,S2601|0111,남포,120,120,696,503,DEPARTURE_TO_DEPARTURE
SL_BFAC24E0343C,S2601,0111,S2601|0111,남포,S2601,0110,S2601|0110,자갈치,60,72,708,503,DEPARTURE_TO_DEPARTURE
SL_BFAC24E0343C,S2601,0110,S2601|0110,자갈치,S2601,0109,S2601|0109,토성,180,168,754,503,DEPARTURE_TO_DEPARTURE
SL_BFAC24E0343C,S2601,0109,S2601|0109,토성,S2601,0108,S2601|0108,동대신,120,132,1099,503,DEPARTURE_TO_DEPARTURE
SL_BFAC24E0343C,S2601,0108,S2601|0108,동대신,S2601,0107,S2601|0107,서대신,180,180,513,503,DEPARTURE_TO_DEPARTURE
SL_BFAC24E0343C,S2601,0107,S2601|0107,서대신,S2601,0106,S2601|0106,대티,120,120,1408,503,DEPARTURE_TO_DEPARTURE
SL_BFAC24E0343C,S2601,0106,S2601|0106,대티,S2601,0105,S2601|0105,괴정,120,108,740,503,DEPARTURE_TO_DEPARTURE
SL_BFAC24E0343C,S2601,0105,S2601|0105,괴정,S2601,0104,S2601|0104,사하,120,120,835,503,DEPARTURE_TO_DEPARTURE
SL_BFAC24E0343C,S2601,0104,S2601|0104,사하,S2601,0103,S2601|0103,당리,60,72,925,503,DEPARTURE_TO_DEPARTURE
SL_BFAC24E0343C,S2601,0103,S2601|0103,당리,S2601,0102,S2601|0102,하단,120,120,749,503,DEPARTURE_TO_DEPARTURE
SL_BFAC24E0343C,S2601,0102,S2601|0102,하단,S2601,0101,S2601|0101,신평,180,168,1298,500,DEPARTURE_TO_DEPARTURE
SL_BFAC24E0343C,S2601,0101,S2601|0101,신평,S2601,0100,S2601|0100,동매,180,180,1382,539,DEPARTURE_TO_DEPARTURE
SL_BFAC24E0343C,S2601,0100,S2601|0100,동매,S2601,0099,S2601|0099,장림,120,131,966,539,DEPARTURE_TO_DEPARTURE
SL_BFAC24E0343C,S2601,0099,S2601|0099,장림,S2601,0098,S2601|0098,신장림,120,109,818,539,DEPARTURE_TO_DEPARTURE
SL_BFAC24E0343C,S2601,0098,S2601|0098,신장림,S2601,0097,S2601|0097,낫개,120,131,1046,539,DEPARTURE_TO_DEPARTURE
SL_BFAC24E0343C,S2601,0097,S2601|0097,낫개,S2601,0096,S2601|0096,다대포항,120,120,1173,539,DEPARTURE_TO_DEPARTURE
SL_BFAC24E0343C,S2601,0095,S2601|0095,다대포해수욕장,S2601,0096,S2601|0096,다대포항,120,130,1114,493,DEPARTURE_TO_DEPARTURE
SL_BFAC24E0343C,S2601,0096,S2601|0096,다대포항,S2601,0097,S2601|0097,낫개,120,120,1173,493,DEPARTURE_TO_DEPARTURE
SL_BFAC24E0343C,S2601,0097,S2601|0097,낫개,S2601,0098,S2601|0098,신장림,120,120,1046,493,DEPARTURE_TO_DEPARTURE
SL_BFAC24E0343C,S2601,0098,S2601|0098,신장림,S2601,0099,S2601|0099,장림,120,120,818,493,DEPARTURE_TO_DEPARTURE
SL_BFAC24E0343C,S2601,0099,S2601|0099,장림,S2601,0100,S2601|0100,동매,120,120,966,493,DEPARTURE_TO_DEPARTURE
SL_BFAC24E0343C,S2601,0100,S2601|0100,동매,S2601,0101,S2601|0101,신평,240,230,1382,493,DEPARTURE_TO_DEPARTURE
SL_BFAC24E0343C,S2601,0101,S2601|0101,신평,S2601,0102,S2601|0102,하단,120,130,1298,504,DEPARTURE_TO_DEPARTURE
SL_BFAC24E0343C,S2601,0102,S2601|0102,하단,S2601,0103,S2601|0103,당리,120,120,749,504,DEPARTURE_TO_DEPARTURE
SL_BFAC24E0343C,S2601,0103,S2601|0103,당리,S2601,0104,S2601|0104,사하,120,110,925,504,DEPARTURE_TO_DEPARTURE
SL_BFAC24E0343C,S2601,0104,S2601|0104,사하,S2601,0105,S2601|0105,괴정,120,120,835,504,DEPARTURE_TO_DEPARTURE
SL_BFAC24E0343C,S2601,0105,S2601|0105,괴정,S2601,0106,S2601|0106,대티,60,70,740,504,DEPARTURE_TO_DEPARTURE
SL_BFAC24E0343C,S2601,0106,S2601|0106,대티,S2601,0107,S2601|0107,서대신,120,120,1408,504,DEPARTURE_TO_DEPARTURE
SL_BFAC24E0343C,S2601,0107,S2601|0107,서대신,S2601,0108,S2601|0108,동대신,180,170,513,504,DEPARTURE_TO_DEPARTURE
SL_BFAC24E0343C,S2601,0108,S2601|0108,동대신,S2601,0109,S2601|0109,토성,120,131,1099,504,DEPARTURE_TO_DEPARTURE
SL_BFAC24E0343C,S2601,0109,S2601|0109,토성,S2601,0110,S2601|0110,자갈치,180,169,754,504,DEPARTURE_TO_DEPARTURE
SL_BFAC24E0343C,S2601,0110,S2601|0110,자갈치,S2601,0111,S2601|0111,남포,60,71,708,504,DEPARTURE_TO_DEPARTURE
SL_BFAC24E0343C,S2601,0111,S2601|0111,남포,S2601,0112,S2601|0112,중앙,120,120,696,504,DEPARTURE_TO_DEPARTURE
SL_BFAC24E0343C,S2601,0112,S2601|0112,중앙,S2601,0113,S2601|0113,부산역,120,120,1302,504,DEPARTURE_TO_DEPARTURE
SL_BFAC24E0343C,S2601,0113,S2601|0113,부산역,S2601,0114,S2601|0114,초량,120,110,712,504,DEPARTURE_TO_DEPARTURE
SL_BFAC24E0343C,S2601,0114,S2601|0114,초량,S2601,0115,S2601|0115,부산진,120,120,862,504,DEPARTURE_TO_DEPARTURE
SL_BFAC24E0343C,S2601,0115,S2601|0115,부산진,S2601,0116,S2601|0116,좌천,60,71,918,504,DEPARTURE_TO_DEPARTURE
SL_BFAC24E0343C,S2601,0116,S2601|0116,좌천,S2601,0117,S2601|0117,범일,120,119,935,504,DEPARTURE_TO_DEPARTURE
SL_BFAC24E0343C,S2601,0117,S2601|0117,범일,S2601,0118,S2601|0118,범내골,120,110,649,504,DEPARTURE_TO_DEPARTURE
SL_BFAC24E0343C,S2601,0118,S2601|0118,범내골,S2601,0119,S2601|0119,서면,120,132,1174,504,DEPARTURE_TO_DEPARTURE
SL_BFAC24E0343C,S2601,0119,S2601|0119,서면,S2601,0120,S2601|0120,부전,120,110,619,504,DEPARTURE_TO_DEPARTURE
SL_BFAC24E0343C,S2601,0120,S2601|0120,부전,S2601,0121,S2601|0121,양정,120,120,1399,504,DEPARTURE_TO_DEPARTURE
SL_BFAC24E0343C,S2601,0121,S2601|0121,양정,S2601,0122,S2601|0122,시청(연제),120,120,894,504,DEPARTURE_TO_DEPARTURE
SL_BFAC24E0343C,S2601,0122,S2601|0122,시청(연제),S2601,0123,S2601|0123,연산,120,121,843,504,DEPARTURE_TO_DEPARTURE
SL_BFAC24E0343C,S2601,0123,S2601|0123,연산,S2601,0124,S2601|0124,교대,120,120,1091,504,DEPARTURE_TO_DEPARTURE
SL_BFAC24E0343C,S2601,0124,S2601|0124,교대,S2601,0125,S2601|0125,동래,120,120,1091,504,DEPARTURE_TO_DEPARTURE
SL_BFAC24E0343C,S2601,0125,S2601|0125,동래,S2601,0126,S2601|0126,명륜,60,70,746,504,DEPARTURE_TO_DEPARTURE
SL_BFAC24E0343C,S2601,0126,S2601|0126,명륜,S2601,0127,S2601|0127,온천장,120,120,1136,504,DEPARTURE_TO_DEPARTURE
SL_BFAC24E0343C,S2601,0127,S2601|0127,온천장,S2601,0128,S2601|0128,부산대,120,120,1079,504,DEPARTURE_TO_DEPARTURE
SL_BFAC24E0343C,S2601,0128,S2601|0128,부산대,S2601,0129,S2601|0129,장전,120,110,905,504,DEPARTURE_TO_DEPARTURE
SL_BFAC24E0343C,S2601,0129,S2601|0129,장전,S2601,0130,S2601|0130,구서,120,120,1081,504,DEPARTURE_TO_DEPARTURE
SL_BFAC24E0343C,S2601,0130,S2601|0130,구서,S2601,0131,S2601|0131,두실,120,120,1060,504,DEPARTURE_TO_DEPARTURE
SL_BFAC24E0343C,S2601,0131,S2601|0131,두실,S2601,0132,S2601|0132,남산,60,70,933,504,DEPARTURE_TO_DEPARTURE
SL_BFAC24E0343C,S2601,0132,S2601|0132,남산,S2601,0133,S2601|0133,범어사,120,120,895,504,DEPARTURE_TO_DEPARTURE
SL_669DDAD57BBE,S2602,0232,S2602|0232,구명,S2602,0231,S2602|0231,구남,60,70,751,479,DEPARTURE_TO_DEPARTURE
SL_669DDAD57BBE,S2602,0231,S2602|0231,구남,S2602,0230,S2602|0230,모라,120,120,978,479,DEPARTURE_TO_DEPARTURE
SL_669DDAD57BBE,S2602,0230,S2602|0230,모라,S2602,0229,S2602|0229,모덕,120,120,1071,479,DEPARTURE_TO_DEPARTURE
SL_669DDAD57BBE,S2602,0229,S2602|0229,모덕,S2602,0228,S2602|0228,덕포,120,110,747,479,DEPARTURE_TO_DEPARTURE
SL_669DDAD57BBE,S2602,0228,S2602|0228,덕포,S2602,0227,S2602|0227,사상,120,130,1292,479,DEPARTURE_TO_DEPARTURE
SL_669DDAD57BBE,S2602,0227,S2602|0227,사상,S2602,0226,S2602|0226,감전,120,120,945,479,DEPARTURE_TO_DEPARTURE
SL_669DDAD57BBE,S2602,0226,S2602|0226,감전,S2602,0225,S2602|0225,주례,120,120,1220,479,DEPARTURE_TO_DEPARTURE
SL_669DDAD57BBE,S2602,0225,S2602|0225,주례,S2602,0224,S2602|0224,냉정,120,120,842,479,DEPARTURE_TO_DEPARTURE
SL_669DDAD57BBE,S2602,0224,S2602|0224,냉정,S2602,0223,S2602|0223,개금,120,110,785,479,DEPARTURE_TO_DEPARTURE
SL_669DDAD57BBE,S2602,0223,S2602|0223,개금,S2602,0222,S2602|0222,동의대,120,120,1090,479,DEPARTURE_TO_DEPARTURE
SL_669DDAD57BBE,S2602,0222,S2602|0222,동의대,S2602,0221,S2602|0221,가야,60,70,960,479,DEPARTURE_TO_DEPARTURE
SL_669DDAD57BBE,S2602,0221,S2602|0221,가야,S2602,0220,S2602|0220,부암,120,111,691,479,DEPARTURE_TO_DEPARTURE
SL_669DDAD57BBE,S2602,0220,S2602|0220,부암,S2602,0219,S2602|0219,서면,120,131,757,479,DEPARTURE_TO_DEPARTURE
SL_669DDAD57BBE,S2602,0219,S2602|0219,서면,S2602,0218,S2602|0218,전포,180,170,801,476,DEPARTURE_TO_DEPARTURE
SL_669DDAD57BBE,S2602,0216,S2602|0216,문현,S2602,0215,S2602|0215,지게골,120,120,748,476,DEPARTURE_TO_DEPARTURE
SL_669DDAD57BBE,S2602,0215,S2602|0215,지게골,S2602,0214,S2602|0214,못골,120,120,920,476,DEPARTURE_TO_DEPARTURE
SL_669DDAD57BBE,S2602,0214,S2602|0214,못골,S2602,0213,S2602|0213,대연,60,70,707,476,DEPARTURE_TO_DEPARTURE
SL_669DDAD57BBE,S2602,0213,S2602|0213,대연,S2602,0212,S2602|0212,경성대·부경대,120,120,808,476,DEPARTURE_TO_DEPARTURE
SL_669DDAD57BBE,S2602,0212,S2602|0212,경성대·부경대,S2602,0211,S2602|0211,남천,120,110,847,476,DEPARTURE_TO_DEPARTURE
SL_669DDAD57BBE,S2602,0211,S2602|0211,남천,S2602,0210,S2602|0210,금련산,60,70,902,476,DEPARTURE_TO_DEPARTURE
SL_669DDAD57BBE,S2602,0210,S2602|0210,금련산,S2602,0209,S2602|0209,광안,120,120,915,476,DEPARTURE_TO_DEPARTURE
SL_669DDAD57BBE,S2602,0209,S2602|0209,광안,S2602,0208,S2602|0208,수영,120,120,887,476,DEPARTURE_TO_DEPARTURE
SL_669DDAD57BBE,S2602,0208,S2602|0208,수영,S2602,0207,S2602|0207,민락,120,120,659,476,DEPARTURE_TO_DEPARTURE
SL_669DDAD57BBE,S2602,0207,S2602|0207,민락,S2602,0206,S2602|0206,센텀시티,180,170,918,476,DEPARTURE_TO_DEPARTURE
SL_669DDAD57BBE,S2602,0206,S2602|0206,센텀시티,S2602,0205,S2602|0205,벡스코,60,70,606,476,DEPARTURE_TO_DEPARTURE
SL_669DDAD57BBE,S2602,0205,S2602|0205,벡스코,S2602,0204,S2602|0204,동백,120,120,1209,476,DEPARTURE_TO_DEPARTURE
SL_669DDAD57BBE,S2602,0204,S2602|0204,동백,S2602,0203,S2602|0203,해운대,120,120,999,476,DEPARTURE_TO_DEPARTURE
SL_669DDAD57BBE,S2602,0203,S2602|0203,해운대,S2602,0202,S2602|0202,중동,120,120,999,476,DEPARTURE_TO_DEPARTURE
SL_669DDAD57BBE,S2602,0218,S2602|0218,전포,S2602,0219,S2602|0219,서면,180,182,801,479,DEPARTURE_TO_DEPARTURE
SL_669DDAD57BBE,S2602,0219,S2602|0219,서면,S2602,0220,S2602|0220,부암,60,70,757,479,DEPARTURE_TO_DEPARTURE
SL_669DDAD57BBE,S2602,0220,S2602|0220,부암,S2602,0221,S2602|0221,가야,120,110,691,479,DEPARTURE_TO_DEPARTURE
SL_669DDAD57BBE,S2602,0221,S2602|0221,가야,S2602,0222,S2602|0222,동의대,120,120,960,479,DEPARTURE_TO_DEPARTURE
SL_669DDAD57BBE,S2602,0222,S2602|0222,동의대,S2602,0223,S2602|0223,개금,60,71,1090,479,DEPARTURE_TO_DEPARTURE
SL_669DDAD57BBE,S2602,0223,S2602|0223,개금,S2602,0224,S2602|0224,냉정,120,120,785,479,DEPARTURE_TO_DEPARTURE
SL_669DDAD57BBE,S2602,0224,S2602|0224,냉정,S2602,0225,S2602|0225,주례,120,110,842,479,DEPARTURE_TO_DEPARTURE
SL_669DDAD57BBE,S2602,0225,S2602|0225,주례,S2602,0226,S2602|0226,감전,120,120,1220,479,DEPARTURE_TO_DEPARTURE
SL_669DDAD57BBE,S2602,0226,S2602|0226,감전,S2602,0227,S2602|0227,사상,120,129,945,479,DEPARTURE_TO_DEPARTURE
SL_669DDAD57BBE,S2602,0227,S2602|0227,사상,S2602,0228,S2602|0228,덕포,180,170,1292,479,DEPARTURE_TO_DEPARTURE
SL_669DDAD57BBE,S2602,0228,S2602|0228,덕포,S2602,0229,S2602|0229,모덕,60,70,747,479,DEPARTURE_TO_DEPARTURE
SL_669DDAD57BBE,S2602,0229,S2602|0229,모덕,S2602,0230,S2602|0230,모라,120,110,1071,479,DEPARTURE_TO_DEPARTURE
SL_669DDAD57BBE,S2602,0230,S2602|0230,모라,S2602,0231,S2602|0231,구남,120,120,978,479,DEPARTURE_TO_DEPARTURE
SL_669DDAD57BBE,S2602,0231,S2602|0231,구남,S2602,0232,S2602|0232,구명,60,70,751,479,DEPARTURE_TO_DEPARTURE
SL_669DDAD57BBE,S2602,0232,S2602|0232,구명,S2602,0233,S2602|0233,덕천,180,181,1005,479,DEPARTURE_TO_DEPARTURE
SL_669DDAD57BBE,S2602,0233,S2602|0233,덕천,S2602,0234,S2602|0234,수정,180,170,1515,479,DEPARTURE_TO_DEPARTURE
SL_669DDAD57BBE,S2602,0234,S2602|0234,수정,S2602,0235,S2602|0235,화명,120,130,1452,479,DEPARTURE_TO_DEPARTURE
SL_669DDAD57BBE,S2602,0235,S2602|0235,화명,S2602,0236,S2602|0236,율리,120,120,1212,479,DEPARTURE_TO_DEPARTURE
SL_669DDAD57BBE,S2602,0236,S2602|0236,율리,S2602,0237,S2602|0237,동원,120,120,1326,479,DEPARTURE_TO_DEPARTURE
SL_669DDAD57BBE,S2602,0237,S2602|0237,동원,S2602,0238,S2602|0238,금곡,120,119,1047,479,DEPARTURE_TO_DEPARTURE
SL_669DDAD57BBE,S2602,0238,S2602|0238,금곡,S2602,0239,S2602|0239,호포,180,170,1521,420,DEPARTURE_TO_DEPARTURE
SL_669DDAD57BBE,S2602,0239,S2602|0239,호포,S2602,0240,S2602|0240,증산,240,251,3104,457,DEPARTURE_TO_DEPARTURE
SL_669DDAD57BBE,S2602,0240,S2602|0240,증산,S2602,0241,S2602|0241,부산대양산캠퍼스,120,119,1019,457,DEPARTURE_TO_DEPARTURE
SL_669DDAD57BBE,S2602,0241,S2602|0241,부산대양산캠퍼스,S2602,0242,S2602|0242,남양산,120,120,1059,457,DEPARTURE_TO_DEPARTURE
SL_669DDAD57BBE,S2602,0239,S2602|0239,호포,S2602,0238,S2602|0238,금곡,120,130,1521,476,DEPARTURE_TO_DEPARTURE
SL_669DDAD57BBE,S2602,0238,S2602|0238,금곡,S2602,0237,S2602|0237,동원,120,110,1047,476,DEPARTURE_TO_DEPARTURE
SL_669DDAD57BBE,S2602,0237,S2602|0237,동원,S2602,0236,S2602|0236,율리,120,129,1326,476,DEPARTURE_TO_DEPARTURE
SL_669DDAD57BBE,S2602,0236,S2602|0236,율리,S2602,0235,S2602|0235,화명,120,120,1212,476,DEPARTURE_TO_DEPARTURE
SL_669DDAD57BBE,S2602,0235,S2602|0235,화명,S2602,0234,S2602|0234,수정,180,170,1452,476,DEPARTURE_TO_DEPARTURE
SL_669DDAD57BBE,S2602,0234,S2602|0234,수정,S2602,0233,S2602|0233,덕천,120,133,1515,476,DEPARTURE_TO_DEPARTURE
SL_669DDAD57BBE,S2602,0233,S2602|0233,덕천,S2602,0232,S2602|0232,구명,180,170,1005,476,DEPARTURE_TO_DEPARTURE
SL_669DDAD57BBE,S2602,0209,S2602|0209,광안,S2602,0210,S2602|0210,금련산,120,120,915,476,DEPARTURE_TO_DEPARTURE
SL_669DDAD57BBE,S2602,0210,S2602|0210,금련산,S2602,0211,S2602|0211,남천,120,111,902,476,DEPARTURE_TO_DEPARTURE
SL_669DDAD57BBE,S2602,0211,S2602|0211,남천,S2602,0212,S2602|0212,경성대·부경대,120,119,847,476,DEPARTURE_TO_DEPARTURE
SL_669DDAD57BBE,S2602,0212,S2602|0212,경성대·부경대,S2602,0213,S2602|0213,대연,60,70,808,476,DEPARTURE_TO_DEPARTURE
SL_669DDAD57BBE,S2602,0213,S2602|0213,대연,S2602,0214,S2602|0214,못골,120,110,707,476,DEPARTURE_TO_DEPARTURE
SL_669DDAD57BBE,S2602,0214,S2602|0214,못골,S2602,0215,S2602|0215,지게골,120,119,920,476,DEPARTURE_TO_DEPARTURE
SL_669DDAD57BBE,S2602,0215,S2602|0215,지게골,S2602,0216,S2602|0216,문현,60,70,748,476,DEPARTURE_TO_DEPARTURE
SL_669DDAD57BBE,S2602,0243,S2602|0243,양산,S2602,0242,S2602|0242,남양산,120,129,1598,445,DEPARTURE_TO_DEPARTURE
SL_669DDAD57BBE,S2602,0242,S2602|0242,남양산,S2602,0241,S2602|0241,부산대양산캠퍼스,120,120,1059,445,DEPARTURE_TO_DEPARTURE
SL_669DDAD57BBE,S2602,0241,S2602|0241,부산대양산캠퍼스,S2602,0240,S2602|0240,증산,120,120,1019,445,DEPARTURE_TO_DEPARTURE
SL_669DDAD57BBE,S2602,0240,S2602|0240,증산,S2602,0239,S2602|0239,호포,300,291,3104,445,DEPARTURE_TO_DEPARTURE
SL_669DDAD57BBE,S2602,0201,S2602|0201,장산,S2602,0202,S2602|0202,중동,60,70,821,476,DEPARTURE_TO_DEPARTURE
SL_669DDAD57BBE,S2602,0202,S2602|0202,중동,S2602,0203,S2602|0203,해운대,120,120,999,476,DEPARTURE_TO_DEPARTURE
SL_669DDAD57BBE,S2602,0203,S2602|0203,해운대,S2602,0204,S2602|0204,동백,120,120,999,476,DEPARTURE_TO_DEPARTURE
SL_669DDAD57BBE,S2602,0204,S2602|0204,동백,S2602,0205,S2602|0205,벡스코,120,120,1209,476,DEPARTURE_TO_DEPARTURE
SL_669DDAD57BBE,S2602,0205,S2602|0205,벡스코,S2602,0206,S2602|0206,센텀시티,120,110,606,476,DEPARTURE_TO_DEPARTURE
SL_669DDAD57BBE,S2602,0206,S2602|0206,센텀시티,S2602,0207,S2602|0207,민락,120,120,918,476,DEPARTURE_TO_DEPARTURE
SL_669DDAD57BBE,S2602,0207,S2602|0207,민락,S2602,0208,S2602|0208,수영,180,180,659,476,DEPARTURE_TO_DEPARTURE
SL_669DDAD57BBE,S2602,0208,S2602|0208,수영,S2602,0209,S2602|0209,광안,60,70,887,473,DEPARTURE_TO_DEPARTURE
SL_D2AA9565CC28,S2603,0317,S2603|0317,대저,S2603,0316,S2603|0316,체육공원,60,89,751,452,DEPARTURE_TO_DEPARTURE
SL_D2AA9565CC28,S2603,0316,S2603|0316,체육공원,S2603,0315,S2603|0315,강서구청,120,91,1174,452,DEPARTURE_TO_DEPARTURE
SL_D2AA9565CC28,S2603,0315,S2603|0315,강서구청,S2603,0314,S2603|0314,구포,180,180,1427,452,DEPARTURE_TO_DEPARTURE
SL_D2AA9565CC28,S2603,0314,S2603|0314,구포,S2603,0313,S2603|0313,덕천,120,151,934,452,DEPARTURE_TO_DEPARTURE
SL_D2AA9565CC28,S2603,0313,S2603|0313,덕천,S2603,0312,S2603|0312,숙등,120,90,686,452,DEPARTURE_TO_DEPARTURE
SL_D2AA9565CC28,S2603,0312,S2603|0312,숙등,S2603,0311,S2603|0311,남산정,120,94,1026,452,DEPARTURE_TO_DEPARTURE
SL_D2AA9565CC28,S2603,0311,S2603|0311,남산정,S2603,0310,S2603|0310,만덕,120,116,1143,452,DEPARTURE_TO_DEPARTURE
SL_D2AA9565CC28,S2603,0310,S2603|0310,만덕,S2603,0309,S2603|0309,미남,300,271,2986,452,DEPARTURE_TO_DEPARTURE
SL_D2AA9565CC28,S2603,0309,S2603|0309,미남,S2603,0308,S2603|0308,사직,120,119,774,452,DEPARTURE_TO_DEPARTURE
SL_D2AA9565CC28,S2603,0308,S2603|0308,사직,S2603,0307,S2603|0307,종합운동장,120,120,891,452,DEPARTURE_TO_DEPARTURE
SL_D2AA9565CC28,S2603,0307,S2603|0307,종합운동장,S2603,0306,S2603|0306,거제,60,90,656,452,DEPARTURE_TO_DEPARTURE
SL_D2AA9565CC28,S2603,0306,S2603|0306,거제,S2603,0305,S2603|0305,연산,120,123,736,452,DEPARTURE_TO_DEPARTURE
SL_D2AA9565CC28,S2603,0305,S2603|0305,연산,S2603,0304,S2603|0304,물만골,120,120,1108,452,DEPARTURE_TO_DEPARTURE
SL_D2AA9565CC28,S2603,0304,S2603|0304,물만골,S2603,0303,S2603|0303,배산,120,120,960,452,DEPARTURE_TO_DEPARTURE
SL_D2AA9565CC28,S2603,0303,S2603|0303,배산,S2603,0302,S2603|0302,망미,120,120,1177,452,DEPARTURE_TO_DEPARTURE
SL_D2AA9565CC28,S2603,0301,S2603|0301,수영,S2603,0302,S2603|0302,망미,120,120,715,452,DEPARTURE_TO_DEPARTURE
SL_D2AA9565CC28,S2603,0302,S2603|0302,망미,S2603,0303,S2603|0303,배산,120,120,1177,452,DEPARTURE_TO_DEPARTURE
SL_D2AA9565CC28,S2603,0303,S2603|0303,배산,S2603,0304,S2603|0304,물만골,120,148,960,452,DEPARTURE_TO_DEPARTURE
SL_D2AA9565CC28,S2603,0304,S2603|0304,물만골,S2603,0305,S2603|0305,연산,120,127,1108,452,DEPARTURE_TO_DEPARTURE
SL_D2AA9565CC28,S2603,0305,S2603|0305,연산,S2603,0306,S2603|0306,거제,120,115,736,452,DEPARTURE_TO_DEPARTURE
SL_D2AA9565CC28,S2603,0306,S2603|0306,거제,S2603,0307,S2603|0307,종합운동장,60,88,656,452,DEPARTURE_TO_DEPARTURE
SL_D2AA9565CC28,S2603,0307,S2603|0307,종합운동장,S2603,0308,S2603|0308,사직,120,97,891,452,DEPARTURE_TO_DEPARTURE
SL_D2AA9565CC28,S2603,0308,S2603|0308,사직,S2603,0309,S2603|0309,미남,120,120,774,452,DEPARTURE_TO_DEPARTURE
SL_D2AA9565CC28,S2603,0309,S2603|0309,미남,S2603,0310,S2603|0310,만덕,240,266,2986,452,DEPARTURE_TO_DEPARTURE
SL_D2AA9565CC28,S2603,0310,S2603|0310,만덕,S2603,0311,S2603|0311,남산정,120,120,1143,452,DEPARTURE_TO_DEPARTURE
SL_D2AA9565CC28,S2603,0311,S2603|0311,남산정,S2603,0312,S2603|0312,숙등,120,120,1026,452,DEPARTURE_TO_DEPARTURE
SL_D2AA9565CC28,S2603,0312,S2603|0312,숙등,S2603,0313,S2603|0313,덕천,120,95,686,452,DEPARTURE_TO_DEPARTURE
SL_D2AA9565CC28,S2603,0313,S2603|0313,덕천,S2603,0314,S2603|0314,구포,120,123,934,452,DEPARTURE_TO_DEPARTURE
SL_D2AA9565CC28,S2603,0314,S2603|0314,구포,S2603,0315,S2603|0315,강서구청,180,177,1427,452,DEPARTURE_TO_DEPARTURE
SL_D2AA9565CC28,S2603,0315,S2603|0315,강서구청,S2603,0316,S2603|0316,체육공원,120,120,1174,452,DEPARTURE_TO_DEPARTURE
SL_B1F662AB4558,L2604,0414,L2604|0414,안평,L2604,0413,L2604|0413,고촌,120,120,1039,442,DEPARTURE_TO_DEPARTURE
SL_B1F662AB4558,L2604,0413,L2604|0413,고촌,L2604,0412,L2604|0412,윗반송,120,120,707,442,DEPARTURE_TO_DEPARTURE
SL_B1F662AB4558,L2604,0412,L2604|0412,윗반송,L2604,0411,L2604|0411,영산대,120,120,1033,442,DEPARTURE_TO_DEPARTURE
SL_B1F662AB4558,L2604,0411,L2604|0411,영산대,L2604,0410,L2604|0410,석대,120,121,1170,442,DEPARTURE_TO_DEPARTURE
SL_B1F662AB4558,L2604,0410,L2604|0410,석대,L2604,0409,L2604|0409,반여농산물시장,120,120,1200,442,DEPARTURE_TO_DEPARTURE
SL_B1F662AB4558,L2604,0409,L2604|0409,반여농산물시장,L2604,0408,L2604|0408,금사,120,119,828,442,DEPARTURE_TO_DEPARTURE
SL_B1F662AB4558,L2604,0408,L2604|0408,금사,L2604,0407,L2604|0407,서동,120,120,735,442,DEPARTURE_TO_DEPARTURE
SL_B1F662AB4558,L2604,0407,L2604|0407,서동,L2604,0406,L2604|0406,명장,120,121,1074,442,DEPARTURE_TO_DEPARTURE
SL_B1F662AB4558,L2604,0406,L2604|0406,명장,L2604,0405,L2604|0405,충렬사,120,119,679,442,DEPARTURE_TO_DEPARTURE
SL_B1F662AB4558,L2604,0405,L2604|0405,충렬사,L2604,0404,L2604|0404,낙민,60,61,625,442,DEPARTURE_TO_DEPARTURE
SL_B1F662AB4558,L2604,0404,L2604|0404,낙민,L2604,0403,L2604|0403,수안,120,119,660,442,DEPARTURE_TO_DEPARTURE
SL_B1F662AB4558,L2604,0403,L2604|0403,수안,L2604,0402,L2604|0402,동래,120,120,659,442,DEPARTURE_TO_DEPARTURE
SL_B1F662AB4558,L2604,0401,L2604|0401,미남,L2604,0402,L2604|0402,동래,120,120,817,442,DEPARTURE_TO_DEPARTURE
SL_B1F662AB4558,L2604,0402,L2604|0402,동래,L2604,0403,L2604|0403,수안,120,118,659,442,DEPARTURE_TO_DEPARTURE
SL_B1F662AB4558,L2604,0403,L2604|0403,수안,L2604,0404,L2604|0404,낙민,60,67,660,442,DEPARTURE_TO_DEPARTURE
SL_B1F662AB4558,L2604,0404,L2604|0404,낙민,L2604,0405,L2604|0405,충렬사,120,115,625,442,DEPARTURE_TO_DEPARTURE
SL_B1F662AB4558,L2604,0405,L2604|0405,충렬사,L2604,0406,L2604|0406,명장,60,65,679,442,DEPARTURE_TO_DEPARTURE
SL_B1F662AB4558,L2604,0406,L2604|0406,명장,L2604,0407,L2604|0407,서동,180,175,1074,442,DEPARTURE_TO_DEPARTURE
SL_B1F662AB4558,L2604,0407,L2604|0407,서동,L2604,0408,L2604|0408,금사,60,68,735,442,DEPARTURE_TO_DEPARTURE
SL_B1F662AB4558,L2604,0408,L2604|0408,금사,L2604,0409,L2604|0409,반여농산물시장,120,117,828,442,DEPARTURE_TO_DEPARTURE
SL_B1F662AB4558,L2604,0409,L2604|0409,반여농산물시장,L2604,0410,L2604|0410,석대,120,120,1200,442,DEPARTURE_TO_DEPARTURE
SL_B1F662AB4558,L2604,0410,L2604|0410,석대,L2604,0411,L2604|0411,영산대,180,175,1170,442,DEPARTURE_TO_DEPARTURE
SL_B1F662AB4558,L2604,0411,L2604|0411,영산대,L2604,0412,L2604|0412,윗반송,120,125,1033,442,DEPARTURE_TO_DEPARTURE
SL_B1F662AB4558,L2604,0412,L2604|0412,윗반송,L2604,0413,L2604|0413,고촌,120,115,707,442,DEPARTURE_TO_DEPARTURE
SL_8A8C2141F5AC,L48B1,0021,L48B1|0021,가야대,L48B1,0020,L48B1|0020,장신대,120,116,819,197,DEPARTURE_TO_ARRIVAL
SL_8A8C2141F5AC,L48B1,0020,L48B1|0020,장신대,L48B1,0019,L48B1|0019,연지공원,180,163,1118,197,DEPARTURE_TO_ARRIVAL
SL_8A8C2141F5AC,L48B1,0019,L48B1|0019,연지공원,L48B1,0018,L48B1|0018,박물관,120,103,1092,197,DEPARTURE_TO_ARRIVAL
SL_8A8C2141F5AC,L48B1,0018,L48B1|0018,박물관,L48B1,0017,L48B1|0017,수로왕릉,60,72,806,197,DEPARTURE_TO_ARRIVAL
SL_8A8C2141F5AC,L48B1,0017,L48B1|0017,수로왕릉,L48B1,0016,L48B1|0016,봉황,60,60,648,197,DEPARTURE_TO_ARRIVAL
SL_8A8C2141F5AC,L48B1,0016,L48B1|0016,봉황,L48B1,0015,L48B1|0015,부원,120,91,876,197,DEPARTURE_TO_ARRIVAL
SL_8A8C2141F5AC,L48B1,0015,L48B1|0015,부원,L48B1,0014,L48B1|0014,김해시청,60,60,596,197,DEPARTURE_TO_ARRIVAL
SL_8A8C2141F5AC,L48B1,0014,L48B1|0014,김해시청,L48B1,0013,L48B1|0013,인제대,60,72,1035,197,DEPARTURE_TO_ARRIVAL
SL_8A8C2141F5AC,L48B1,0013,L48B1|0013,인제대,L48B1,0012,L48B1|0012,김해대학,60,86,1264,197,DEPARTURE_TO_ARRIVAL
SL_8A8C2141F5AC,L48B1,0012,L48B1|0012,김해대학,L48B1,0011,L48B1|0011,지내,60,77,755,197,DEPARTURE_TO_ARRIVAL
SL_8A8C2141F5AC,L48B1,0011,L48B1|0011,지내,L48B1,0010,L48B1|0010,불암,60,72,704,197,DEPARTURE_TO_ARRIVAL
SL_8A8C2141F5AC,L48B1,0010,L48B1|0010,불암,L48B1,0009,L48B1|0009,대사,120,91,1079,197,DEPARTURE_TO_ARRIVAL
SL_8A8C2141F5AC,L48B1,0009,L48B1|0009,대사,L48B1,0008,L48B1|0008,평강,120,100,1194,197,DEPARTURE_TO_ARRIVAL
SL_8A8C2141F5AC,L48B1,0008,L48B1|0008,평강,L48B1,0007,L48B1|0007,대저,60,77,892,197,DEPARTURE_TO_ARRIVAL
SL_8A8C2141F5AC,L48B1,0007,L48B1|0007,대저,L48B1,0006,L48B1|0006,등구,120,145,1902,197,DEPARTURE_TO_ARRIVAL
SL_8A8C2141F5AC,L48B1,0006,L48B1|0006,등구,L48B1,0005,L48B1|0005,덕두,120,126,1790,197,DEPARTURE_TO_ARRIVAL
SL_8A8C2141F5AC,L48B1,0005,L48B1|0005,덕두,L48B1,0004,L48B1|0004,공항,120,120,1233,197,DEPARTURE_TO_ARRIVAL
SL_8A8C2141F5AC,L48B1,0004,L48B1|0004,공항,L48B1,0003,L48B1|0003,서부산유통지구,60,89,838,197,DEPARTURE_TO_ARRIVAL
SL_8A8C2141F5AC,L48B1,0003,L48B1|0003,서부산유통지구,L48B1,0002,L48B1|0002,괘법르네시떼,120,143,2101,197,DEPARTURE_TO_ARRIVAL
SL_8A8C2141F5AC,L48B1,0002,L48B1|0002,괘법르네시떼,L48B1,0001,L48B1|0001,사상,60,80,758,197,DEPARTURE_TO_ARRIVAL
SL_8A8C2141F5AC,L48B1,0001,L48B1|0001,사상,L48B1,0002,L48B1|0002,괘법르네시떼,60,81,758,197,DEPARTURE_TO_DEPARTURE
SL_8A8C2141F5AC,L48B1,0002,L48B1|0002,괘법르네시떼,L48B1,0003,L48B1|0003,서부산유통지구,180,192,2101,197,DEPARTURE_TO_DEPARTURE
SL_8A8C2141F5AC,L48B1,0003,L48B1|0003,서부산유통지구,L48B1,0004,L48B1|0004,공항,120,120,838,197,DEPARTURE_TO_DEPARTURE
SL_8A8C2141F5AC,L48B1,0004,L48B1|0004,공항,L48B1,0005,L48B1|0005,덕두,180,151,1233,197,DEPARTURE_TO_DEPARTURE
SL_8A8C2141F5AC,L48B1,0005,L48B1|0005,덕두,L48B1,0006,L48B1|0006,등구,120,149,1790,197,DEPARTURE_TO_DEPARTURE
SL_8A8C2141F5AC,L48B1,0006,L48B1|0006,등구,L48B1,0007,L48B1|0007,대저,180,180,1902,197,DEPARTURE_TO_DEPARTURE
SL_8A8C2141F5AC,L48B1,0007,L48B1|0007,대저,L48B1,0008,L48B1|0008,평강,120,108,892,197,DEPARTURE_TO_DEPARTURE
SL_8A8C2141F5AC,L48B1,0008,L48B1|0008,평강,L48B1,0009,L48B1|0009,대사,120,115,1194,197,DEPARTURE_TO_DEPARTURE
SL_8A8C2141F5AC,L48B1,0009,L48B1|0009,대사,L48B1,0010,L48B1|0010,불암,120,108,1079,197,DEPARTURE_TO_DEPARTURE
SL_8A8C2141F5AC,L48B1,0010,L48B1|0010,불암,L48B1,0011,L48B1|0011,지내,60,77,704,197,DEPARTURE_TO_DEPARTURE
SL_8A8C2141F5AC,L48B1,0011,L48B1|0011,지내,L48B1,0012,L48B1|0012,김해대학,120,103,755,197,DEPARTURE_TO_DEPARTURE
SL_8A8C2141F5AC,L48B1,0012,L48B1|0012,김해대학,L48B1,0013,L48B1|0013,인제대,120,116,1264,197,DEPARTURE_TO_DEPARTURE
SL_8A8C2141F5AC,L48B1,0013,L48B1|0013,인제대,L48B1,0014,L48B1|0014,김해시청,120,93,1035,197,DEPARTURE_TO_DEPARTURE
SL_8A8C2141F5AC,L48B1,0014,L48B1|0014,김해시청,L48B1,0015,L48B1|0015,부원,120,91,596,197,DEPARTURE_TO_DEPARTURE
SL_8A8C2141F5AC,L48B1,0015,L48B1|0015,부원,L48B1,0016,L48B1|0016,봉황,120,120,876,197,DEPARTURE_TO_DEPARTURE
SL_8A8C2141F5AC,L48B1,0016,L48B1|0016,봉황,L48B1,0017,L48B1|0017,수로왕릉,60,72,648,197,DEPARTURE_TO_DEPARTURE
SL_8A8C2141F5AC,L48B1,0017,L48B1|0017,수로왕릉,L48B1,0018,L48B1|0018,박물관,120,104,806,197,DEPARTURE_TO_DEPARTURE
SL_8A8C2141F5AC,L48B1,0018,L48B1|0018,박물관,L48B1,0019,L48B1|0019,연지공원,120,93,1092,197,DEPARTURE_TO_DEPARTURE
SL_8A8C2141F5AC,L48B1,0019,L48B1|0019,연지공원,L48B1,0020,L48B1|0020,장신대,180,180,1118,197,DEPARTURE_TO_DEPARTURE
SL_564F0B5AFE1B,S1102,0211,S1102|0211,성수,S1121,2111,S1121|2111,용답,180,180,1991,217,DEPARTURE_TO_ARRIVAL
SL_564F0B5AFE1B,S1121,2111,S1121|2111,용답,S1121,2112,S1121|2112,신답,120,120,929,217,DEPARTURE_TO_ARRIVAL
SL_564F0B5AFE1B,S1121,2112,S1121|2112,신답,S1121,2113,S1121|2113,용두(동대문구청),120,120,914,217,DEPARTURE_TO_ARRIVAL
SL_564F0B5AFE1B,S1121,2113,S1121|2113,용두(동대문구청),S1121,2114,S1121|2114,신설동,120,120,1144,217,DEPARTURE_TO_ARRIVAL
SL_564F0B5AFE1B,S1121,2114,S1121|2114,신설동,S1121,2113,S1121|2113,용두(동대문구청),60,60,1144,217,DEPARTURE_TO_ARRIVAL
SL_564F0B5AFE1B,S1121,2113,S1121|2113,용두(동대문구청),S1121,2112,S1121|2112,신답,60,60,914,217,DEPARTURE_TO_ARRIVAL
SL_564F0B5AFE1B,S1121,2112,S1121|2112,신답,S1121,2111,S1121|2111,용답,60,60,929,217,DEPARTURE_TO_ARRIVAL
SL_564F0B5AFE1B,S1121,2111,S1121|2111,용답,S1102,0211,S1102|0211,성수,180,180,1991,217,DEPARTURE_TO_ARRIVAL
SL_564F0B5AFE1B,S1102,0219,S1102|0219,삼성(무역센터),S1102,0218,S1102|0218,종합운동장,60,76,973,434,DEPARTURE_TO_ARRIVAL
SL_564F0B5AFE1B,S1102,0218,S1102|0218,종합운동장,S1102,0217,S1102|0217,잠실새내,60,76,1094,434,DEPARTURE_TO_ARRIVAL
SL_564F0B5AFE1B,S1102,0217,S1102|0217,잠실새내,S1102,0216,S1102|0216,잠실(송파구청),60,76,1240,434,DEPARTURE_TO_ARRIVAL
SL_564F0B5AFE1B,S1102,0216,S1102|0216,잠실(송파구청),S1102,0215,S1102|0215,잠실나루,60,75,884,434,DEPARTURE_TO_ARRIVAL
SL_564F0B5AFE1B,S1102,0215,S1102|0215,잠실나루,S1102,0214,S1102|0214,강변(동서울터미널),120,120,1800,434,DEPARTURE_TO_ARRIVAL
SL_564F0B5AFE1B,S1102,0214,S1102|0214,강변(동서울터미널),S1102,0213,S1102|0213,구의(광진구청),60,60,779,434,DEPARTURE_TO_ARRIVAL
SL_564F0B5AFE1B,S1102,0213,S1102|0213,구의(광진구청),S1102,0212,S1102|0212,건대입구,120,120,1540,434,DEPARTURE_TO_ARRIVAL
SL_564F0B5AFE1B,S1102,0212,S1102|0212,건대입구,S1102,0211,S1102|0211,성수,120,109,1259,434,DEPARTURE_TO_ARRIVAL
SL_564F0B5AFE1B,S1102,0202,S1102|0202,을지로입구,S1102,0203,S1102|0203,을지로3가,60,60,733,434,DEPARTURE_TO_ARRIVAL
SL_564F0B5AFE1B,S1102,0203,S1102|0203,을지로3가,S1102,0204,S1102|0204,을지로4가,60,60,596,434,DEPARTURE_TO_ARRIVAL
SL_564F0B5AFE1B,S1102,0204,S1102|0204,을지로4가,S1102,0205,S1102|0205,동대문역사문화공원(DDP),120,100,1016,434,DEPARTURE_TO_ARRIVAL
SL_564F0B5AFE1B,S1102,0205,S1102|0205,동대문역사문화공원(DDP),S1102,0206,S1102|0206,신당,60,79,912,434,DEPARTURE_TO_ARRIVAL
SL_564F0B5AFE1B,S1102,0206,S1102|0206,신당,S1102,0207,S1102|0207,상왕십리,60,60,883,434,DEPARTURE_TO_ARRIVAL
SL_564F0B5AFE1B,S1102,0207,S1102|0207,상왕십리,S1102,0208,S1102|0208,왕십리(성동구청),60,60,767,434,DEPARTURE_TO_ARRIVAL
SL_564F0B5AFE1B,S1102,0208,S1102|0208,왕십리(성동구청),S1102,0209,S1102|0209,한양대,60,74,846,434,DEPARTURE_TO_ARRIVAL
SL_564F0B5AFE1B,S1102,0209,S1102|0209,한양대,S1102,0210,S1102|0210,뚝섬,60,74,1010,434,DEPARTURE_TO_ARRIVAL
SL_564F0B5AFE1B,S1102,0210,S1102|0210,뚝섬,S1102,0211,S1102|0211,성수,60,61,807,433,DEPARTURE_TO_ARRIVAL
SL_564F0B5AFE1B,S1102,0228,S1102|0228,서울대입구(관악구청),S1102,0227,S1102|0227,낙성대(강감찬),120,99,1060,434,DEPARTURE_TO_ARRIVAL
SL_564F0B5AFE1B,S1102,0227,S1102|0227,낙성대(강감찬),S1102,0226,S1102|0226,사당,120,120,1594,434,DEPARTURE_TO_ARRIVAL
SL_564F0B5AFE1B,S1102,0226,S1102|0226,사당,S1102,0225,S1102|0225,방배,180,158,1514,434,DEPARTURE_TO_ARRIVAL
SL_564F0B5AFE1B,S1102,0225,S1102|0225,방배,S1102,0224,S1102|0224,서초,120,120,1461,434,DEPARTURE_TO_ARRIVAL
SL_564F0B5AFE1B,S1102,0224,S1102|0224,서초,S1102,0223,S1102|0223,교대(법원·검찰청),60,60,637,434,DEPARTURE_TO_ARRIVAL
SL_564F0B5AFE1B,S1102,0223,S1102|0223,교대(법원·검찰청),S1102,0222,S1102|0222,강남,60,81,1277,434,DEPARTURE_TO_ARRIVAL
SL_564F0B5AFE1B,S1102,0222,S1102|0222,강남,S1102,0221,S1102|0221,역삼,60,60,802,434,DEPARTURE_TO_ARRIVAL
SL_564F0B5AFE1B,S1102,0221,S1102|0221,역삼,S1102,0220,S1102|0220,선릉,120,100,1111,434,DEPARTURE_TO_ARRIVAL
SL_564F0B5AFE1B,S1102,0220,S1102|0220,선릉,S1102,0219,S1102|0219,삼성(무역센터),60,76,1420,434,DEPARTURE_TO_ARRIVAL
SL_564F0B5AFE1B,S1102,0239,S1102|0239,홍대입구,S1102,0240,S1102|0240,신촌(지하),120,120,1181,434,DEPARTURE_TO_ARRIVAL
SL_564F0B5AFE1B,S1102,0240,S1102|0240,신촌(지하),S1102,0241,S1102|0241,이대,60,60,813,434,DEPARTURE_TO_ARRIVAL
SL_564F0B5AFE1B,S1102,0241,S1102|0241,이대,S1102,0242,S1102|0242,아현,60,60,901,434,DEPARTURE_TO_ARRIVAL
SL_564F0B5AFE1B,S1102,0242,S1102|0242,아현,S1102,0243,S1102|0243,충정로(경기대입구),120,103,783,434,DEPARTURE_TO_ARRIVAL
SL_564F0B5AFE1B,S1102,0243,S1102|0243,충정로(경기대입구),S1102,0201,S1102|0201,시청,120,103,1042,434,DEPARTURE_TO_ARRIVAL
SL_564F0B5AFE1B,S1102,0201,S1102|0201,시청,S1102,0202,S1102|0202,을지로입구,120,100,699,434,DEPARTURE_TO_ARRIVAL
SL_564F0B5AFE1B,S1102,0234,S1102|0234,신도림,S1102,0233,S1102|0233,대림(구로구청),180,160,1759,434,DEPARTURE_TO_ARRIVAL
SL_564F0B5AFE1B,S1102,0233,S1102|0233,대림(구로구청),S1102,0232,S1102|0232,구로디지털단지,120,100,1056,434,DEPARTURE_TO_ARRIVAL
SL_564F0B5AFE1B,S1102,0232,S1102|0232,구로디지털단지,S1102,0231,S1102|0231,신대방,120,100,1092,434,DEPARTURE_TO_ARRIVAL
SL_564F0B5AFE1B,S1102,0231,S1102|0231,신대방,S1102,0230,S1102|0230,신림,120,120,1469,434,DEPARTURE_TO_ARRIVAL
SL_564F0B5AFE1B,S1102,0230,S1102|0230,신림,S1102,0229,S1102|0229,봉천,60,81,1088,434,DEPARTURE_TO_ARRIVAL
SL_564F0B5AFE1B,S1102,0229,S1102|0229,봉천,S1102,0228,S1102|0228,서울대입구(관악구청),60,60,984,434,DEPARTURE_TO_ARRIVAL
SL_564F0B5AFE1B,S1102,0234,S1102|0234,신도림,S1102,0235,S1102|0235,문래,120,120,1067,434,DEPARTURE_TO_ARRIVAL
SL_564F0B5AFE1B,S1102,0235,S1102|0235,문래,S1102,0236,S1102|0236,영등포구청,60,60,880,434,DEPARTURE_TO_ARRIVAL
SL_564F0B5AFE1B,S1102,0236,S1102|0236,영등포구청,S1102,0237,S1102|0237,당산,120,100,1135,434,DEPARTURE_TO_ARRIVAL
SL_564F0B5AFE1B,S1102,0237,S1102|0237,당산,S1102,0238,S1102|0238,합정,180,159,1993,434,DEPARTURE_TO_ARRIVAL
SL_564F0B5AFE1B,S1102,0238,S1102|0238,합정,S1102,0239,S1102|0239,홍대입구,120,100,1096,434,DEPARTURE_TO_ARRIVAL
SL_564F0B5AFE1B,S1102,0239,S1102|0239,홍대입구,S1102,0238,S1102|0238,합정,60,76,1096,432,DEPARTURE_TO_ARRIVAL
SL_564F0B5AFE1B,S1102,0238,S1102|0238,합정,S1102,0237,S1102|0237,당산,120,136,1993,432,DEPARTURE_TO_ARRIVAL
SL_564F0B5AFE1B,S1102,0237,S1102|0237,당산,S1102,0236,S1102|0236,영등포구청,60,77,1135,432,DEPARTURE_TO_ARRIVAL
SL_564F0B5AFE1B,S1102,0236,S1102|0236,영등포구청,S1102,0235,S1102|0235,문래,60,60,880,432,DEPARTURE_TO_ARRIVAL
SL_564F0B5AFE1B,S1102,0235,S1102|0235,문래,S1102,0234,S1102|0234,신도림,120,120,1067,432,DEPARTURE_TO_ARRIVAL
SL_564F0B5AFE1B,S1102,0228,S1102|0228,서울대입구(관악구청),S1102,0229,S1102|0229,봉천,60,60,984,436,DEPARTURE_TO_ARRIVAL
SL_564F0B5AFE1B,S1102,0229,S1102|0229,봉천,S1102,0230,S1102|0230,신림,120,97,1088,436,DEPARTURE_TO_ARRIVAL
SL_564F0B5AFE1B,S1102,0230,S1102|0230,신림,S1102,0231,S1102|0231,신대방,120,120,1469,436,DEPARTURE_TO_ARRIVAL
SL_564F0B5AFE1B,S1102,0231,S1102|0231,신대방,S1102,0232,S1102|0232,구로디지털단지,60,82,1092,436,DEPARTURE_TO_ARRIVAL
SL_564F0B5AFE1B,S1102,0232,S1102|0232,구로디지털단지,S1102,0233,S1102|0233,대림(구로구청),60,80,1056,436,DEPARTURE_TO_ARRIVAL
SL_564F0B5AFE1B,S1102,0233,S1102|0233,대림(구로구청),S1102,0234,S1102|0234,신도림,120,138,1759,436,DEPARTURE_TO_ARRIVAL
SL_564F0B5AFE1B,S1102,0202,S1102|0202,을지로입구,S1102,0201,S1102|0201,시청,60,77,699,432,DEPARTURE_TO_ARRIVAL
SL_564F0B5AFE1B,S1102,0201,S1102|0201,시청,S1102,0243,S1102|0243,충정로(경기대입구),60,77,1042,432,DEPARTURE_TO_ARRIVAL
SL_564F0B5AFE1B,S1102,0243,S1102|0243,충정로(경기대입구),S1102,0242,S1102|0242,아현,60,77,783,432,DEPARTURE_TO_ARRIVAL
SL_564F0B5AFE1B,S1102,0242,S1102|0242,아현,S1102,0241,S1102|0241,이대,60,60,901,432,DEPARTURE_TO_ARRIVAL
SL_564F0B5AFE1B,S1102,0241,S1102|0241,이대,S1102,0240,S1102|0240,신촌(지하),60,60,813,432,DEPARTURE_TO_ARRIVAL
SL_564F0B5AFE1B,S1102,0240,S1102|0240,신촌(지하),S1102,0239,S1102|0239,홍대입구,120,120,1181,432,DEPARTURE_TO_ARRIVAL
SL_564F0B5AFE1B,S1102,0219,S1102|0219,삼성(무역센터),S1102,0220,S1102|0220,선릉,120,104,1420,436,DEPARTURE_TO_ARRIVAL
SL_564F0B5AFE1B,S1102,0220,S1102|0220,선릉,S1102,0221,S1102|0221,역삼,60,79,1111,436,DEPARTURE_TO_ARRIVAL
SL_564F0B5AFE1B,S1102,0221,S1102|0221,역삼,S1102,0222,S1102|0222,강남,60,60,802,436,DEPARTURE_TO_ARRIVAL
SL_564F0B5AFE1B,S1102,0222,S1102|0222,강남,S1102,0223,S1102|0223,교대(법원·검찰청),120,98,1277,436,DEPARTURE_TO_ARRIVAL
SL_564F0B5AFE1B,S1102,0223,S1102|0223,교대(법원·검찰청),S1102,0224,S1102|0224,서초,60,60,637,436,DEPARTURE_TO_ARRIVAL
SL_564F0B5AFE1B,S1102,0224,S1102|0224,서초,S1102,0225,S1102|0225,방배,120,120,1461,436,DEPARTURE_TO_ARRIVAL
SL_564F0B5AFE1B,S1102,0225,S1102|0225,방배,S1102,0226,S1102|0226,사당,120,139,1514,436,DEPARTURE_TO_ARRIVAL
SL_564F0B5AFE1B,S1102,0226,S1102|0226,사당,S1102,0227,S1102|0227,낙성대(강감찬),120,120,1594,436,DEPARTURE_TO_ARRIVAL
SL_564F0B5AFE1B,S1102,0227,S1102|0227,낙성대(강감찬),S1102,0228,S1102|0228,서울대입구(관악구청),60,83,1060,436,DEPARTURE_TO_ARRIVAL
SL_564F0B5AFE1B,S1102,0211,S1102|0211,성수,S1102,0210,S1102|0210,뚝섬,60,60,807,432,DEPARTURE_TO_ARRIVAL
SL_564F0B5AFE1B,S1102,0210,S1102|0210,뚝섬,S1102,0209,S1102|0209,한양대,120,109,1010,432,DEPARTURE_TO_ARRIVAL
SL_564F0B5AFE1B,S1102,0209,S1102|0209,한양대,S1102,0208,S1102|0208,왕십리(성동구청),120,109,846,432,DEPARTURE_TO_ARRIVAL
SL_564F0B5AFE1B,S1102,0208,S1102|0208,왕십리(성동구청),S1102,0207,S1102|0207,상왕십리,60,60,767,432,DEPARTURE_TO_ARRIVAL
SL_564F0B5AFE1B,S1102,0207,S1102|0207,상왕십리,S1102,0206,S1102|0206,신당,60,60,883,432,DEPARTURE_TO_ARRIVAL
SL_564F0B5AFE1B,S1102,0206,S1102|0206,신당,S1102,0205,S1102|0205,동대문역사문화공원(DDP),120,107,912,432,DEPARTURE_TO_ARRIVAL
SL_564F0B5AFE1B,S1102,0205,S1102|0205,동대문역사문화공원(DDP),S1102,0204,S1102|0204,을지로4가,60,77,1016,432,DEPARTURE_TO_ARRIVAL
SL_564F0B5AFE1B,S1102,0204,S1102|0204,을지로4가,S1102,0203,S1102|0203,을지로3가,60,60,596,432,DEPARTURE_TO_ARRIVAL
SL_564F0B5AFE1B,S1102,0203,S1102|0203,을지로3가,S1102,0202,S1102|0202,을지로입구,60,60,733,432,DEPARTURE_TO_ARRIVAL
SL_564F0B5AFE1B,S1102,0211,S1102|0211,성수,S1102,0212,S1102|0212,건대입구,60,71,1259,436,DEPARTURE_TO_ARRIVAL
SL_564F0B5AFE1B,S1102,0212,S1102|0212,건대입구,S1102,0213,S1102|0213,구의(광진구청),120,120,1540,436,DEPARTURE_TO_ARRIVAL
SL_564F0B5AFE1B,S1102,0213,S1102|0213,구의(광진구청),S1102,0214,S1102|0214,강변(동서울터미널),60,60,779,436,DEPARTURE_TO_ARRIVAL
SL_564F0B5AFE1B,S1102,0214,S1102|0214,강변(동서울터미널),S1102,0215,S1102|0215,잠실나루,120,120,1800,436,DEPARTURE_TO_ARRIVAL
SL_564F0B5AFE1B,S1102,0215,S1102|0215,잠실나루,S1102,0216,S1102|0216,잠실(송파구청),120,106,884,436,DEPARTURE_TO_ARRIVAL
SL_564F0B5AFE1B,S1102,0216,S1102|0216,잠실(송파구청),S1102,0217,S1102|0217,잠실새내,120,104,1240,436,DEPARTURE_TO_ARRIVAL
SL_564F0B5AFE1B,S1102,0217,S1102|0217,잠실새내,S1102,0218,S1102|0218,종합운동장,120,104,1094,436,DEPARTURE_TO_ARRIVAL
SL_564F0B5AFE1B,S1102,0218,S1102|0218,종합운동장,S1102,0219,S1102|0219,삼성(무역센터),120,104,973,436,DEPARTURE_TO_ARRIVAL
SL_69DD658ED6A6,I1103,0336,I1103|0336,압구정,I1103,0337,I1103|0337,신사,120,120,1304,730,DEPARTURE_TO_ARRIVAL
SL_69DD658ED6A6,I1103,0337,I1103|0337,신사,I1103,0338,I1103|0338,잠원,90,93,853,729,DEPARTURE_TO_ARRIVAL
SL_69DD658ED6A6,I1103,0338,I1103|0338,잠원,I1103,0339,I1103|0339,고속터미널,120,97,1071,365,DEPARTURE_TO_ARRIVAL
SL_69DD658ED6A6,I1103,0339,I1103|0339,고속터미널,I1103,0340,I1103|0340,교대(법원·검찰청),120,120,1537,364,DEPARTURE_TO_ARRIVAL
SL_69DD658ED6A6,I1103,0340,I1103|0340,교대(법원·검찰청),I1103,0341,I1103|0341,남부터미널(예술의전당),60,83,929,364,DEPARTURE_TO_ARRIVAL
SL_69DD658ED6A6,I1103,0341,I1103|0341,남부터미널(예술의전당),I1103,0342,I1103|0342,양재(서초구청),120,120,1584,365,DEPARTURE_TO_ARRIVAL
SL_69DD658ED6A6,I1103,0342,I1103|0342,양재(서초구청),I1103,0343,I1103|0343,매봉,120,120,1153,730,DEPARTURE_TO_ARRIVAL
SL_69DD658ED6A6,I1103,0343,I1103|0343,매봉,I1103,0344,I1103|0344,도곡,60,84,895,365,DEPARTURE_TO_ARRIVAL
SL_69DD658ED6A6,I1103,0344,I1103|0344,도곡,I1103,0345,I1103|0345,대치,60,60,786,363,DEPARTURE_TO_ARRIVAL
SL_69DD658ED6A6,I1103,0345,I1103|0345,대치,I1103,0346,I1103|0346,학여울,60,60,698,726,DEPARTURE_TO_ARRIVAL
SL_69DD658ED6A6,I1103,0346,I1103|0346,학여울,I1103,0347,I1103|0347,대청,90,87,842,726,DEPARTURE_TO_ARRIVAL
SL_69DD658ED6A6,I1103,0347,I1103|0347,대청,I1103,0348,I1103|0348,일원,90,87,1155,725,DEPARTURE_TO_ARRIVAL
SL_69DD658ED6A6,I1103,0348,I1103|0348,일원,I1103,0349,I1103|0349,수서,120,120,1618,363,DEPARTURE_TO_ARRIVAL
SL_69DD658ED6A6,I1103,0349,I1103|0349,수서,I1103,0350,I1103|0350,가락시장,120,120,1491,324,DEPARTURE_TO_ARRIVAL
SL_69DD658ED6A6,I1103,0350,I1103|0350,가락시장,I1103,0351,I1103|0351,경찰병원,60,60,689,324,DEPARTURE_TO_ARRIVAL
SL_69DD658ED6A6,I1103,0351,I1103|0351,경찰병원,I1103,0352,I1103|0352,오금,60,61,813,324,DEPARTURE_TO_ARRIVAL
SL_69DD658ED6A6,I4106,1950,I4106|1950,삼송역,I4106,1948,I4106|1948,원흥역,120,120,1983,480,DEPARTURE_TO_ARRIVAL
SL_69DD658ED6A6,I4106,1948,I4106|1948,원흥역,I4106,1951,I4106|1951,원당역,150,160,2685,480,DEPARTURE_TO_ARRIVAL
SL_69DD658ED6A6,I4106,1951,I4106|1951,원당역,I4106,1952,I4106|1952,화정역,180,180,2241,480,DEPARTURE_TO_ARRIVAL
SL_69DD658ED6A6,I4106,1952,I4106|1952,화정역,I4106,1953,I4106|1953,대곡역,120,129,1922,240,DEPARTURE_TO_ARRIVAL
SL_69DD658ED6A6,I4106,1953,I4106|1953,대곡역,I4106,1954,I4106|1954,백석역,180,180,2380,240,DEPARTURE_TO_ARRIVAL
SL_69DD658ED6A6,I4106,1954,I4106|1954,백석역,I4106,1955,I4106|1955,마두역,120,120,1378,480,DEPARTURE_TO_ARRIVAL
SL_69DD658ED6A6,I4106,1955,I4106|1955,마두역,I4106,1956,I4106|1956,정발산역,90,80,921,480,DEPARTURE_TO_ARRIVAL
SL_69DD658ED6A6,I4106,1956,I4106|1956,정발산역,I4106,1957,I4106|1957,주엽역,120,120,1570,480,DEPARTURE_TO_ARRIVAL
SL_69DD658ED6A6,I4106,1957,I4106|1957,주엽역,I4106,1958,I4106|1958,대화역,120,120,1347,479,DEPARTURE_TO_ARRIVAL
SL_69DD658ED6A6,I1103,0326,I1103|0326,독립문,I1103,0327,I1103|0327,경복궁(정부서울청사),120,120,1389,730,DEPARTURE_TO_ARRIVAL
SL_69DD658ED6A6,I1103,0327,I1103|0327,경복궁(정부서울청사),I1103,0328,I1103|0328,안국,90,87,1051,729,DEPARTURE_TO_ARRIVAL
SL_69DD658ED6A6,I1103,0328,I1103|0328,안국,I1103,0329,I1103|0329,종로3가,60,84,792,365,DEPARTURE_TO_ARRIVAL
SL_69DD658ED6A6,I1103,0329,I1103|0329,종로3가,I1103,0330,I1103|0330,을지로3가,60,60,586,365,DEPARTURE_TO_ARRIVAL
SL_69DD658ED6A6,I1103,0330,I1103|0330,을지로3가,I1103,0331,I1103|0331,충무로,60,60,564,365,DEPARTURE_TO_ARRIVAL
SL_69DD658ED6A6,I1103,0331,I1103|0331,충무로,I1103,0332,I1103|0332,동대입구,60,84,1012,365,DEPARTURE_TO_ARRIVAL
SL_69DD658ED6A6,I1103,0332,I1103|0332,동대입구,I1103,0333,I1103|0333,약수,60,60,702,365,DEPARTURE_TO_ARRIVAL
SL_69DD658ED6A6,I1103,0333,I1103|0333,약수,I1103,0334,I1103|0334,금호,60,60,823,363,DEPARTURE_TO_ARRIVAL
SL_69DD658ED6A6,I1103,0334,I1103|0334,금호,I1103,0335,I1103|0335,옥수,60,60,748,363,DEPARTURE_TO_ARRIVAL
SL_69DD658ED6A6,I1103,0335,I1103|0335,옥수,I1103,0336,I1103|0336,압구정,120,120,1985,363,DEPARTURE_TO_ARRIVAL
SL_69DD658ED6A6,I1103,0320,I1103|0320,구파발,I1103,0321,I1103|0321,연신내,120,120,1935,726,DEPARTURE_TO_ARRIVAL
SL_69DD658ED6A6,I1103,0321,I1103|0321,연신내,I1103,0322,I1103|0322,불광,90,87,1301,726,DEPARTURE_TO_ARRIVAL
SL_69DD658ED6A6,I1103,0322,I1103|0322,불광,I1103,0323,I1103|0323,녹번,90,87,1142,726,DEPARTURE_TO_ARRIVAL
SL_69DD658ED6A6,I1103,0323,I1103|0323,녹번,I1103,0324,I1103|0324,홍제,120,120,1526,725,DEPARTURE_TO_ARRIVAL
SL_69DD658ED6A6,I1103,0324,I1103|0324,홍제,I1103,0325,I1103|0325,무악재,90,93,870,726,DEPARTURE_TO_ARRIVAL
SL_69DD658ED6A6,I1103,0325,I1103|0325,무악재,I1103,0326,I1103|0326,독립문,90,93,1134,726,DEPARTURE_TO_ARRIVAL
SL_69DD658ED6A6,I1103,0333,I1103|0333,약수,I1103,0332,I1103|0332,동대입구,60,60,702,365,DEPARTURE_TO_ARRIVAL
SL_69DD658ED6A6,I1103,0332,I1103|0332,동대입구,I1103,0331,I1103|0331,충무로,60,69,1012,365,DEPARTURE_TO_ARRIVAL
SL_69DD658ED6A6,I1103,0331,I1103|0331,충무로,I1103,0330,I1103|0330,을지로3가,60,60,564,365,DEPARTURE_TO_ARRIVAL
SL_69DD658ED6A6,I1103,0330,I1103|0330,을지로3가,I1103,0329,I1103|0329,종로3가,60,60,586,365,DEPARTURE_TO_ARRIVAL
SL_69DD658ED6A6,I1103,0329,I1103|0329,종로3가,I1103,0328,I1103|0328,안국,60,69,792,365,DEPARTURE_TO_ARRIVAL
SL_69DD658ED6A6,I1103,0328,I1103|0328,안국,I1103,0327,I1103|0327,경복궁(정부서울청사),90,80,1051,729,DEPARTURE_TO_ARRIVAL
SL_69DD658ED6A6,I1103,0327,I1103|0327,경복궁(정부서울청사),I1103,0326,I1103|0326,독립문,120,120,1389,730,DEPARTURE_TO_ARRIVAL
SL_69DD658ED6A6,I1103,0326,I1103|0326,독립문,I1103,0325,I1103|0325,무악재,90,100,1134,726,DEPARTURE_TO_ARRIVAL
SL_69DD658ED6A6,I1103,0325,I1103|0325,무악재,I1103,0324,I1103|0324,홍제,90,100,870,725,DEPARTURE_TO_ARRIVAL
SL_69DD658ED6A6,I1103,0324,I1103|0324,홍제,I1103,0323,I1103|0323,녹번,120,120,1526,726,DEPARTURE_TO_ARRIVAL
SL_69DD658ED6A6,I1103,0323,I1103|0323,녹번,I1103,0322,I1103|0322,불광,90,80,1142,725,DEPARTURE_TO_ARRIVAL
SL_69DD658ED6A6,I1103,0322,I1103|0322,불광,I1103,0321,I1103|0321,연신내,90,80,1301,726,DEPARTURE_TO_ARRIVAL
SL_69DD658ED6A6,I1103,0321,I1103|0321,연신내,I1103,0320,I1103|0320,구파발,120,120,1935,725,DEPARTURE_TO_ARRIVAL
SL_69DD658ED6A6,I1103,0320,I1103|0320,구파발,I1103,0319,I1103|0319,지축,180,180,1359,218,DEPARTURE_TO_ARRIVAL
SL_69DD658ED6A6,I1103,0319,I1103|0319,지축,I4106,1950,I4106|1950,삼송역,120,128,1693,218,DEPARTURE_TO_ARRIVAL
SL_69DD658ED6A6,I4106,1958,I4106|1958,대화역,I4106,1957,I4106|1957,주엽역,120,120,1347,480,DEPARTURE_TO_ARRIVAL
SL_69DD658ED6A6,I4106,1957,I4106|1957,주엽역,I4106,1956,I4106|1956,정발산역,120,120,1570,480,DEPARTURE_TO_ARRIVAL
SL_69DD658ED6A6,I4106,1956,I4106|1956,정발산역,I4106,1955,I4106|1955,마두역,90,80,921,480,DEPARTURE_TO_ARRIVAL
SL_69DD658ED6A6,I4106,1955,I4106|1955,마두역,I4106,1954,I4106|1954,백석역,120,120,1378,479,DEPARTURE_TO_ARRIVAL
SL_69DD658ED6A6,I4106,1954,I4106|1954,백석역,I4106,1953,I4106|1953,대곡역,180,180,2380,240,DEPARTURE_TO_ARRIVAL
SL_69DD658ED6A6,I4106,1953,I4106|1953,대곡역,I4106,1952,I4106|1952,화정역,120,130,1922,240,DEPARTURE_TO_ARRIVAL
SL_69DD658ED6A6,I4106,1952,I4106|1952,화정역,I4106,1951,I4106|1951,원당역,180,180,2241,480,DEPARTURE_TO_ARRIVAL
SL_69DD658ED6A6,I4106,1951,I4106|1951,원당역,I4106,1948,I4106|1948,원흥역,150,160,2685,479,DEPARTURE_TO_ARRIVAL
SL_69DD658ED6A6,I4106,1948,I4106|1948,원흥역,I4106,1950,I4106|1950,삼송역,120,120,1983,479,DEPARTURE_TO_ARRIVAL
SL_69DD658ED6A6,I4106,1950,I4106|1950,삼송역,I1103,0319,I1103|0319,지축,120,131,1693,224,DEPARTURE_TO_ARRIVAL
SL_69DD658ED6A6,I1103,0319,I1103|0319,지축,I1103,0320,I1103|0320,구파발,180,180,1359,224,DEPARTURE_TO_ARRIVAL
SL_69DD658ED6A6,I1103,0344,I1103|0344,도곡,I1103,0343,I1103|0343,매봉,60,69,895,365,DEPARTURE_TO_ARRIVAL
SL_69DD658ED6A6,I1103,0343,I1103|0343,매봉,I1103,0342,I1103|0342,양재(서초구청),120,120,1153,730,DEPARTURE_TO_ARRIVAL
SL_69DD658ED6A6,I1103,0342,I1103|0342,양재(서초구청),I1103,0341,I1103|0341,남부터미널(예술의전당),120,120,1584,365,DEPARTURE_TO_ARRIVAL
SL_69DD658ED6A6,I1103,0341,I1103|0341,남부터미널(예술의전당),I1103,0340,I1103|0340,교대(법원·검찰청),60,69,929,365,DEPARTURE_TO_ARRIVAL
SL_69DD658ED6A6,I1103,0340,I1103|0340,교대(법원·검찰청),I1103,0339,I1103|0339,고속터미널,120,120,1537,365,DEPARTURE_TO_ARRIVAL
SL_69DD658ED6A6,I1103,0339,I1103|0339,고속터미널,I1103,0338,I1103|0338,잠원,120,111,1071,365,DEPARTURE_TO_ARRIVAL
SL_69DD658ED6A6,I1103,0338,I1103|0338,잠원,I1103,0337,I1103|0337,신사,90,101,853,730,DEPARTURE_TO_ARRIVAL
SL_69DD658ED6A6,I1103,0337,I1103|0337,신사,I1103,0336,I1103|0336,압구정,120,120,1304,729,DEPARTURE_TO_ARRIVAL
SL_69DD658ED6A6,I1103,0336,I1103|0336,압구정,I1103,0335,I1103|0335,옥수,120,120,1985,363,DEPARTURE_TO_ARRIVAL
SL_69DD658ED6A6,I1103,0335,I1103|0335,옥수,I1103,0334,I1103|0334,금호,60,60,748,363,DEPARTURE_TO_ARRIVAL
SL_69DD658ED6A6,I1103,0334,I1103|0334,금호,I1103,0333,I1103|0333,약수,60,60,823,363,DEPARTURE_TO_ARRIVAL
SL_69DD658ED6A6,I1103,0349,I1103|0349,수서,I1103,0348,I1103|0348,일원,120,120,1618,363,DEPARTURE_TO_ARRIVAL
SL_69DD658ED6A6,I1103,0348,I1103|0348,일원,I1103,0347,I1103|0347,대청,90,80,1155,726,DEPARTURE_TO_ARRIVAL
SL_69DD658ED6A6,I1103,0347,I1103|0347,대청,I1103,0346,I1103|0346,학여울,90,80,842,726,DEPARTURE_TO_ARRIVAL
SL_69DD658ED6A6,I1103,0346,I1103|0346,학여울,I1103,0345,I1103|0345,대치,60,60,698,726,DEPARTURE_TO_ARRIVAL
SL_69DD658ED6A6,I1103,0345,I1103|0345,대치,I1103,0344,I1103|0344,도곡,60,60,786,363,DEPARTURE_TO_ARRIVAL
SL_69DD658ED6A6,I1103,0352,I1103|0352,오금,I1103,0351,I1103|0351,경찰병원,60,60,813,334,DEPARTURE_TO_ARRIVAL
SL_69DD658ED6A6,I1103,0351,I1103|0351,경찰병원,I1103,0350,I1103|0350,가락시장,60,60,689,334,DEPARTURE_TO_ARRIVAL
SL_69DD658ED6A6,I1103,0350,I1103|0350,가락시장,I1103,0349,I1103|0349,수서,120,120,1491,334,DEPARTURE_TO_ARRIVAL
SL_69DD658ED6A6,I1103,0340,I1103|0340,교대(법원·검찰청),I1103,0320,I1103|0320,구파발,120,120,18024,1,DEPARTURE_TO_DEPARTURE
SL_69DD658ED6A6,I1103,0339,I1103|0339,고속터미널,I1103,0341,I1103|0341,남부터미널(예술의전당),120,120,2441,1,DEPARTURE_TO_ARRIVAL
SL_6EEBE5963ED8,I1104,0426,I1104|0426,서울역,I1104,0425,I1104|0425,회현(남대문시장),120,112,790,433,DEPARTURE_TO_ARRIVAL
SL_6EEBE5963ED8,I1104,0425,I1104|0425,회현(남대문시장),I1104,0424,I1104|0424,명동,60,60,742,861,DEPARTURE_TO_ARRIVAL
SL_6EEBE5963ED8,I1104,0424,I1104|0424,명동,I1104,0423,I1104|0423,충무로,60,61,733,433,DEPARTURE_TO_ARRIVAL
SL_6EEBE5963ED8,I1104,0423,I1104|0423,충무로,I1104,0422,I1104|0422,동대문역사문화공원(DDP),120,120,1240,433,DEPARTURE_TO_ARRIVAL
SL_6EEBE5963ED8,I1104,0422,I1104|0422,동대문역사문화공원(DDP),I1104,0421,I1104|0421,동대문,60,61,663,433,DEPARTURE_TO_ARRIVAL
SL_6EEBE5963ED8,I1104,0421,I1104|0421,동대문,I1104,0420,I1104|0420,혜화,120,120,1395,433,DEPARTURE_TO_ARRIVAL
SL_6EEBE5963ED8,I1104,0420,I1104|0420,혜화,I1104,0419,I1104|0419,한성대입구(삼선교),60,69,782,433,DEPARTURE_TO_ARRIVAL
SL_6EEBE5963ED8,I1104,0419,I1104|0419,한성대입구(삼선교),I1104,0418,I1104|0418,성신여대입구(돈암),60,68,1087,431,DEPARTURE_TO_ARRIVAL
SL_6EEBE5963ED8,I1104,0418,I1104|0418,성신여대입구(돈암),I1104,0417,I1104|0417,길음,120,120,1371,431,DEPARTURE_TO_ARRIVAL
SL_6EEBE5963ED8,I1104,0417,I1104|0417,길음,I1104,0416,I1104|0416,미아사거리,120,120,1186,431,DEPARTURE_TO_ARRIVAL
SL_6EEBE5963ED8,I1104,0416,I1104|0416,미아사거리,I1104,0415,I1104|0415,미아(서울사이버대학),120,120,1504,427,DEPARTURE_TO_ARRIVAL
SL_6EEBE5963ED8,I1104,0415,I1104|0415,미아(서울사이버대학),I1104,0414,I1104|0414,수유(강북구청),90,101,1257,854,DEPARTURE_TO_ARRIVAL
SL_6EEBE5963ED8,I1104,0414,I1104|0414,수유(강북구청),I1104,0413,I1104|0413,쌍문,120,120,1416,854,DEPARTURE_TO_ARRIVAL
SL_6EEBE5963ED8,I1104,0413,I1104|0413,쌍문,I1104,0412,I1104|0412,창동,120,120,1348,427,DEPARTURE_TO_ARRIVAL
SL_6EEBE5963ED8,I1104,0412,I1104|0412,창동,I1104,0411,I1104|0411,노원,120,112,1351,427,DEPARTURE_TO_ARRIVAL
SL_6EEBE5963ED8,I1104,0411,I1104|0411,노원,I1104,0410,I1104|0410,상계,90,101,1003,852,DEPARTURE_TO_ARRIVAL
SL_6EEBE5963ED8,I1104,0410,I1104|0410,상계,I1104,0409,I1104|0409,불암산,180,172,1175,426,DEPARTURE_TO_ARRIVAL
SL_6EEBE5963ED8,I1104,0409,I1104|0409,불암산,I4104,0408,I4104|0408,별내별가람역,300,300,3281,138,DEPARTURE_TO_ARRIVAL
SL_6EEBE5963ED8,I4104,0408,I4104|0408,별내별가람역,I4104,0406,I4104|0406,오남역,360,376,7846,138,DEPARTURE_TO_ARRIVAL
SL_6EEBE5963ED8,I4104,0406,I4104|0406,오남역,I4104,0405,I4104|0405,진접역,120,136,1958,138,DEPARTURE_TO_ARRIVAL
SL_6EEBE5963ED8,I1104,0434,I1104|0434,남태령,I1104,0433,I1104|0433,사당,120,120,1480,469,DEPARTURE_TO_ARRIVAL
SL_6EEBE5963ED8,I1104,0433,I1104|0433,사당,I1104,0432,I1104|0432,총신대입구(이수),60,68,1253,431,DEPARTURE_TO_ARRIVAL
SL_6EEBE5963ED8,I1104,0432,I1104|0432,총신대입구(이수),I1104,0431,I1104|0431,동작(현충원),120,128,1794,431,DEPARTURE_TO_ARRIVAL
SL_6EEBE5963ED8,I1104,0431,I1104|0431,동작(현충원),I1104,0430,I1104|0430,이촌(국립중앙박물관),180,179,3045,431,DEPARTURE_TO_ARRIVAL
SL_6EEBE5963ED8,I1104,0430,I1104|0430,이촌(국립중앙박물관),I1104,0429,I1104|0429,신용산,120,120,14,431,DEPARTURE_TO_ARRIVAL
SL_6EEBE5963ED8,I1104,0429,I1104|0429,신용산,I1104,0428,I1104|0428,삼각지(전쟁기념관),60,60,748,857,DEPARTURE_TO_ARRIVAL
SL_6EEBE5963ED8,I1104,0428,I1104|0428,삼각지(전쟁기념관),I1104,0427,I1104|0427,숙대입구(갈월),120,112,1151,431,DEPARTURE_TO_ARRIVAL
SL_6EEBE5963ED8,I1104,0427,I1104|0427,숙대입구(갈월),I1104,0426,I1104|0426,서울역,120,113,934,431,DEPARTURE_TO_ARRIVAL
SL_AA31BBF870D0,I4103,1751,I4103|1751,산본역,I4103,1708,I4103|1708,금정역,240,239,1813,472,DEPARTURE_TO_ARRIVAL
SL_AA31BBF870D0,I4103,1708,I4103|1708,금정역,I4103,1457,I4103|1457,범계역,180,180,2080,466,DEPARTURE_TO_ARRIVAL
SL_AA31BBF870D0,I4103,1457,I4103|1457,범계역,I4103,1456,I4103|1456,평촌역,120,113,1266,235,DEPARTURE_TO_ARRIVAL
SL_AA31BBF870D0,I4103,1456,I4103|1456,평촌역,I4103,1455,I4103|1455,인덕원역,120,121,1411,235,DEPARTURE_TO_ARRIVAL
SL_AA31BBF870D0,I4103,1455,I4103|1455,인덕원역,I4103,1454,I4103|1454,정부과천청사역,180,180,2964,235,DEPARTURE_TO_ARRIVAL
SL_AA31BBF870D0,I4103,1454,I4103|1454,정부과천청사역,I4103,1453,I4103|1453,과천역,120,113,916,235,DEPARTURE_TO_ARRIVAL
SL_AA31BBF870D0,I4103,1453,I4103|1453,과천역,I4103,1452,I4103|1452,대공원역,90,102,947,466,DEPARTURE_TO_ARRIVAL
SL_AA31BBF870D0,I4103,1452,I4103|1452,대공원역,I4103,1451,I4103|1451,경마공원역,120,114,927,235,DEPARTURE_TO_ARRIVAL
SL_AA31BBF870D0,I4103,1451,I4103|1451,경마공원역,I4103,1450,I4103|1450,선바위역,120,113,1011,235,DEPARTURE_TO_ARRIVAL
SL_6EEBE5963ED8,I4103,1450,I4103|1450,선바위역,I1104,0434,I1104|0434,남태령,180,171,1806,235,DEPARTURE_TO_ARRIVAL
SL_AA31BBF870D0,I4103,1759,I4103|1759,안산역,I4103,1758,I4103|1758,초지역,120,121,1697,469,DEPARTURE_TO_ARRIVAL
SL_AA31BBF870D0,I4103,1758,I4103|1758,초지역,I4103,1757,I4103|1757,고잔역,120,121,1556,469,DEPARTURE_TO_ARRIVAL
SL_AA31BBF870D0,I4103,1757,I4103|1757,고잔역,I4103,1756,I4103|1756,중앙역,90,105,1368,469,DEPARTURE_TO_ARRIVAL
SL_AA31BBF870D0,I4103,1756,I4103|1756,중앙역,I4103,1755,I4103|1755,한대앞역,120,121,1514,469,DEPARTURE_TO_ARRIVAL
SL_AA31BBF870D0,I4103,1755,I4103|1755,한대앞역,I4103,1754,I4103|1754,상록수역,90,80,1370,469,DEPARTURE_TO_ARRIVAL
SL_AA31BBF870D0,I4103,1754,I4103|1754,상록수역,I4103,1753,I4103|1753,반월역,180,180,3448,469,DEPARTURE_TO_ARRIVAL
SL_AA31BBF870D0,I4103,1753,I4103|1753,반월역,I4103,1752,I4103|1752,대야미역,120,120,2147,470,DEPARTURE_TO_ARRIVAL
SL_AA31BBF870D0,I4103,1752,I4103|1752,대야미역,I4103,1763,I4103|1763,수리산역,180,180,2555,470,DEPARTURE_TO_ARRIVAL
SL_AA31BBF870D0,I4103,1763,I4103|1763,수리산역,I4103,1751,I4103|1751,산본역,90,101,1081,468,DEPARTURE_TO_ARRIVAL
SL_AA31BBF870D0,I4103,1762,I4103|1762,오이도역,I4103,1761,I4103|1761,정왕역,120,135,1174,407,DEPARTURE_TO_ARRIVAL
SL_AAA8222A8ABE,S1105,0544,S1105|0544,군자(능동),S1105,0545,S1105|0545,아차산(어린이대공원후문),120,92,1052,361,DEPARTURE_TO_ARRIVAL
SL_AAA8222A8ABE,S1105,0545,S1105|0545,아차산(어린이대공원후문),S1105,0546,S1105|0546,광나루(장신대),120,115,1432,361,DEPARTURE_TO_ARRIVAL
SL_AAA8222A8ABE,S1105,0546,S1105|0546,광나루(장신대),S1105,0547,S1105|0547,천호(풍납토성),180,152,1921,361,DEPARTURE_TO_ARRIVAL
SL_AAA8222A8ABE,S1105,0547,S1105|0547,천호(풍납토성),S1105,0548,S1105|0548,강동,60,60,847,361,DEPARTURE_TO_ARRIVAL
SL_AAA8222A8ABE,S1105,0548,S1105|0548,강동,S1105,0549,S1105|0549,길동,120,101,713,189,DEPARTURE_TO_ARRIVAL
SL_AAA8222A8ABE,S1105,0549,S1105|0549,길동,S1105,0550,S1105|0550,굽은다리(강동구민회관앞),120,99,860,189,DEPARTURE_TO_ARRIVAL
SL_AAA8222A8ABE,S1105,0550,S1105|0550,굽은다리(강동구민회관앞),S1105,0551,S1105|0551,명일,60,60,661,189,DEPARTURE_TO_ARRIVAL
SL_AAA8222A8ABE,S1105,0551,S1105|0551,명일,S1105,0552,S1105|0552,고덕,60,81,989,189,DEPARTURE_TO_ARRIVAL
SL_AAA8222A8ABE,S1105,0552,S1105|0552,고덕,S1105,0553,S1105|0553,상일동,120,117,1089,189,DEPARTURE_TO_ARRIVAL
SL_AAA8222A8ABE,S1105,0553,S1105|0553,상일동,S1105,0554,S1105|0554,강일,120,104,854,177,DEPARTURE_TO_ARRIVAL
SL_AAA8222A8ABE,S1105,0554,S1105|0554,강일,S1105,0555,S1105|0555,미사,120,119,1616,177,DEPARTURE_TO_ARRIVAL
SL_AAA8222A8ABE,S1105,0555,S1105|0555,미사,S1105,0556,S1105|0556,하남풍산,120,138,1548,177,DEPARTURE_TO_ARRIVAL
SL_AAA8222A8ABE,S1105,0556,S1105|0556,하남풍산,S1105,0557,S1105|0557,하남시청(덕풍∙신장),120,120,1195,178,DEPARTURE_TO_ARRIVAL
SL_AAA8222A8ABE,S1105,0557,S1105|0557,하남시청(덕풍∙신장),S1105,0558,S1105|0558,하남검단산,180,161,1474,178,DEPARTURE_TO_ARRIVAL
SL_AAA8222A8ABE,S1105,0526,S1105|0526,여의도,S1105,0525,S1105|0525,신길,60,89,946,361,DEPARTURE_TO_ARRIVAL
SL_AAA8222A8ABE,S1105,0525,S1105|0525,신길,S1105,0524,S1105|0524,영등포시장,60,89,1031,361,DEPARTURE_TO_ARRIVAL
SL_AAA8222A8ABE,S1105,0524,S1105|0524,영등포시장,S1105,0523,S1105|0523,영등포구청,60,62,907,361,DEPARTURE_TO_ARRIVAL
SL_AAA8222A8ABE,S1105,0523,S1105|0523,영등포구청,S1105,0522,S1105|0522,양평,60,60,796,361,DEPARTURE_TO_ARRIVAL
SL_AAA8222A8ABE,S1105,0522,S1105|0522,양평,S1105,0521,S1105|0521,오목교(목동운동장앞),60,88,988,361,DEPARTURE_TO_ARRIVAL
SL_AAA8222A8ABE,S1105,0521,S1105|0521,오목교(목동운동장앞),S1105,0520,S1105|0520,목동,60,64,963,361,DEPARTURE_TO_ARRIVAL
SL_AAA8222A8ABE,S1105,0520,S1105|0520,목동,S1105,0519,S1105|0519,신정(은행정),60,90,726,361,DEPARTURE_TO_ARRIVAL
SL_AAA8222A8ABE,S1105,0519,S1105|0519,신정(은행정),S1105,0518,S1105|0518,까치산,120,119,1173,361,DEPARTURE_TO_ARRIVAL
SL_AAA8222A8ABE,S1105,0518,S1105|0518,까치산,S1105,0517,S1105|0517,화곡,120,93,1171,361,DEPARTURE_TO_ARRIVAL
SL_AAA8222A8ABE,S1105,0517,S1105|0517,화곡,S1105,0516,S1105|0516,우장산,120,93,887,360,DEPARTURE_TO_ARRIVAL
SL_AAA8222A8ABE,S1105,0516,S1105|0516,우장산,S1105,0515,S1105|0515,발산,120,93,1099,360,DEPARTURE_TO_ARRIVAL
SL_AAA8222A8ABE,S1105,0515,S1105|0515,발산,S1105,0514,S1105|0514,마곡,120,94,7,360,DEPARTURE_TO_ARRIVAL
SL_AAA8222A8ABE,S1105,0514,S1105|0514,마곡,S1105,0513,S1105|0513,송정,120,93,2278,360,DEPARTURE_TO_ARRIVAL
SL_AAA8222A8ABE,S1105,0513,S1105|0513,송정,S1105,0512,S1105|0512,김포공항,120,120,956,360,DEPARTURE_TO_ARRIVAL
SL_AAA8222A8ABE,S1105,0512,S1105|0512,김포공항,S1105,0511,S1105|0511,개화산,120,119,1245,360,DEPARTURE_TO_ARRIVAL
SL_AAA8222A8ABE,S1105,0511,S1105|0511,개화산,S1105,0510,S1105|0510,방화,120,93,783,360,DEPARTURE_TO_ARRIVAL
SL_AAA8222A8ABE,S1105,0540,S1105|0540,왕십리(성동구청),S1105,0541,S1105|0541,마장,60,60,675,362,DEPARTURE_TO_ARRIVAL
SL_AAA8222A8ABE,S1105,0541,S1105|0541,마장,S1105,0542,S1105|0542,답십리,120,91,863,362,DEPARTURE_TO_ARRIVAL
SL_AAA8222A8ABE,S1105,0542,S1105|0542,답십리,S1105,0543,S1105|0543,장한평,120,114,1211,362,DEPARTURE_TO_ARRIVAL
SL_AAA8222A8ABE,S1105,0543,S1105|0543,장한평,S1105,0544,S1105|0544,군자(능동),120,94,1404,362,DEPARTURE_TO_ARRIVAL
SL_AAA8222A8ABE,S1105,0530,S1105|0530,애오개,S1105,0529,S1105|0529,공덕,60,86,1178,361,DEPARTURE_TO_ARRIVAL
SL_AAA8222A8ABE,S1105,0529,S1105|0529,공덕,S1105,0528,S1105|0528,마포,60,85,650,361,DEPARTURE_TO_ARRIVAL
SL_AAA8222A8ABE,S1105,0528,S1105|0528,마포,S1105,0527,S1105|0527,여의나루,120,120,1830,361,DEPARTURE_TO_ARRIVAL
SL_AAA8222A8ABE,S1105,0527,S1105|0527,여의나루,S1105,0526,S1105|0526,여의도,60,85,957,361,DEPARTURE_TO_ARRIVAL
SL_AAA8222A8ABE,S1105,0540,S1105|0540,왕십리(성동구청),S1105,0539,S1105|0539,행당,60,61,861,361,DEPARTURE_TO_ARRIVAL
SL_AAA8222A8ABE,S1105,0539,S1105|0539,행당,S1105,0538,S1105|0538,신금호,60,86,858,361,DEPARTURE_TO_ARRIVAL
SL_AAA8222A8ABE,S1105,0538,S1105|0538,신금호,S1105,0537,S1105|0537,청구,120,92,864,361,DEPARTURE_TO_ARRIVAL
SL_AAA8222A8ABE,S1105,0537,S1105|0537,청구,S1105,0536,S1105|0536,동대문역사문화공원(DDP),120,91,895,361,DEPARTURE_TO_ARRIVAL
SL_AAA8222A8ABE,S1105,0536,S1105|0536,동대문역사문화공원(DDP),S1105,0535,S1105|0535,을지로4가,120,92,698,361,DEPARTURE_TO_ARRIVAL
SL_AAA8222A8ABE,S1105,0535,S1105|0535,을지로4가,S1105,0534,S1105|0534,종로3가(탑골공원),120,116,895,361,DEPARTURE_TO_ARRIVAL
SL_AAA8222A8ABE,S1105,0534,S1105|0534,종로3가(탑골공원),S1105,0533,S1105|0533,광화문(세종문화회관),60,88,1227,361,DEPARTURE_TO_ARRIVAL
SL_AAA8222A8ABE,S1105,0533,S1105|0533,광화문(세종문화회관),S1105,0532,S1105|0532,서대문,60,88,1089,361,DEPARTURE_TO_ARRIVAL
SL_AAA8222A8ABE,S1105,0532,S1105|0532,서대문,S1105,0531,S1105|0531,충정로(경기대입구),60,60,724,361,DEPARTURE_TO_ARRIVAL
SL_AAA8222A8ABE,S1105,0531,S1105|0531,충정로(경기대입구),S1105,0530,S1105|0530,애오개,120,92,895,361,DEPARTURE_TO_ARRIVAL
SL_AAA8222A8ABE,S1105,0517,S1105|0517,화곡,S1105,0518,S1105|0518,까치산,120,95,1171,361,DEPARTURE_TO_ARRIVAL
SL_AAA8222A8ABE,S1105,0518,S1105|0518,까치산,S1105,0519,S1105|0519,신정(은행정),120,117,1173,361,DEPARTURE_TO_ARRIVAL
SL_AAA8222A8ABE,S1105,0519,S1105|0519,신정(은행정),S1105,0520,S1105|0520,목동,60,61,726,361,DEPARTURE_TO_ARRIVAL
SL_AAA8222A8ABE,S1105,0520,S1105|0520,목동,S1105,0521,S1105|0521,오목교(목동운동장앞),120,94,963,361,DEPARTURE_TO_ARRIVAL
SL_AAA8222A8ABE,S1105,0521,S1105|0521,오목교(목동운동장앞),S1105,0522,S1105|0522,양평,60,65,988,361,DEPARTURE_TO_ARRIVAL
SL_AAA8222A8ABE,S1105,0522,S1105|0522,양평,S1105,0523,S1105|0523,영등포구청,60,60,796,361,DEPARTURE_TO_ARRIVAL
SL_AAA8222A8ABE,S1105,0523,S1105|0523,영등포구청,S1105,0524,S1105|0524,영등포시장,120,92,907,361,DEPARTURE_TO_ARRIVAL
SL_AAA8222A8ABE,S1105,0524,S1105|0524,영등포시장,S1105,0525,S1105|0525,신길,60,87,1031,361,DEPARTURE_TO_ARRIVAL
SL_AAA8222A8ABE,S1105,0525,S1105|0525,신길,S1105,0526,S1105|0526,여의도,60,87,946,361,DEPARTURE_TO_ARRIVAL
SL_AAA8222A8ABE,S1105,0526,S1105|0526,여의도,S1105,0527,S1105|0527,여의나루,60,84,957,361,DEPARTURE_TO_ARRIVAL
SL_AAA8222A8ABE,S1105,0527,S1105|0527,여의나루,S1105,0528,S1105|0528,마포,120,120,1830,361,DEPARTURE_TO_ARRIVAL
SL_AAA8222A8ABE,S1105,0528,S1105|0528,마포,S1105,0529,S1105|0529,공덕,60,60,650,361,DEPARTURE_TO_ARRIVAL
SL_AAA8222A8ABE,S1105,0529,S1105|0529,공덕,S1105,0530,S1105|0530,애오개,60,84,1178,361,DEPARTURE_TO_ARRIVAL
SL_AAA8222A8ABE,S1105,0530,S1105|0530,애오개,S1105,0531,S1105|0531,충정로(경기대입구),60,63,895,361,DEPARTURE_TO_ARRIVAL
SL_AAA8222A8ABE,S1105,0531,S1105|0531,충정로(경기대입구),S1105,0532,S1105|0532,서대문,60,60,724,361,DEPARTURE_TO_ARRIVAL
SL_AAA8222A8ABE,S1105,0532,S1105|0532,서대문,S1105,0533,S1105|0533,광화문(세종문화회관),60,86,1089,361,DEPARTURE_TO_ARRIVAL
SL_AAA8222A8ABE,S1105,0533,S1105|0533,광화문(세종문화회관),S1105,0534,S1105|0534,종로3가(탑골공원),120,116,1227,361,DEPARTURE_TO_ARRIVAL
SL_AAA8222A8ABE,S1105,0534,S1105|0534,종로3가(탑골공원),S1105,0535,S1105|0535,을지로4가,120,96,895,361,DEPARTURE_TO_ARRIVAL
SL_AAA8222A8ABE,S1105,0535,S1105|0535,을지로4가,S1105,0536,S1105|0536,동대문역사문화공원(DDP),120,95,698,361,DEPARTURE_TO_ARRIVAL
SL_AAA8222A8ABE,S1105,0536,S1105|0536,동대문역사문화공원(DDP),S1105,0537,S1105|0537,청구,60,88,895,361,DEPARTURE_TO_ARRIVAL
SL_AAA8222A8ABE,S1105,0537,S1105|0537,청구,S1105,0538,S1105|0538,신금호,120,95,864,361,DEPARTURE_TO_ARRIVAL
SL_AAA8222A8ABE,S1105,0538,S1105|0538,신금호,S1105,0539,S1105|0539,행당,60,68,858,361,DEPARTURE_TO_ARRIVAL
SL_AAA8222A8ABE,S1105,0539,S1105|0539,행당,S1105,0540,S1105|0540,왕십리(성동구청),60,63,861,361,DEPARTURE_TO_ARRIVAL
SL_AAA8222A8ABE,S1105,0544,S1105|0544,군자(능동),S1105,0543,S1105|0543,장한평,120,116,1404,362,DEPARTURE_TO_ARRIVAL
SL_AAA8222A8ABE,S1105,0543,S1105|0543,장한평,S1105,0542,S1105|0542,답십리,60,88,1211,362,DEPARTURE_TO_ARRIVAL
SL_AAA8222A8ABE,S1105,0542,S1105|0542,답십리,S1105,0541,S1105|0541,마장,60,89,863,362,DEPARTURE_TO_ARRIVAL
SL_AAA8222A8ABE,S1105,0541,S1105|0541,마장,S1105,0540,S1105|0540,왕십리(성동구청),60,60,675,362,DEPARTURE_TO_ARRIVAL
SL_AAA8222A8ABE,S1105,0510,S1105|0510,방화,S1105,0511,S1105|0511,개화산,60,85,783,359,DEPARTURE_TO_ARRIVAL
SL_AAA8222A8ABE,S1105,0511,S1105|0511,개화산,S1105,0512,S1105|0512,김포공항,60,85,1245,359,DEPARTURE_TO_ARRIVAL
SL_AAA8222A8ABE,S1105,0512,S1105|0512,김포공항,S1105,0513,S1105|0513,송정,120,120,956,359,DEPARTURE_TO_ARRIVAL
SL_AAA8222A8ABE,S1105,0513,S1105|0513,송정,S1105,0514,S1105|0514,마곡,120,95,2278,359,DEPARTURE_TO_ARRIVAL
SL_AAA8222A8ABE,S1105,0514,S1105|0514,마곡,S1105,0515,S1105|0515,발산,120,95,7,359,DEPARTURE_TO_ARRIVAL
SL_AAA8222A8ABE,S1105,0515,S1105|0515,발산,S1105,0516,S1105|0516,우장산,120,95,1099,359,DEPARTURE_TO_ARRIVAL
SL_AAA8222A8ABE,S1105,0516,S1105|0516,우장산,S1105,0517,S1105|0517,화곡,120,95,887,359,DEPARTURE_TO_ARRIVAL
SL_AAA8222A8ABE,S1105,0548,S1105|0548,강동,S1105,0547,S1105|0547,천호(풍납토성),60,85,847,360,DEPARTURE_TO_ARRIVAL
SL_AAA8222A8ABE,S1105,0547,S1105|0547,천호(풍납토성),S1105,0546,S1105|0546,광나루(장신대),120,122,1921,361,DEPARTURE_TO_ARRIVAL
SL_AAA8222A8ABE,S1105,0546,S1105|0546,광나루(장신대),S1105,0545,S1105|0545,아차산(어린이대공원후문),120,96,1432,361,DEPARTURE_TO_ARRIVAL
SL_AAA8222A8ABE,S1105,0545,S1105|0545,아차산(어린이대공원후문),S1105,0544,S1105|0544,군자(능동),120,92,1052,361,DEPARTURE_TO_ARRIVAL
SL_AAA8222A8ABE,S1105,0553,S1105|0553,상일동,S1105,0552,S1105|0552,고덕,60,77,1089,188,DEPARTURE_TO_ARRIVAL
SL_AAA8222A8ABE,S1105,0552,S1105|0552,고덕,S1105,0551,S1105|0551,명일,60,77,989,188,DEPARTURE_TO_ARRIVAL
SL_AAA8222A8ABE,S1105,0551,S1105|0551,명일,S1105,0550,S1105|0550,굽은다리(강동구민회관앞),60,77,661,188,DEPARTURE_TO_ARRIVAL
SL_AAA8222A8ABE,S1105,0550,S1105|0550,굽은다리(강동구민회관앞),S1105,0549,S1105|0549,길동,60,61,860,188,DEPARTURE_TO_ARRIVAL
SL_AAA8222A8ABE,S1105,0549,S1105|0549,길동,S1105,0548,S1105|0548,강동,120,103,713,188,DEPARTURE_TO_ARRIVAL
SL_AAA8222A8ABE,S1105,0558,S1105|0558,하남검단산,S1105,0557,S1105|0557,하남시청(덕풍∙신장),120,137,1474,169,DEPARTURE_TO_ARRIVAL
SL_AAA8222A8ABE,S1105,0557,S1105|0557,하남시청(덕풍∙신장),S1105,0556,S1105|0556,하남풍산,60,77,1195,169,DEPARTURE_TO_ARRIVAL
SL_AAA8222A8ABE,S1105,0556,S1105|0556,하남풍산,S1105,0555,S1105|0555,미사,120,136,1548,169,DEPARTURE_TO_ARRIVAL
SL_AAA8222A8ABE,S1105,0555,S1105|0555,미사,S1105,0554,S1105|0554,강일,120,120,1616,169,DEPARTURE_TO_ARRIVAL
SL_AAA8222A8ABE,S1105,0554,S1105|0554,강일,S1105,0553,S1105|0553,상일동,120,120,854,169,DEPARTURE_TO_ARRIVAL
SL_AAA8222A8ABE,S1105,0553,S1105|0553,상일동,S1105,0556,S1105|0556,하남풍산,360,360,3345,1,DEPARTURE_TO_ARRIVAL
SL_564F0B5AFE1B,S1105,0518,S1105|0518,까치산,S1122,2343,S1122|2343,신정네거리,120,120,1447,217,DEPARTURE_TO_ARRIVAL
SL_564F0B5AFE1B,S1122,2343,S1122|2343,신정네거리,S1122,2342,S1122|2342,양천구청,180,180,1426,217,DEPARTURE_TO_ARRIVAL
SL_564F0B5AFE1B,S1122,2342,S1122|2342,양천구청,S1122,2341,S1122|2341,도림천,180,180,1519,217,DEPARTURE_TO_ARRIVAL
SL_564F0B5AFE1B,S1122,2341,S1122|2341,도림천,S1102,0234,S1102|0234,신도림,120,120,994,215,DEPARTURE_TO_ARRIVAL
SL_AAA8222A8ABE,S1105,0548,S1105|0548,강동,S1105,P549,S1105|P549,둔촌동,120,115,951,200,DEPARTURE_TO_ARRIVAL
SL_AAA8222A8ABE,S1105,P549,S1105|P549,둔촌동,S1105,P550,S1105|P550,올림픽공원(한국체대),120,109,1368,200,DEPARTURE_TO_ARRIVAL
SL_AAA8222A8ABE,S1105,P550,S1105|P550,올림픽공원(한국체대),S1105,P551,S1105|P551,방이,120,101,936,200,DEPARTURE_TO_ARRIVAL
SL_AAA8222A8ABE,S1105,P551,S1105|P551,방이,S1105,P552,S1105|P552,오금,120,104,740,200,DEPARTURE_TO_ARRIVAL
SL_AAA8222A8ABE,S1105,P552,S1105|P552,오금,S1105,P553,S1105|P553,개롱,60,60,778,200,DEPARTURE_TO_ARRIVAL
SL_AAA8222A8ABE,S1105,P553,S1105|P553,개롱,S1105,P554,S1105|P554,거여,60,76,974,200,DEPARTURE_TO_ARRIVAL
SL_AAA8222A8ABE,S1105,P554,S1105|P554,거여,S1105,P555,S1105|P555,마천,60,76,801,200,DEPARTURE_TO_ARRIVAL
SL_564F0B5AFE1B,S1102,0234,S1102|0234,신도림,S1122,2341,S1122|2341,도림천,60,60,994,215,DEPARTURE_TO_ARRIVAL
SL_564F0B5AFE1B,S1122,2341,S1122|2341,도림천,S1122,2342,S1122|2342,양천구청,120,120,1519,217,DEPARTURE_TO_ARRIVAL
SL_564F0B5AFE1B,S1122,2342,S1122|2342,양천구청,S1122,2343,S1122|2343,신정네거리,180,180,1426,217,DEPARTURE_TO_ARRIVAL
SL_564F0B5AFE1B,S1122,2343,S1122|2343,신정네거리,S1105,0518,S1105|0518,까치산,180,180,1447,217,DEPARTURE_TO_ARRIVAL
SL_AAA8222A8ABE,S1105,P555,S1105|P555,마천,S1105,P554,S1105|P554,거여,120,109,801,179,DEPARTURE_TO_ARRIVAL
SL_AAA8222A8ABE,S1105,P554,S1105|P554,거여,S1105,P553,S1105|P553,개롱,60,60,974,179,DEPARTURE_TO_ARRIVAL
SL_AAA8222A8ABE,S1105,P553,S1105|P553,개롱,S1105,P552,S1105|P552,오금,60,71,778,179,DEPARTURE_TO_ARRIVAL
SL_AAA8222A8ABE,S1105,P552,S1105|P552,오금,S1105,P551,S1105|P551,방이,60,60,740,179,DEPARTURE_TO_ARRIVAL
SL_AAA8222A8ABE,S1105,P551,S1105|P551,방이,S1105,P550,S1105|P550,올림픽공원(한국체대),120,109,936,179,DEPARTURE_TO_ARRIVAL
SL_AAA8222A8ABE,S1105,P550,S1105|P550,올림픽공원(한국체대),S1105,P549,S1105|P549,둔촌동,120,109,1368,179,DEPARTURE_TO_ARRIVAL
SL_AAA8222A8ABE,S1105,P549,S1105|P549,둔촌동,S1105,0548,S1105|0548,강동,120,120,951,178,DEPARTURE_TO_ARRIVAL
SL_AAA8222A8ABE,S1105,P549,S1105|P549,둔촌동,S1105,0547,S1105|0547,천호(풍납토성),180,180,1639,1,DEPARTURE_TO_ARRIVAL
SL_7E1B1F7898EE,S1106,0639,S1106|0639,안암(고대병원앞),S1106,0640,S1106|0640,고려대(종암),60,61,782,287,DEPARTURE_TO_ARRIVAL
SL_7E1B1F7898EE,S1106,0640,S1106|0640,고려대(종암),S1106,0641,S1106|0641,월곡(동덕여대),60,89,1368,287,DEPARTURE_TO_ARRIVAL
SL_7E1B1F7898EE,S1106,0641,S1106|0641,월곡(동덕여대),S1106,0642,S1106|0642,상월곡(한국과학기술연구원),60,63,793,287,DEPARTURE_TO_ARRIVAL
SL_7E1B1F7898EE,S1106,0642,S1106|0642,상월곡(한국과학기술연구원),S1106,0643,S1106|0643,돌곶이,60,62,835,287,DEPARTURE_TO_ARRIVAL
SL_7E1B1F7898EE,S1106,0643,S1106|0643,돌곶이,S1106,0644,S1106|0644,석계,60,89,970,287,DEPARTURE_TO_ARRIVAL
SL_7E1B1F7898EE,S1106,0644,S1106|0644,석계,S1106,0645,S1106|0645,태릉입구,60,61,821,287,DEPARTURE_TO_ARRIVAL
SL_7E1B1F7898EE,S1106,0645,S1106|0645,태릉입구,S1106,0646,S1106|0646,화랑대(서울여대입구),60,65,872,287,DEPARTURE_TO_ARRIVAL
SL_7E1B1F7898EE,S1106,0646,S1106|0646,화랑대(서울여대입구),S1106,0647,S1106|0647,봉화산(서울의료원),120,90,684,287,DEPARTURE_TO_ARRIVAL
SL_7E1B1F7898EE,S1106,0647,S1106|0647,봉화산(서울의료원),S1106,0648,S1106|0648,신내,300,277,1274,103,DEPARTURE_TO_ARRIVAL
SL_7E1B1F7898EE,S1106,0625,S1106|0625,대흥(서강대앞),S1106,0624,S1106|0624,광흥창(서강),120,93,904,287,DEPARTURE_TO_ARRIVAL
SL_7E1B1F7898EE,S1106,0624,S1106|0624,광흥창(서강),S1106,0623,S1106|0623,상수,60,62,798,287,DEPARTURE_TO_ARRIVAL
SL_7E1B1F7898EE,S1106,0623,S1106|0623,상수,S1106,0622,S1106|0622,합정,60,61,840,287,DEPARTURE_TO_ARRIVAL
SL_7E1B1F7898EE,S1106,0622,S1106|0622,합정,S1106,0621,S1106|0621,망원,60,88,834,287,DEPARTURE_TO_ARRIVAL
SL_7E1B1F7898EE,S1106,0621,S1106|0621,망원,S1106,0620,S1106|0620,마포구청,120,91,1025,287,DEPARTURE_TO_ARRIVAL
SL_7E1B1F7898EE,S1106,0620,S1106|0620,마포구청,S1106,0619,S1106|0619,월드컵경기장(성산),60,62,758,287,DEPARTURE_TO_ARRIVAL
SL_7E1B1F7898EE,S1106,0619,S1106|0619,월드컵경기장(성산),S1106,0618,S1106|0618,디지털미디어시티,60,83,765,287,DEPARTURE_TO_ARRIVAL
SL_7E1B1F7898EE,S1106,0618,S1106|0618,디지털미디어시티,S1106,0617,S1106|0617,증산(명지대앞),60,88,1152,287,DEPARTURE_TO_ARRIVAL
SL_7E1B1F7898EE,S1106,0617,S1106|0617,증산(명지대앞),S1106,0616,S1106|0616,새절(신사),60,87,865,287,DEPARTURE_TO_ARRIVAL
SL_7E1B1F7898EE,S1106,0616,S1106|0616,새절(신사),S1106,0610,S1106|0610,응암,120,92,846,285,DEPARTURE_TO_ARRIVAL
SL_7E1B1F7898EE,S1106,0631,S1106|0631,한강진,S1106,0632,S1106|0632,버티고개,120,94,1039,286,DEPARTURE_TO_ARRIVAL
SL_7E1B1F7898EE,S1106,0632,S1106|0632,버티고개,S1106,0633,S1106|0633,약수,60,82,743,286,DEPARTURE_TO_ARRIVAL
SL_7E1B1F7898EE,S1106,0633,S1106|0633,약수,S1106,0634,S1106|0634,청구,60,61,750,286,DEPARTURE_TO_ARRIVAL
SL_7E1B1F7898EE,S1106,0634,S1106|0634,청구,S1106,0635,S1106|0635,신당,60,64,694,286,DEPARTURE_TO_ARRIVAL
SL_7E1B1F7898EE,S1106,0635,S1106|0635,신당,S1106,0636,S1106|0636,동묘앞,60,60,680,286,DEPARTURE_TO_ARRIVAL
SL_7E1B1F7898EE,S1106,0636,S1106|0636,동묘앞,S1106,0637,S1106|0637,창신,60,63,834,286,DEPARTURE_TO_ARRIVAL
SL_7E1B1F7898EE,S1106,0637,S1106|0637,창신,S1106,0638,S1106|0638,보문,60,63,742,286,DEPARTURE_TO_ARRIVAL
SL_7E1B1F7898EE,S1106,0638,S1106|0638,보문,S1106,0639,S1106|0639,안암(고대병원앞),60,89,825,286,DEPARTURE_TO_ARRIVAL
SL_7E1B1F7898EE,S1106,0626,S1106|0626,공덕,S1106,0625,S1106|0625,대흥(서강대앞),120,91,952,286,DEPARTURE_TO_ARRIVAL
SL_7E1B1F7898EE,S1106,0626,S1106|0626,공덕,S1106,0627,S1106|0627,효창공원앞,60,63,979,286,DEPARTURE_TO_ARRIVAL
SL_7E1B1F7898EE,S1106,0627,S1106|0627,효창공원앞,S1106,0628,S1106|0628,삼각지(전쟁기념관),60,66,1189,286,DEPARTURE_TO_ARRIVAL
SL_7E1B1F7898EE,S1106,0628,S1106|0628,삼각지(전쟁기념관),S1106,0629,S1106|0629,녹사평(용산구청),120,115,1120,286,DEPARTURE_TO_ARRIVAL
SL_7E1B1F7898EE,S1106,0629,S1106|0629,녹사평(용산구청),S1106,0630,S1106|0630,이태원,60,63,681,286,DEPARTURE_TO_ARRIVAL
SL_7E1B1F7898EE,S1106,0630,S1106|0630,이태원,S1106,0631,S1106|0631,한강진,60,68,860,286,DEPARTURE_TO_ARRIVAL
SL_7E1B1F7898EE,S1106,0631,S1106|0631,한강진,S1106,0630,S1106|0630,이태원,120,111,860,286,DEPARTURE_TO_ARRIVAL
SL_7E1B1F7898EE,S1106,0630,S1106|0630,이태원,S1106,0629,S1106|0629,녹사평(용산구청),60,86,681,286,DEPARTURE_TO_ARRIVAL
SL_7E1B1F7898EE,S1106,0629,S1106|0629,녹사평(용산구청),S1106,0628,S1106|0628,삼각지(전쟁기념관),120,95,1120,286,DEPARTURE_TO_ARRIVAL
SL_7E1B1F7898EE,S1106,0628,S1106|0628,삼각지(전쟁기념관),S1106,0627,S1106|0627,효창공원앞,120,93,1189,286,DEPARTURE_TO_ARRIVAL
SL_7E1B1F7898EE,S1106,0627,S1106|0627,효창공원앞,S1106,0626,S1106|0626,공덕,120,91,979,286,DEPARTURE_TO_ARRIVAL
SL_7E1B1F7898EE,S1106,0616,S1106|0616,새절(신사),S1106,0617,S1106|0617,증산(명지대앞),60,65,865,287,DEPARTURE_TO_ARRIVAL
SL_7E1B1F7898EE,S1106,0617,S1106|0617,증산(명지대앞),S1106,0618,S1106|0618,디지털미디어시티,60,71,1152,287,DEPARTURE_TO_ARRIVAL
SL_7E1B1F7898EE,S1106,0618,S1106|0618,디지털미디어시티,S1106,0619,S1106|0619,월드컵경기장(성산),60,69,765,287,DEPARTURE_TO_ARRIVAL
SL_7E1B1F7898EE,S1106,0619,S1106|0619,월드컵경기장(성산),S1106,0620,S1106|0620,마포구청,120,105,758,287,DEPARTURE_TO_ARRIVAL
SL_7E1B1F7898EE,S1106,0620,S1106|0620,마포구청,S1106,0621,S1106|0621,망원,60,63,1025,287,DEPARTURE_TO_ARRIVAL
SL_7E1B1F7898EE,S1106,0621,S1106|0621,망원,S1106,0622,S1106|0622,합정,60,64,834,287,DEPARTURE_TO_ARRIVAL
SL_7E1B1F7898EE,S1106,0622,S1106|0622,합정,S1106,0623,S1106|0623,상수,60,62,840,287,DEPARTURE_TO_ARRIVAL
SL_7E1B1F7898EE,S1106,0623,S1106|0623,상수,S1106,0624,S1106|0624,광흥창(서강),120,105,798,287,DEPARTURE_TO_ARRIVAL
SL_7E1B1F7898EE,S1106,0624,S1106|0624,광흥창(서강),S1106,0625,S1106|0625,대흥(서강대앞),120,108,904,287,DEPARTURE_TO_ARRIVAL
SL_7E1B1F7898EE,S1106,0625,S1106|0625,대흥(서강대앞),S1106,0626,S1106|0626,공덕,60,63,952,286,DEPARTURE_TO_ARRIVAL
SL_7E1B1F7898EE,S1106,0639,S1106|0639,안암(고대병원앞),S1106,0638,S1106|0638,보문,60,62,825,286,DEPARTURE_TO_ARRIVAL
SL_7E1B1F7898EE,S1106,0638,S1106|0638,보문,S1106,0637,S1106|0637,창신,60,83,742,286,DEPARTURE_TO_ARRIVAL
SL_7E1B1F7898EE,S1106,0637,S1106|0637,창신,S1106,0636,S1106|0636,동묘앞,120,91,834,286,DEPARTURE_TO_ARRIVAL
SL_7E1B1F7898EE,S1106,0636,S1106|0636,동묘앞,S1106,0635,S1106|0635,신당,60,60,680,286,DEPARTURE_TO_ARRIVAL
SL_7E1B1F7898EE,S1106,0635,S1106|0635,신당,S1106,0634,S1106|0634,청구,60,84,694,286,DEPARTURE_TO_ARRIVAL
SL_7E1B1F7898EE,S1106,0634,S1106|0634,청구,S1106,0633,S1106|0633,약수,60,66,750,286,DEPARTURE_TO_ARRIVAL
SL_7E1B1F7898EE,S1106,0633,S1106|0633,약수,S1106,0632,S1106|0632,버티고개,60,62,743,286,DEPARTURE_TO_ARRIVAL
SL_7E1B1F7898EE,S1106,0632,S1106|0632,버티고개,S1106,0631,S1106|0631,한강진,60,86,1039,286,DEPARTURE_TO_ARRIVAL
SL_7E1B1F7898EE,S1106,0613,S1106|0613,독바위,S1106,0614,S1106|0614,연신내,120,124,1113,286,DEPARTURE_TO_ARRIVAL
SL_7E1B1F7898EE,S1106,0614,S1106|0614,연신내,S1106,0615,S1106|0615,구산,60,64,856,286,DEPARTURE_TO_ARRIVAL
SL_7E1B1F7898EE,S1106,0615,S1106|0615,구산,S1106,0610,S1106|0610,응암,120,120,1409,286,DEPARTURE_TO_ARRIVAL
SL_7E1B1F7898EE,S1106,0610,S1106|0610,응암,S1106,0616,S1106|0616,새절(신사),60,84,846,285,DEPARTURE_TO_ARRIVAL
SL_7E1B1F7898EE,S1106,0642,S1106|0642,상월곡(한국과학기술연구원),S1106,0641,S1106|0641,월곡(동덕여대),60,86,793,286,DEPARTURE_TO_ARRIVAL
SL_7E1B1F7898EE,S1106,0641,S1106|0641,월곡(동덕여대),S1106,0640,S1106|0640,고려대(종암),120,117,1368,286,DEPARTURE_TO_ARRIVAL
SL_7E1B1F7898EE,S1106,0640,S1106|0640,고려대(종암),S1106,0639,S1106|0639,안암(고대병원앞),60,66,782,286,DEPARTURE_TO_ARRIVAL
SL_7E1B1F7898EE,S1106,0610,S1106|0610,응암,S1106,0611,S1106|0611,역촌,120,93,1043,286,DEPARTURE_TO_ARRIVAL
SL_7E1B1F7898EE,S1106,0611,S1106|0611,역촌,S1106,0612,S1106|0612,불광,60,60,804,286,DEPARTURE_TO_ARRIVAL
SL_7E1B1F7898EE,S1106,0612,S1106|0612,불광,S1106,0613,S1106|0613,독바위,120,112,889,286,DEPARTURE_TO_ARRIVAL
SL_7E1B1F7898EE,S1106,0647,S1106|0647,봉화산(서울의료원),S1106,0646,S1106|0646,화랑대(서울여대입구),60,60,684,284,DEPARTURE_TO_ARRIVAL
SL_7E1B1F7898EE,S1106,0646,S1106|0646,화랑대(서울여대입구),S1106,0645,S1106|0645,태릉입구,120,116,872,284,DEPARTURE_TO_ARRIVAL
SL_7E1B1F7898EE,S1106,0645,S1106|0645,태릉입구,S1106,0644,S1106|0644,석계,60,60,821,284,DEPARTURE_TO_ARRIVAL
SL_7E1B1F7898EE,S1106,0644,S1106|0644,석계,S1106,0643,S1106|0643,돌곶이,60,68,970,284,DEPARTURE_TO_ARRIVAL
SL_7E1B1F7898EE,S1106,0643,S1106|0643,돌곶이,S1106,0642,S1106|0642,상월곡(한국과학기술연구원),60,61,835,284,DEPARTURE_TO_ARRIVAL
SL_7E1B1F7898EE,S1106,0648,S1106|0648,신내,S1106,0647,S1106|0647,봉화산(서울의료원),240,248,1274,103,DEPARTURE_TO_ARRIVAL
SL_3C3070C16347,S1107,0750,S1107|0750,온수(성공회대입구),S1107,3753,S1107|3753,까치울,180,156,1916,214,DEPARTURE_TO_ARRIVAL
SL_3C3070C16347,S1107,3753,S1107|3753,까치울,S1107,3754,S1107|3754,부천종합운동장,120,96,1203,214,DEPARTURE_TO_ARRIVAL
SL_3C3070C16347,S1107,3754,S1107|3754,부천종합운동장,S1107,3755,S1107|3755,춘의,60,61,927,214,DEPARTURE_TO_ARRIVAL
SL_3C3070C16347,S1107,3755,S1107|3755,춘의,S1107,3756,S1107|3756,신중동,60,84,964,214,DEPARTURE_TO_ARRIVAL
SL_3C3070C16347,S1107,3756,S1107|3756,신중동,S1107,3757,S1107|3757,부천시청,60,84,1124,214,DEPARTURE_TO_ARRIVAL
SL_3C3070C16347,S1107,3757,S1107|3757,부천시청,S1107,3758,S1107|3758,상동,60,61,933,214,DEPARTURE_TO_ARRIVAL
SL_3C3070C16347,S1107,3758,S1107|3758,상동,S1107,3759,S1107|3759,삼산체육관,120,94,973,214,DEPARTURE_TO_ARRIVAL
SL_3C3070C16347,S1107,3759,S1107|3759,삼산체육관,S1107,3760,S1107|3760,굴포천,60,61,937,214,DEPARTURE_TO_ARRIVAL
SL_3C3070C16347,S1107,3760,S1107|3760,굴포천,S1107,3761,S1107|3761,부평구청,60,84,895,214,DEPARTURE_TO_ARRIVAL
SL_3C3070C16347,S1107,3761,S1107|3761,부평구청,S1107,3762,S1107|3762,산곡,120,120,1578,214,DEPARTURE_TO_ARRIVAL
SL_3C3070C16347,S1107,3762,S1107|3762,산곡,S1107,3763,S1107|3763,석남(거북시장),180,180,2422,214,DEPARTURE_TO_ARRIVAL
SL_3C3070C16347,S1107,0717,S1107|0717,태릉입구,S1107,0716,S1107|0716,공릉(서울과학기술대),60,60,820,359,DEPARTURE_TO_ARRIVAL
SL_3C3070C16347,S1107,0716,S1107|0716,공릉(서울과학기술대),S1107,0715,S1107|0715,하계,120,99,1270,359,DEPARTURE_TO_ARRIVAL
SL_3C3070C16347,S1107,0715,S1107|0715,하계,S1107,0714,S1107|0714,중계,60,61,1026,359,DEPARTURE_TO_ARRIVAL
SL_3C3070C16347,S1107,0714,S1107|0714,중계,S1107,0713,S1107|0713,노원,60,80,1093,359,DEPARTURE_TO_ARRIVAL
SL_3C3070C16347,S1107,0713,S1107|0713,노원,S1107,0712,S1107|0712,마들,60,81,1195,359,DEPARTURE_TO_ARRIVAL
SL_3C3070C16347,S1107,0712,S1107|0712,마들,S1107,0711,S1107|0711,수락산,120,120,1441,359,DEPARTURE_TO_ARRIVAL
SL_3C3070C16347,S1107,0711,S1107|0711,수락산,S1107,0710,S1107|0710,도봉산,180,159,1477,358,DEPARTURE_TO_ARRIVAL
SL_3C3070C16347,S1107,0710,S1107|0710,도봉산,S1107,0709,S1107|0709,장암,300,278,1355,162,DEPARTURE_TO_ARRIVAL
SL_3C3070C16347,S1107,0743,S1107|0743,신풍,S1107,0744,S1107|0744,대림(구로구청),120,120,1380,359,DEPARTURE_TO_ARRIVAL
SL_3C3070C16347,S1107,0744,S1107|0744,대림(구로구청),S1107,0745,S1107|0745,남구로,120,93,1137,359,DEPARTURE_TO_ARRIVAL
SL_3C3070C16347,S1107,0745,S1107|0745,남구로,S1107,0746,S1107|0746,가산디지털단지,120,93,766,359,DEPARTURE_TO_ARRIVAL
SL_3C3070C16347,S1107,0746,S1107|0746,가산디지털단지,S1107,0747,S1107|0747,철산,120,120,1362,359,DEPARTURE_TO_ARRIVAL
SL_3C3070C16347,S1107,0747,S1107|0747,철산,S1107,0748,S1107|0748,광명사거리,120,91,1229,359,DEPARTURE_TO_ARRIVAL
SL_3C3070C16347,S1107,0748,S1107|0748,광명사거리,S1107,0749,S1107|0749,천왕,120,120,1649,359,DEPARTURE_TO_ARRIVAL
SL_3C3070C16347,S1107,0749,S1107|0749,천왕,S1107,0750,S1107|0750,온수(성공회대입구),180,156,1483,359,DEPARTURE_TO_ARRIVAL
SL_3C3070C16347,S1107,0727,S1107|0727,건대입구,S1107,0726,S1107|0726,어린이대공원(세종대),60,64,847,359,DEPARTURE_TO_ARRIVAL
SL_3C3070C16347,S1107,0726,S1107|0726,어린이대공원(세종대),S1107,0725,S1107|0725,군자(능동),120,95,1107,359,DEPARTURE_TO_ARRIVAL
SL_3C3070C16347,S1107,0725,S1107|0725,군자(능동),S1107,0724,S1107|0724,중곡,120,95,1059,359,DEPARTURE_TO_ARRIVAL
SL_3C3070C16347,S1107,0724,S1107|0724,중곡,S1107,0723,S1107|0723,용마산(용마폭포공원),120,96,903,359,DEPARTURE_TO_ARRIVAL
SL_3C3070C16347,S1107,0723,S1107|0723,용마산(용마폭포공원),S1107,0722,S1107|0722,사가정,60,77,810,359,DEPARTURE_TO_ARRIVAL
SL_3C3070C16347,S1107,0722,S1107|0722,사가정,S1107,0721,S1107|0721,면목,60,61,867,359,DEPARTURE_TO_ARRIVAL
SL_3C3070C16347,S1107,0721,S1107|0721,면목,S1107,0720,S1107|0720,상봉,60,64,794,359,DEPARTURE_TO_ARRIVAL
SL_3C3070C16347,S1107,0720,S1107|0720,상봉,S1107,0719,S1107|0719,중화,120,119,958,359,DEPARTURE_TO_ARRIVAL
SL_3C3070C16347,S1107,0719,S1107|0719,중화,S1107,0718,S1107|0718,먹골,120,93,904,359,DEPARTURE_TO_ARRIVAL
SL_3C3070C16347,S1107,0718,S1107|0718,먹골,S1107,0717,S1107|0717,태릉입구,60,64,901,359,DEPARTURE_TO_ARRIVAL
SL_3C3070C16347,S1107,0735,S1107|0735,내방,S1107,0736,S1107|0736,총신대입구(이수),120,95,1072,359,DEPARTURE_TO_ARRIVAL
SL_3C3070C16347,S1107,0736,S1107|0736,총신대입구(이수),S1107,0737,S1107|0737,남성,120,94,943,359,DEPARTURE_TO_ARRIVAL
SL_3C3070C16347,S1107,0737,S1107|0737,남성,S1107,0738,S1107|0738,숭실대입구(살피재),180,156,2007,359,DEPARTURE_TO_ARRIVAL
SL_3C3070C16347,S1107,0738,S1107|0738,숭실대입구(살피재),S1107,0739,S1107|0739,상도,60,62,883,359,DEPARTURE_TO_ARRIVAL
SL_3C3070C16347,S1107,0739,S1107|0739,상도,S1107,0740,S1107|0740,장승배기,60,85,820,359,DEPARTURE_TO_ARRIVAL
SL_3C3070C16347,S1107,0740,S1107|0740,장승배기,S1107,0741,S1107|0741,신대방삼거리,120,119,1111,359,DEPARTURE_TO_ARRIVAL
SL_3C3070C16347,S1107,0741,S1107|0741,신대방삼거리,S1107,0742,S1107|0742,보라매,60,64,715,359,DEPARTURE_TO_ARRIVAL
SL_3C3070C16347,S1107,0742,S1107|0742,보라매,S1107,0743,S1107|0743,신풍,60,82,909,359,DEPARTURE_TO_ARRIVAL
SL_3C3070C16347,S1107,0729,S1107|0729,청담,S1107,0728,S1107|0728,자양(뚝섬한강공원),120,141,1907,359,DEPARTURE_TO_ARRIVAL
SL_3C3070C16347,S1107,0728,S1107|0728,자양(뚝섬한강공원),S1107,0727,S1107|0727,건대입구,120,96,1107,359,DEPARTURE_TO_ARRIVAL
SL_3C3070C16347,S1107,0735,S1107|0735,내방,S1107,0734,S1107|0734,고속터미널,180,157,2024,359,DEPARTURE_TO_ARRIVAL
SL_3C3070C16347,S1107,0734,S1107|0734,고속터미널,S1107,0733,S1107|0733,반포,60,84,793,359,DEPARTURE_TO_ARRIVAL
SL_3C3070C16347,S1107,0733,S1107|0733,반포,S1107,0732,S1107|0732,논현,120,93,913,359,DEPARTURE_TO_ARRIVAL
SL_3C3070C16347,S1107,0732,S1107|0732,논현,S1107,0731,S1107|0731,학동,60,63,978,359,DEPARTURE_TO_ARRIVAL
SL_3C3070C16347,S1107,0731,S1107|0731,학동,S1107,0730,S1107|0730,강남구청,60,78,897,359,DEPARTURE_TO_ARRIVAL
SL_3C3070C16347,S1107,0730,S1107|0730,강남구청,S1107,0729,S1107|0729,청담,60,81,961,359,DEPARTURE_TO_ARRIVAL
SL_3C3070C16347,S1107,0729,S1107|0729,청담,S1107,0730,S1107|0730,강남구청,120,96,961,359,DEPARTURE_TO_ARRIVAL
SL_3C3070C16347,S1107,0730,S1107|0730,강남구청,S1107,0731,S1107|0731,학동,60,61,897,359,DEPARTURE_TO_ARRIVAL
SL_3C3070C16347,S1107,0731,S1107|0731,학동,S1107,0732,S1107|0732,논현,60,80,978,359,DEPARTURE_TO_ARRIVAL
SL_3C3070C16347,S1107,0732,S1107|0732,논현,S1107,0733,S1107|0733,반포,60,62,913,359,DEPARTURE_TO_ARRIVAL
SL_3C3070C16347,S1107,0733,S1107|0733,반포,S1107,0734,S1107|0734,고속터미널,120,98,793,359,DEPARTURE_TO_ARRIVAL
SL_3C3070C16347,S1107,0734,S1107|0734,고속터미널,S1107,0735,S1107|0735,내방,180,157,2024,359,DEPARTURE_TO_ARRIVAL
SL_3C3070C16347,S1107,0743,S1107|0743,신풍,S1107,0742,S1107|0742,보라매,60,82,909,359,DEPARTURE_TO_ARRIVAL
SL_3C3070C16347,S1107,0742,S1107|0742,보라매,S1107,0741,S1107|0741,신대방삼거리,60,63,715,359,DEPARTURE_TO_ARRIVAL
SL_3C3070C16347,S1107,0741,S1107|0741,신대방삼거리,S1107,0740,S1107|0740,장승배기,120,118,1111,359,DEPARTURE_TO_ARRIVAL
SL_3C3070C16347,S1107,0740,S1107|0740,장승배기,S1107,0739,S1107|0739,상도,60,85,820,359,DEPARTURE_TO_ARRIVAL
SL_3C3070C16347,S1107,0739,S1107|0739,상도,S1107,0738,S1107|0738,숭실대입구(살피재),60,63,883,359,DEPARTURE_TO_ARRIVAL
SL_3C3070C16347,S1107,0738,S1107|0738,숭실대입구(살피재),S1107,0737,S1107|0737,남성,180,156,2007,359,DEPARTURE_TO_ARRIVAL
SL_3C3070C16347,S1107,0737,S1107|0737,남성,S1107,0736,S1107|0736,총신대입구(이수),120,92,943,359,DEPARTURE_TO_ARRIVAL
SL_3C3070C16347,S1107,0736,S1107|0736,총신대입구(이수),S1107,0735,S1107|0735,내방,120,95,1072,359,DEPARTURE_TO_ARRIVAL
SL_3C3070C16347,S1107,0727,S1107|0727,건대입구,S1107,0728,S1107|0728,자양(뚝섬한강공원),120,96,1107,359,DEPARTURE_TO_ARRIVAL
SL_3C3070C16347,S1107,0728,S1107|0728,자양(뚝섬한강공원),S1107,0729,S1107|0729,청담,180,156,1907,359,DEPARTURE_TO_ARRIVAL
SL_3C3070C16347,S1107,0750,S1107|0750,온수(성공회대입구),S1107,0749,S1107|0749,천왕,120,120,1483,357,DEPARTURE_TO_ARRIVAL
SL_3C3070C16347,S1107,0749,S1107|0749,천왕,S1107,0748,S1107|0748,광명사거리,120,120,1649,357,DEPARTURE_TO_ARRIVAL
SL_3C3070C16347,S1107,0748,S1107|0748,광명사거리,S1107,0747,S1107|0747,철산,120,119,1229,357,DEPARTURE_TO_ARRIVAL
SL_3C3070C16347,S1107,0747,S1107|0747,철산,S1107,0746,S1107|0746,가산디지털단지,120,120,1362,357,DEPARTURE_TO_ARRIVAL
SL_3C3070C16347,S1107,0746,S1107|0746,가산디지털단지,S1107,0745,S1107|0745,남구로,60,62,766,357,DEPARTURE_TO_ARRIVAL
SL_3C3070C16347,S1107,0745,S1107|0745,남구로,S1107,0744,S1107|0744,대림(구로구청),120,97,1137,357,DEPARTURE_TO_ARRIVAL
SL_3C3070C16347,S1107,0744,S1107|0744,대림(구로구청),S1107,0743,S1107|0743,신풍,120,120,1380,357,DEPARTURE_TO_ARRIVAL
SL_3C3070C16347,S1107,0717,S1107|0717,태릉입구,S1107,0718,S1107|0718,먹골,60,76,901,359,DEPARTURE_TO_ARRIVAL
SL_3C3070C16347,S1107,0718,S1107|0718,먹골,S1107,0719,S1107|0719,중화,60,65,904,359,DEPARTURE_TO_ARRIVAL
SL_3C3070C16347,S1107,0719,S1107|0719,중화,S1107,0720,S1107|0720,상봉,120,114,958,359,DEPARTURE_TO_ARRIVAL
SL_3C3070C16347,S1107,0720,S1107|0720,상봉,S1107,0721,S1107|0721,면목,60,61,794,359,DEPARTURE_TO_ARRIVAL
SL_3C3070C16347,S1107,0721,S1107|0721,면목,S1107,0722,S1107|0722,사가정,120,93,867,359,DEPARTURE_TO_ARRIVAL
SL_3C3070C16347,S1107,0722,S1107|0722,사가정,S1107,0723,S1107|0723,용마산(용마폭포공원),60,65,810,359,DEPARTURE_TO_ARRIVAL
SL_3C3070C16347,S1107,0723,S1107|0723,용마산(용마폭포공원),S1107,0724,S1107|0724,중곡,60,62,903,359,DEPARTURE_TO_ARRIVAL
SL_3C3070C16347,S1107,0724,S1107|0724,중곡,S1107,0725,S1107|0725,군자(능동),120,96,1059,359,DEPARTURE_TO_ARRIVAL
SL_3C3070C16347,S1107,0725,S1107|0725,군자(능동),S1107,0726,S1107|0726,어린이대공원(세종대),120,96,1107,359,DEPARTURE_TO_ARRIVAL
SL_3C3070C16347,S1107,0726,S1107|0726,어린이대공원(세종대),S1107,0727,S1107|0727,건대입구,120,96,847,359,DEPARTURE_TO_ARRIVAL
SL_3C3070C16347,S1107,0710,S1107|0710,도봉산,S1107,0711,S1107|0711,수락산,120,120,1477,357,DEPARTURE_TO_ARRIVAL
SL_3C3070C16347,S1107,0711,S1107|0711,수락산,S1107,0712,S1107|0712,마들,120,120,1441,357,DEPARTURE_TO_ARRIVAL
SL_3C3070C16347,S1107,0712,S1107|0712,마들,S1107,0713,S1107|0713,노원,60,81,1195,357,DEPARTURE_TO_ARRIVAL
SL_3C3070C16347,S1107,0713,S1107|0713,노원,S1107,0714,S1107|0714,중계,60,81,1093,357,DEPARTURE_TO_ARRIVAL
SL_3C3070C16347,S1107,0714,S1107|0714,중계,S1107,0715,S1107|0715,하계,60,60,1026,357,DEPARTURE_TO_ARRIVAL
SL_3C3070C16347,S1107,0715,S1107|0715,하계,S1107,0716,S1107|0716,공릉(서울과학기술대),120,99,1270,357,DEPARTURE_TO_ARRIVAL
SL_3C3070C16347,S1107,0716,S1107|0716,공릉(서울과학기술대),S1107,0717,S1107|0717,태릉입구,60,60,820,357,DEPARTURE_TO_ARRIVAL
SL_3C3070C16347,S1107,3763,S1107|3763,석남(거북시장),S1107,3762,S1107|3762,산곡,180,180,2422,214,DEPARTURE_TO_ARRIVAL
SL_3C3070C16347,S1107,3762,S1107|3762,산곡,S1107,3761,S1107|3761,부평구청,120,120,1578,214,DEPARTURE_TO_ARRIVAL
SL_3C3070C16347,S1107,3761,S1107|3761,부평구청,S1107,3760,S1107|3760,굴포천,60,61,895,214,DEPARTURE_TO_ARRIVAL
SL_3C3070C16347,S1107,3760,S1107|3760,굴포천,S1107,3759,S1107|3759,삼산체육관,60,83,937,214,DEPARTURE_TO_ARRIVAL
SL_3C3070C16347,S1107,3759,S1107|3759,삼산체육관,S1107,3758,S1107|3758,상동,60,60,973,214,DEPARTURE_TO_ARRIVAL
SL_3C3070C16347,S1107,3758,S1107|3758,상동,S1107,3757,S1107|3757,부천시청,120,96,933,214,DEPARTURE_TO_ARRIVAL
SL_3C3070C16347,S1107,3757,S1107|3757,부천시청,S1107,3756,S1107|3756,신중동,60,61,1124,214,DEPARTURE_TO_ARRIVAL
SL_3C3070C16347,S1107,3756,S1107|3756,신중동,S1107,3755,S1107|3755,춘의,60,83,964,214,DEPARTURE_TO_ARRIVAL
SL_3C3070C16347,S1107,3755,S1107|3755,춘의,S1107,3754,S1107|3754,부천종합운동장,60,83,927,214,DEPARTURE_TO_ARRIVAL
SL_3C3070C16347,S1107,3754,S1107|3754,부천종합운동장,S1107,3753,S1107|3753,까치울,60,83,1203,214,DEPARTURE_TO_ARRIVAL
SL_3C3070C16347,S1107,3753,S1107|3753,까치울,S1107,0750,S1107|0750,온수(성공회대입구),120,143,1916,214,DEPARTURE_TO_ARRIVAL
SL_3C3070C16347,S1107,0709,S1107|0709,장암,S1107,0710,S1107|0710,도봉산,240,262,1355,162,DEPARTURE_TO_ARRIVAL
SL_F342822E3817,S1108,0817,S1108|0817,가락시장,S1108,0818,S1108|0818,문정,60,61,869,279,DEPARTURE_TO_ARRIVAL
SL_F342822E3817,S1108,0818,S1108|0818,문정,S1108,0819,S1108|0819,장지,120,104,879,279,DEPARTURE_TO_ARRIVAL
SL_F342822E3817,S1108,0819,S1108|0819,장지,S1108,0820,S1108|0820,복정,60,62,846,279,DEPARTURE_TO_ARRIVAL
SL_F342822E3817,S1108,0820,S1108|0820,복정,S1108,0821,S1108|0821,남위례,120,112,1416,279,DEPARTURE_TO_ARRIVAL
SL_F342822E3817,S1108,0821,S1108|0821,남위례,S1108,0822,S1108|0822,산성,120,116,1166,279,DEPARTURE_TO_ARRIVAL
SL_F342822E3817,S1108,0822,S1108|0822,산성,S1108,0823,S1108|0823,남한산성입구(성남법원·검찰청),120,120,1056,279,DEPARTURE_TO_ARRIVAL
SL_F342822E3817,S1108,0823,S1108|0823,남한산성입구(성남법원·검찰청),S1108,0824,S1108|0824,단대오거리,60,64,774,279,DEPARTURE_TO_ARRIVAL
SL_F342822E3817,S1108,0824,S1108|0824,단대오거리,S1108,0825,S1108|0825,신흥,60,68,927,279,DEPARTURE_TO_ARRIVAL
SL_F342822E3817,S1108,0825,S1108|0825,신흥,S1108,0826,S1108|0826,수진,60,60,697,279,DEPARTURE_TO_ARRIVAL
SL_F342822E3817,S1108,0826,S1108|0826,수진,S1108,0827,S1108|0827,모란,60,71,1051,279,DEPARTURE_TO_ARRIVAL
SL_F342822E3817,S1108,0810,S1108|0810,암사,S1108,0809,S1108|0809,암사역사공원,120,120,1181,279,DEPARTURE_TO_ARRIVAL
SL_F342822E3817,S1108,0809,S1108|0809,암사역사공원,S1108,808,S1108|808,장자호수공원,240,230,3342,279,DEPARTURE_TO_ARRIVAL
SL_F342822E3817,S1108,808,S1108|808,장자호수공원,S1108,807,S1108|807,구리(구리전통시장),180,169,1723,279,DEPARTURE_TO_ARRIVAL
SL_F342822E3817,S1108,807,S1108|807,구리(구리전통시장),S1108,806,S1108|806,동구릉,120,109,1020,279,DEPARTURE_TO_ARRIVAL
SL_F342822E3817,S1108,806,S1108|806,동구릉,S4108,805,S4108|805,다산역,120,120,2011,279,DEPARTURE_TO_ARRIVAL
SL_F342822E3817,S4108,805,S4108|805,다산역,S4108,804,S4108|804,별내역,180,190,2828,279,DEPARTURE_TO_ARRIVAL
SL_F342822E3817,S1108,0810,S1108|0810,암사,S1108,0811,S1108|0811,천호(풍납토성),120,111,1410,279,DEPARTURE_TO_ARRIVAL
SL_F342822E3817,S1108,0811,S1108|0811,천호(풍납토성),S1108,0812,S1108|0812,강동구청,60,61,875,279,DEPARTURE_TO_ARRIVAL
SL_F342822E3817,S1108,0812,S1108|0812,강동구청,S1108,0813,S1108|0813,몽촌토성(평화의문),120,120,1563,279,DEPARTURE_TO_ARRIVAL
SL_F342822E3817,S1108,0813,S1108|0813,몽촌토성(평화의문),S1108,0814,S1108|0814,잠실(송파구청),60,62,820,279,DEPARTURE_TO_ARRIVAL
SL_F342822E3817,S1108,0814,S1108|0814,잠실(송파구청),S1108,0815,S1108|0815,석촌,120,117,1057,279,DEPARTURE_TO_ARRIVAL
SL_F342822E3817,S1108,0815,S1108|0815,석촌,S1108,0816,S1108|0816,송파,60,62,771,279,DEPARTURE_TO_ARRIVAL
SL_F342822E3817,S1108,0816,S1108|0816,송파,S1108,0817,S1108|0817,가락시장,60,64,929,279,DEPARTURE_TO_ARRIVAL
SL_F342822E3817,S1108,0814,S1108|0814,잠실(송파구청),S1108,0813,S1108|0813,몽촌토성(평화의문),60,63,820,279,DEPARTURE_TO_ARRIVAL
SL_F342822E3817,S1108,0813,S1108|0813,몽촌토성(평화의문),S1108,0812,S1108|0812,강동구청,120,120,1563,279,DEPARTURE_TO_ARRIVAL
SL_F342822E3817,S1108,0812,S1108|0812,강동구청,S1108,0811,S1108|0811,천호(풍납토성),60,70,875,279,DEPARTURE_TO_ARRIVAL
SL_F342822E3817,S1108,0811,S1108|0811,천호(풍납토성),S1108,0810,S1108|0810,암사,60,72,1410,279,DEPARTURE_TO_ARRIVAL
SL_F342822E3817,S1108,807,S1108|807,구리(구리전통시장),S1108,808,S1108|808,장자호수공원,120,120,1723,279,DEPARTURE_TO_ARRIVAL
SL_F342822E3817,S1108,808,S1108|808,장자호수공원,S1108,0809,S1108|0809,암사역사공원,180,192,3342,279,DEPARTURE_TO_ARRIVAL
SL_F342822E3817,S1108,0809,S1108|0809,암사역사공원,S1108,0810,S1108|0810,암사,180,180,1181,279,DEPARTURE_TO_ARRIVAL
SL_F342822E3817,S1108,0817,S1108|0817,가락시장,S1108,0816,S1108|0816,송파,60,66,929,279,DEPARTURE_TO_ARRIVAL
SL_F342822E3817,S1108,0816,S1108|0816,송파,S1108,0815,S1108|0815,석촌,120,101,771,279,DEPARTURE_TO_ARRIVAL
SL_F342822E3817,S1108,0815,S1108|0815,석촌,S1108,0814,S1108|0814,잠실(송파구청),120,116,1057,279,DEPARTURE_TO_ARRIVAL
SL_F342822E3817,S4108,804,S4108|804,별내역,S4108,805,S4108|805,다산역,180,180,2828,277,DEPARTURE_TO_ARRIVAL
SL_F342822E3817,S4108,805,S4108|805,다산역,S1108,806,S1108|806,동구릉,180,172,2011,277,DEPARTURE_TO_ARRIVAL
SL_F342822E3817,S1108,806,S1108|806,동구릉,S1108,807,S1108|807,구리(구리전통시장),60,60,1020,277,DEPARTURE_TO_ARRIVAL
SL_F342822E3817,S1108,0827,S1108|0827,모란,S1108,0826,S1108|0826,수진,60,65,1051,277,DEPARTURE_TO_ARRIVAL
SL_F342822E3817,S1108,0826,S1108|0826,수진,S1108,0825,S1108|0825,신흥,120,115,697,277,DEPARTURE_TO_ARRIVAL
SL_F342822E3817,S1108,0825,S1108|0825,신흥,S1108,0824,S1108|0824,단대오거리,60,61,927,277,DEPARTURE_TO_ARRIVAL
SL_F342822E3817,S1108,0824,S1108|0824,단대오거리,S1108,0823,S1108|0823,남한산성입구(성남법원·검찰청),60,60,774,277,DEPARTURE_TO_ARRIVAL
SL_F342822E3817,S1108,0823,S1108|0823,남한산성입구(성남법원·검찰청),S1108,0822,S1108|0822,산성,120,132,1056,277,DEPARTURE_TO_ARRIVAL
SL_F342822E3817,S1108,0822,S1108|0822,산성,S1108,0821,S1108|0821,남위례,120,115,1166,277,DEPARTURE_TO_ARRIVAL
SL_F342822E3817,S1108,0821,S1108|0821,남위례,S1108,0820,S1108|0820,복정,120,119,1416,277,DEPARTURE_TO_ARRIVAL
SL_F342822E3817,S1108,0820,S1108|0820,복정,S1108,0819,S1108|0819,장지,120,100,846,277,DEPARTURE_TO_ARRIVAL
SL_F342822E3817,S1108,0819,S1108|0819,장지,S1108,0818,S1108|0818,문정,60,66,879,277,DEPARTURE_TO_ARRIVAL
SL_F342822E3817,S1108,0818,S1108|0818,문정,S1108,0817,S1108|0817,가락시장,60,66,869,277,DEPARTURE_TO_ARRIVAL
SL_9466C01B2356,I4101,1701,I4101|1701,구로역,I1101,1813,I1101|1813,구일역,120,120,1387,445,DEPARTURE_TO_ARRIVAL
SL_9466C01B2356,I1101,1813,I1101|1813,구일역,I1101,1801,I1101|1801,개봉역,90,86,954,449,DEPARTURE_TO_ARRIVAL
SL_9466C01B2356,I1101,1801,I1101|1801,개봉역,I1101,1802,I1101|1802,오류동역,120,119,1231,456,DEPARTURE_TO_ARRIVAL
SL_9466C01B2356,I1101,1802,I1101|1802,오류동역,I1101,1821,I1101|1821,온수역,150,152,1881,474,DEPARTURE_TO_ARRIVAL
SL_9466C01B2356,I1101,1821,I1101|1821,온수역,I1101,1803,I1101|1803,역곡역,90,94,1307,445,DEPARTURE_TO_ARRIVAL
SL_9466C01B2356,I1101,1803,I1101|1803,역곡역,I1101,4804,I1101|4804,소사역,120,120,1434,444,DEPARTURE_TO_ARRIVAL
SL_9466C01B2356,I1101,4804,I1101|4804,소사역,I1101,1804,I1101|1804,부천역,90,86,1145,444,DEPARTURE_TO_ARRIVAL
SL_9466C01B2356,I1101,1804,I1101|1804,부천역,I1101,1822,I1101|1822,중동역,120,120,1641,445,DEPARTURE_TO_ARRIVAL
SL_9466C01B2356,I1101,1822,I1101|1822,중동역,I1101,1805,I1101|1805,송내역,90,94,1014,446,DEPARTURE_TO_ARRIVAL
SL_9466C01B2356,I1101,1805,I1101|1805,송내역,I1101,1815,I1101|1815,부개역,90,94,1107,445,DEPARTURE_TO_ARRIVAL
SL_9466C01B2356,I1101,1815,I1101|1815,부개역,I1101,1806,I1101|1806,부평역,120,120,1413,445,DEPARTURE_TO_ARRIVAL
SL_9466C01B2356,I1101,1806,I1101|1806,부평역,I1101,1807,I1101|1807,백운역,150,146,1681,438,DEPARTURE_TO_ARRIVAL
SL_9466C01B2356,I1101,1807,I1101|1807,백운역,I1101,1808,I1101|1808,동암역,120,120,1434,440,DEPARTURE_TO_ARRIVAL
SL_9466C01B2356,I1101,1808,I1101|1808,동암역,I1101,1816,I1101|1816,간석역,120,120,1089,448,DEPARTURE_TO_ARRIVAL
SL_9466C01B2356,I1101,1823,I1101|1823,도화역,I1101,1810,I1101|1810,제물포역,90,92,1000,462,DEPARTURE_TO_ARRIVAL
SL_9466C01B2356,I1101,1810,I1101|1810,제물포역,I1101,1817,I1101|1817,도원역,90,94,1281,443,DEPARTURE_TO_ARRIVAL
SL_9466C01B2356,I1101,1817,I1101|1817,도원역,I1101,1811,I1101|1811,동인천역,90,99,1178,476,DEPARTURE_TO_ARRIVAL
SL_9466C01B2356,I1101,1811,I1101|1811,동인천역,I1101,1812,I1101|1812,인천역,210,214,1386,438,DEPARTURE_TO_ARRIVAL
SL_9466C01B2356,I1101,1812,I1101|1812,인천역,I1101,1811,I1101|1811,동인천역,180,195,1386,432,DEPARTURE_TO_ARRIVAL
SL_9466C01B2356,I1101,1811,I1101|1811,동인천역,I1101,1817,I1101|1817,도원역,90,77,1178,455,DEPARTURE_TO_ARRIVAL
SL_9466C01B2356,I1101,1817,I1101|1817,도원역,I1101,1810,I1101|1810,제물포역,60,75,1281,509,DEPARTURE_TO_ARRIVAL
SL_9466C01B2356,I1101,1810,I1101|1810,제물포역,I1101,1823,I1101|1823,도화역,90,76,1000,441,DEPARTURE_TO_ARRIVAL
SL_9466C01B2356,I1101,1816,I1101|1816,간석역,I1101,1808,I1101|1808,동암역,120,121,1089,445,DEPARTURE_TO_ARRIVAL
SL_9466C01B2356,I1101,1808,I1101|1808,동암역,I1101,1807,I1101|1807,백운역,120,121,1434,435,DEPARTURE_TO_ARRIVAL
SL_9466C01B2356,I1101,1807,I1101|1807,백운역,I1101,1806,I1101|1806,부평역,150,164,1681,436,DEPARTURE_TO_ARRIVAL
SL_9466C01B2356,I1101,1806,I1101|1806,부평역,I1101,1815,I1101|1815,부개역,120,120,1413,449,DEPARTURE_TO_ARRIVAL
SL_9466C01B2356,I1101,1815,I1101|1815,부개역,I1101,1805,I1101|1805,송내역,90,77,1107,447,DEPARTURE_TO_ARRIVAL
SL_9466C01B2356,I1101,1805,I1101|1805,송내역,I1101,1822,I1101|1822,중동역,90,77,1014,448,DEPARTURE_TO_ARRIVAL
SL_9466C01B2356,I1101,1822,I1101|1822,중동역,I1101,1804,I1101|1804,부천역,120,120,1641,447,DEPARTURE_TO_ARRIVAL
SL_9466C01B2356,I1101,1804,I1101|1804,부천역,I1101,4804,I1101|4804,소사역,90,105,1145,449,DEPARTURE_TO_ARRIVAL
SL_9466C01B2356,I1101,4804,I1101|4804,소사역,I1101,1803,I1101|1803,역곡역,120,119,1434,448,DEPARTURE_TO_ARRIVAL
SL_9466C01B2356,I1101,1803,I1101|1803,역곡역,I1101,1821,I1101|1821,온수역,90,77,1307,448,DEPARTURE_TO_ARRIVAL
SL_9466C01B2356,I1101,1821,I1101|1821,온수역,I1101,1802,I1101|1802,오류동역,120,135,1881,585,DEPARTURE_TO_ARRIVAL
SL_9466C01B2356,I1101,1802,I1101|1802,오류동역,I1101,1801,I1101|1801,개봉역,120,120,1231,455,DEPARTURE_TO_ARRIVAL
SL_9466C01B2356,I1101,1801,I1101|1801,개봉역,I1101,1813,I1101|1813,구일역,90,105,954,456,DEPARTURE_TO_ARRIVAL
SL_9466C01B2356,I1101,1813,I1101|1813,구일역,I4101,1701,I4101|1701,구로역,120,120,1387,450,DEPARTURE_TO_ARRIVAL
SL_9466C01B2356,I4101,1701,I4101|1701,구로역,I4101,1007,I4101|1007,신도림역,120,120,1056,1136,DEPARTURE_TO_ARRIVAL
SL_9466C01B2356,I4101,1007,I4101|1007,신도림역,I4101,1006,I4101|1006,영등포역,120,120,1592,1121,DEPARTURE_TO_ARRIVAL
SL_9466C01B2356,I4101,1006,I4101|1006,영등포역,I4101,1032,I4101|1032,신길역,120,120,922,1041,DEPARTURE_TO_ARRIVAL
SL_9466C01B2356,I4101,1032,I4101|1032,신길역,I4101,1005,I4101|1005,대방역,60,61,864,1044,DEPARTURE_TO_ARRIVAL
SL_9466C01B2356,I4101,1005,I4101|1005,대방역,I4101,1004,I4101|1004,노량진역,120,120,1348,1044,DEPARTURE_TO_ARRIVAL
SL_9466C01B2356,I4101,1004,I4101|1004,노량진역,I4101,1003,I4101|1003,용산역,180,180,2692,827,DEPARTURE_TO_ARRIVAL
SL_9466C01B2356,I4101,1003,I4101|1003,용산역,I4101,1002,I4101|1002,남영역,120,120,1317,659,DEPARTURE_TO_ARRIVAL
SL_9466C01B2356,I4101,1002,I4101|1002,남영역,I4101,0133,I4101|0133,서울역,120,132,1698,470,DEPARTURE_TO_ARRIVAL
SL_9466C01B2356,I4101,0133,I4101|0133,서울역,I4101,0132,I4101|0132,시청,120,121,1134,478,DEPARTURE_TO_ARRIVAL
SL_9466C01B2356,I4101,0132,I4101|0132,시청,I4101,0131,I4101|0131,종각,120,120,761,906,DEPARTURE_TO_ARRIVAL
SL_9466C01B2356,I4101,0131,I4101|0131,종각,I4101,0130,I4101|0130,종로3가,60,72,792,478,DEPARTURE_TO_ARRIVAL
SL_9466C01B2356,I4101,0130,I4101|0130,종로3가,I4101,0129,I4101|0129,종로5가,60,74,866,478,DEPARTURE_TO_ARRIVAL
SL_9466C01B2356,I4101,0129,I4101|0129,종로5가,I4101,0128,I4101|0128,동대문,60,74,778,478,DEPARTURE_TO_ARRIVAL
SL_9466C01B2356,I4101,0128,I4101|0128,동대문,I4101,0127,I4101|0127,동묘앞,60,72,539,478,DEPARTURE_TO_ARRIVAL
SL_9466C01B2356,I4101,0127,I4101|0127,동묘앞,I4101,0126,I4101|0126,신설동,90,81,793,858,DEPARTURE_TO_ARRIVAL
SL_9466C01B2356,I4101,0126,I4101|0126,신설동,I4101,0125,I4101|0125,제기동,90,81,925,859,DEPARTURE_TO_ARRIVAL
SL_9466C01B2356,I4101,0125,I4101|0125,제기동,I4101,0124,I4101|0124,청량리(서울시립대입구),60,74,923,454,DEPARTURE_TO_ARRIVAL
SL_9466C01B2356,I4101,0124,I4101|0124,청량리(서울시립대입구),I4102,1015,I4102|1015,회기역,120,131,1547,369,DEPARTURE_TO_ARRIVAL
SL_9466C01B2356,I4102,1015,I4102|1015,회기역,I4102,1016,I4102|1016,외대앞역,90,81,882,732,DEPARTURE_TO_ARRIVAL
SL_9466C01B2356,I4102,1016,I4102|1016,외대앞역,I4102,1017,I4102|1017,신이문역,60,60,713,731,DEPARTURE_TO_ARRIVAL
SL_9466C01B2356,I4102,1017,I4102|1017,신이문역,I4102,1018,I4102|1018,석계역,120,120,1495,731,DEPARTURE_TO_ARRIVAL
SL_9466C01B2356,I4102,1018,I4102|1018,석계역,I4102,1019,I4102|1019,광운대역,120,121,988,732,DEPARTURE_TO_ARRIVAL
SL_9466C01B2356,I4102,1019,I4102|1019,광운대역,I4102,1020,I4102|1020,월계역,90,79,1093,464,DEPARTURE_TO_ARRIVAL
SL_9466C01B2356,I4102,1020,I4102|1020,월계역,I4102,1021,I4102|1021,녹천역,120,120,1435,467,DEPARTURE_TO_ARRIVAL
SL_9466C01B2356,I4102,1021,I4102|1021,녹천역,I4102,1022,I4102|1022,창동역,90,101,1010,463,DEPARTURE_TO_ARRIVAL
SL_9466C01B2356,I4102,1022,I4102|1022,창동역,I4102,1901,I4102|1901,방학역,120,120,1616,466,DEPARTURE_TO_ARRIVAL
SL_9466C01B2356,I4102,1901,I4102|1901,방학역,I4102,1902,I4102|1902,도봉역,90,79,1335,466,DEPARTURE_TO_ARRIVAL
SL_9466C01B2356,I4102,1902,I4102|1902,도봉역,I4102,1903,I4102|1903,도봉산역,90,79,1131,466,DEPARTURE_TO_ARRIVAL
SL_9466C01B2356,I4102,1903,I4102|1903,도봉산역,I4102,1904,I4102|1904,망월사역,150,139,2326,466,DEPARTURE_TO_ARRIVAL
SL_9466C01B2356,I4102,1904,I4102|1904,망월사역,I4102,1905,I4102|1905,회룡역,120,120,1505,465,DEPARTURE_TO_ARRIVAL
SL_9466C01B2356,I4102,1905,I4102|1905,회룡역,I4102,1906,I4102|1906,의정부역,150,162,1639,473,DEPARTURE_TO_ARRIVAL
SL_9466C01B2356,I4102,1906,I4102|1906,의정부역,I4102,1907,I4102|1907,가능역,120,120,1081,368,DEPARTURE_TO_ARRIVAL
SL_9466C01B2356,I4102,1907,I4102|1907,가능역,I4102,1908,I4102|1908,녹양역,90,79,1241,367,DEPARTURE_TO_ARRIVAL
SL_9466C01B2356,I4102,1908,I4102|1908,녹양역,I4102,1909,I4102|1909,양주역,120,120,1667,368,DEPARTURE_TO_ARRIVAL
SL_9466C01B2356,I4102,1909,I4102|1909,양주역,I4102,1910,I4102|1910,덕계역,300,289,5056,117,DEPARTURE_TO_ARRIVAL
SL_9466C01B2356,I4102,1910,I4102|1910,덕계역,I4102,1911,I4102|1911,덕정역,180,181,2752,234,DEPARTURE_TO_ARRIVAL
SL_9466C01B2356,I4102,1911,I4102|1911,덕정역,I4102,1912,I4102|1912,지행역,270,257,5488,240,DEPARTURE_TO_ARRIVAL
SL_9466C01B2356,I4102,1912,I4102|1912,지행역,I4102,1913,I4102|1913,동두천중앙역,60,72,1054,124,DEPARTURE_TO_ARRIVAL
SL_9466C01B2356,I4102,1913,I4102|1913,동두천중앙역,I4102,1914,I4102|1914,보산역,120,120,1385,117,DEPARTURE_TO_ARRIVAL
SL_9466C01B2356,I4102,1914,I4102|1914,보산역,I4102,1915,I4102|1915,동두천역,120,120,1493,234,DEPARTURE_TO_ARRIVAL
SL_9466C01B2356,I4102,1915,I4102|1915,동두천역,I4102,1916,I4102|1916,소요산역,165,162,2401,152,DEPARTURE_TO_ARRIVAL
SL_9466C01B2356,I4102,1916,I4102|1916,소요산역,I4102,1917,I4102|1917,청산역,270,259,5300,79,DEPARTURE_TO_ARRIVAL
SL_9466C01B2356,I4102,1917,I4102|1917,청산역,I4102,1918,I4102|1918,전곡역,180,180,3220,80,DEPARTURE_TO_ARRIVAL
SL_9466C01B2356,I4102,1918,I4102|1918,전곡역,I4102,1919,I4102|1919,연천역,450,460,8502,80,DEPARTURE_TO_ARRIVAL
SL_9466C01B2356,I1101,4804,I1101|4804,소사역,I1101,1802,I1101|1802,오류동역,90,90,4504,16,DEPARTURE_TO_DEPARTURE
SL_9466C01B2356,I1101,1802,I1101|1802,오류동역,I1101,1813,I1101|1813,구일역,120,106,2182,47,DEPARTURE_TO_DEPARTURE
SL_9466C01B2356,I1101,1813,I1101|1813,구일역,I1101,1821,I1101|1821,온수역,120,170,4062,67,DEPARTURE_TO_DEPARTURE
SL_9466C01B2356,I1101,1821,I1101|1821,온수역,I1101,1804,I1101|1804,부천역,120,120,3698,1,DEPARTURE_TO_DEPARTURE
SL_9466C01B2356,I1101,1804,I1101|1804,부천역,I1101,1803,I1101|1803,역곡역,180,174,2548,171,DEPARTURE_TO_DEPARTURE
SL_9466C01B2356,I1101,1803,I1101|1803,역곡역,I1101,1801,I1101|1801,개봉역,60,61,4271,157,DEPARTURE_TO_DEPARTURE
SL_9466C01B2356,I1101,1801,I1101|1801,개봉역,I4101,1701,I4101|1701,구로역,120,119,2280,157,DEPARTURE_TO_ARRIVAL
SL_9466C01B2356,I1101,1813,I1101|1813,구일역,I1101,1804,I1101|1804,부천역,60,60,7739,1,DEPARTURE_TO_DEPARTURE
SL_9466C01B2356,I1101,4804,I1101|4804,소사역,I1101,1821,I1101|1821,온수역,60,88,2667,41,DEPARTURE_TO_DEPARTURE
SL_9466C01B2356,I1101,1802,I1101|1802,오류동역,I1101,1803,I1101|1803,역곡역,120,120,3082,1,DEPARTURE_TO_DEPARTURE
SL_9466C01B2356,I1101,1811,I1101|1811,동인천역,I1101,1823,I1101|1823,도화역,120,324,3328,27,DEPARTURE_TO_DEPARTURE
SL_9466C01B2356,I1101,1823,I1101|1823,도화역,I1101,1813,I1101|1813,구일역,120,104,18021,41,DEPARTURE_TO_DEPARTURE
SL_9466C01B2356,I1101,1802,I1101|1802,오류동역,I1101,1822,I1101|1822,중동역,120,188,7117,32,DEPARTURE_TO_DEPARTURE
SL_9466C01B2356,I1101,1822,I1101|1822,중동역,I1101,4804,I1101|4804,소사역,150,224,2785,30,DEPARTURE_TO_DEPARTURE
SL_9466C01B2356,I1101,4804,I1101|4804,소사역,I1101,1807,I1101|1807,백운역,120,104,7807,83,DEPARTURE_TO_DEPARTURE
SL_9466C01B2356,I1101,1807,I1101|1807,백운역,I1101,1816,I1101|1816,간석역,120,109,2400,64,DEPARTURE_TO_DEPARTURE
SL_9466C01B2356,I1101,1816,I1101|1816,간석역,I1101,1815,I1101|1815,부개역,120,100,4930,18,DEPARTURE_TO_DEPARTURE
SL_9466C01B2356,I1101,1815,I1101|1815,부개역,I1101,1817,I1101|1817,도원역,120,123,8902,88,DEPARTURE_TO_DEPARTURE
SL_9466C01B2356,I1101,1808,I1101|1808,동암역,I1101,1806,I1101|1806,부평역,120,120,2812,150,DEPARTURE_TO_DEPARTURE
SL_9466C01B2356,I1101,1806,I1101|1806,부평역,I1101,1805,I1101|1805,송내역,120,114,2519,165,DEPARTURE_TO_DEPARTURE
SL_9466C01B2356,I1101,1805,I1101|1805,송내역,I1101,1804,I1101|1804,부천역,60,71,2653,172,DEPARTURE_TO_DEPARTURE
SL_9466C01B2356,I1101,1813,I1101|1813,구일역,I1101,1811,I1101|1811,동인천역,120,103,21001,39,DEPARTURE_TO_DEPARTURE
SL_9466C01B2356,I1101,1811,I1101|1811,동인천역,I1101,1807,I1101|1807,백운역,120,120,6639,11,DEPARTURE_TO_DEPARTURE
SL_9466C01B2356,I1101,1807,I1101|1807,백운역,I1101,1821,I1101|1821,온수역,120,125,10303,11,DEPARTURE_TO_DEPARTURE
SL_9466C01B2356,I1101,1802,I1101|1802,오류동역,I1101,1817,I1101|1817,도원역,90,90,18030,36,DEPARTURE_TO_DEPARTURE
SL_9466C01B2356,I1101,1817,I1101|1817,도원역,I1101,1823,I1101|1823,도화역,120,180,2279,38,DEPARTURE_TO_DEPARTURE
SL_9466C01B2356,I1101,1823,I1101|1823,도화역,I1101,4804,I1101|4804,소사역,180,143,11375,18,DEPARTURE_TO_DEPARTURE
SL_9466C01B2356,I1101,4804,I1101|4804,소사역,I1101,1816,I1101|1816,간석역,120,111,9244,60,DEPARTURE_TO_DEPARTURE
SL_9466C01B2356,I1101,1816,I1101|1816,간석역,I1101,1822,I1101|1822,중동역,120,182,6730,39,DEPARTURE_TO_DEPARTURE
SL_9466C01B2356,I1101,1822,I1101|1822,중동역,I1101,1815,I1101|1815,부개역,120,103,2121,111,DEPARTURE_TO_DEPARTURE
SL_9466C01B2356,I1101,1815,I1101|1815,부개역,I1101,1810,I1101|1810,제물포역,60,69,7743,21,DEPARTURE_TO_DEPARTURE
SL_9466C01B2356,I1101,1822,I1101|1822,중동역,I1101,1823,I1101|1823,도화역,120,117,8774,55,DEPARTURE_TO_DEPARTURE
SL_9466C01B2356,I1101,1823,I1101|1823,도화역,I1101,1816,I1101|1816,간석역,60,169,2208,37,DEPARTURE_TO_DEPARTURE
SL_9466C01B2356,I1101,1816,I1101|1816,간석역,I1101,1802,I1101|1802,오류동역,120,123,13740,20,DEPARTURE_TO_DEPARTURE
SL_9466C01B2356,I1101,1821,I1101|1821,온수역,I1101,1813,I1101|1813,구일역,180,168,4062,10,DEPARTURE_TO_DEPARTURE
SL_9466C01B2356,I1101,1813,I1101|1813,구일역,I1101,1817,I1101|1817,도원역,120,126,20206,31,DEPARTURE_TO_DEPARTURE
SL_9466C01B2356,I1101,1817,I1101|1817,도원역,I1101,4804,I1101|4804,소사역,120,115,13578,11,DEPARTURE_TO_DEPARTURE
SL_9466C01B2356,I1101,4804,I1101|4804,소사역,I1101,1815,I1101|1815,부개역,120,171,4904,38,DEPARTURE_TO_DEPARTURE
SL_9466C01B2356,I1101,1815,I1101|1815,부개역,I4101,1701,I4101|1701,구로역,120,120,12589,4,DEPARTURE_TO_DEPARTURE
SL_9466C01B2356,I4101,1701,I4101|1701,구로역,I1101,1807,I1101|1807,백운역,120,100,15584,6,DEPARTURE_TO_DEPARTURE
SL_9466C01B2356,I1101,1807,I1101|1807,백운역,I1101,1801,I1101|1801,개봉역,150,150,13411,8,DEPARTURE_TO_DEPARTURE
SL_9466C01B2356,I1101,1801,I1101|1801,개봉역,I1101,1803,I1101|1803,역곡역,60,70,4271,156,DEPARTURE_TO_DEPARTURE
SL_9466C01B2356,I1101,1803,I1101|1803,역곡역,I1101,1804,I1101|1804,부천역,180,165,2548,172,DEPARTURE_TO_DEPARTURE
SL_9466C01B2356,I1101,1804,I1101|1804,부천역,I1101,1805,I1101|1805,송내역,60,66,2653,172,DEPARTURE_TO_DEPARTURE
SL_9466C01B2356,I1101,1805,I1101|1805,송내역,I1101,1806,I1101|1806,부평역,120,112,2519,172,DEPARTURE_TO_DEPARTURE
SL_9466C01B2356,I1101,1806,I1101|1806,부평역,I1101,1808,I1101|1808,동암역,60,60,2812,147,DEPARTURE_TO_DEPARTURE
SL_9466C01B2356,I1101,1810,I1101|1810,제물포역,I1101,1811,I1101|1811,동인천역,60,67,2370,150,DEPARTURE_TO_ARRIVAL
SL_9466C01B2356,I1101,1823,I1101|1823,도화역,I1101,1807,I1101|1807,백운역,60,90,3913,8,DEPARTURE_TO_DEPARTURE
SL_9466C01B2356,I1101,1816,I1101|1816,간석역,I1101,1813,I1101|1813,구일역,180,162,15897,17,DEPARTURE_TO_DEPARTURE
SL_9466C01B2356,I1101,1813,I1101|1813,구일역,I1101,1802,I1101|1802,오류동역,120,120,2182,10,DEPARTURE_TO_DEPARTURE
SL_9466C01B2356,I1101,1802,I1101|1802,오류동역,I4101,1701,I4101|1701,구로역,60,60,3448,1,DEPARTURE_TO_DEPARTURE
SL_9466C01B2356,I4101,1701,I4101|1701,구로역,I1101,4804,I1101|4804,소사역,60,80,7952,3,DEPARTURE_TO_DEPARTURE
SL_9466C01B2356,I1101,4804,I1101|4804,소사역,I1101,1817,I1101|1817,도원역,120,114,13578,10,DEPARTURE_TO_DEPARTURE
SL_9466C01B2356,I1101,1817,I1101|1817,도원역,I1101,1821,I1101|1821,온수역,120,113,16150,9,DEPARTURE_TO_DEPARTURE
SL_9466C01B2356,I1101,1821,I1101|1821,온수역,I1101,1815,I1101|1815,부개역,120,206,7322,34,DEPARTURE_TO_DEPARTURE
SL_9466C01B2356,I1101,1815,I1101|1815,부개역,I1101,1801,I1101|1801,개봉역,120,113,10430,9,DEPARTURE_TO_DEPARTURE
SL_9466C01B2356,I1101,1823,I1101|1823,도화역,I4101,1003,I4101|1003,용산역,180,180,27084,13,DEPARTURE_TO_DEPARTURE
SL_9466C01B2356,I4101,1003,I4101|1003,용산역,I1101,1807,I1101|1807,백운역,60,115,23305,26,DEPARTURE_TO_DEPARTURE
SL_9466C01B2356,I1101,1807,I1101|1807,백운역,I1101,1813,I1101|1813,구일역,150,148,14364,32,DEPARTURE_TO_DEPARTURE
SL_9466C01B2356,I1101,1813,I1101|1813,구일역,I1101,1815,I1101|1815,부개역,120,100,11381,18,DEPARTURE_TO_DEPARTURE
SL_9466C01B2356,I1101,1815,I1101|1815,부개역,I1101,4804,I1101|4804,소사역,120,129,4904,14,DEPARTURE_TO_DEPARTURE
SL_9466C01B2356,I1101,1817,I1101|1817,도원역,I1101,1816,I1101|1816,간석역,120,168,4486,50,DEPARTURE_TO_DEPARTURE
SL_9466C01B2356,I1101,1816,I1101|1816,간석역,I1101,1821,I1101|1821,온수역,120,140,11874,15,DEPARTURE_TO_DEPARTURE
SL_9466C01B2356,I1101,1802,I1101|1802,오류동역,I4101,1004,I4101|1004,노량진역,120,120,8842,4,DEPARTURE_TO_DEPARTURE
SL_9466C01B2356,I4101,1004,I4101|1004,노량진역,I4101,1005,I4101|1005,대방역,120,122,1348,1029,DEPARTURE_TO_ARRIVAL
SL_9466C01B2356,I4101,1005,I4101|1005,대방역,I4101,1032,I4101|1032,신길역,60,65,864,1033,DEPARTURE_TO_ARRIVAL
SL_9466C01B2356,I4101,1032,I4101|1032,신길역,I4101,1006,I4101|1006,영등포역,120,120,922,1030,DEPARTURE_TO_ARRIVAL
SL_9466C01B2356,I4101,1006,I4101|1006,영등포역,I4101,1007,I4101|1007,신도림역,120,122,1592,1131,DEPARTURE_TO_ARRIVAL
SL_9466C01B2356,I4101,1007,I4101|1007,신도림역,I4101,1701,I4101|1701,구로역,120,117,1056,1131,DEPARTURE_TO_ARRIVAL
SL_9466C01B2356,I4101,1701,I4101|1701,구로역,I1101,1801,I1101|1801,개봉역,120,117,2280,138,DEPARTURE_TO_DEPARTURE
SL_9466C01B2356,I4101,1003,I4101|1003,용산역,I1101,1821,I1101|1821,온수역,180,281,13153,28,DEPARTURE_TO_DEPARTURE
SL_9466C01B2356,I1101,1821,I1101|1821,온수역,I1101,1822,I1101|1822,중동역,120,141,5236,26,DEPARTURE_TO_DEPARTURE
SL_9466C01B2356,I1101,1822,I1101|1822,중동역,I1101,1802,I1101|1802,오류동역,60,60,7117,8,DEPARTURE_TO_DEPARTURE
SL_9466C01B2356,I1101,1802,I1101|1802,오류동역,I1101,1807,I1101|1807,백운역,60,102,12183,33,DEPARTURE_TO_DEPARTURE
SL_9466C01B2356,I1101,1816,I1101|1816,간석역,I1101,4804,I1101|4804,소사역,120,122,9244,26,DEPARTURE_TO_DEPARTURE
SL_9466C01B2356,I1101,1817,I1101|1817,도원역,I1101,1815,I1101|1815,부개역,120,251,8902,21,DEPARTURE_TO_DEPARTURE
SL_9466C01B2356,I1101,1815,I1101|1815,부개역,I1101,1823,I1101|1823,도화역,120,105,6829,12,DEPARTURE_TO_DEPARTURE
SL_9466C01B2356,I1101,1813,I1101|1813,구일역,I4101,1004,I4101|1004,노량진역,120,120,6702,9,DEPARTURE_TO_DEPARTURE
SL_9466C01B2356,I4102,1909,I4102|1909,양주역,I4102,1908,I4102|1908,녹양역,120,120,1667,368,DEPARTURE_TO_ARRIVAL
SL_9466C01B2356,I4102,1908,I4102|1908,녹양역,I4102,1907,I4102|1907,가능역,90,90,1241,370,DEPARTURE_TO_ARRIVAL
SL_9466C01B2356,I4102,1907,I4102|1907,가능역,I4102,1906,I4102|1906,의정부역,120,120,1081,367,DEPARTURE_TO_ARRIVAL
SL_9466C01B2356,I4102,1906,I4102|1906,의정부역,I4102,1905,I4102|1905,회룡역,150,146,1639,473,DEPARTURE_TO_ARRIVAL
SL_9466C01B2356,I4102,1905,I4102|1905,회룡역,I4102,1904,I4102|1904,망월사역,120,120,1505,466,DEPARTURE_TO_ARRIVAL
SL_9466C01B2356,I4102,1904,I4102|1904,망월사역,I4102,1903,I4102|1903,도봉산역,150,153,2326,466,DEPARTURE_TO_ARRIVAL
SL_9466C01B2356,I4102,1903,I4102|1903,도봉산역,I4102,1902,I4102|1902,도봉역,90,93,1131,466,DEPARTURE_TO_ARRIVAL
SL_9466C01B2356,I4102,1902,I4102|1902,도봉역,I4102,1901,I4102|1901,방학역,90,93,1335,465,DEPARTURE_TO_ARRIVAL
SL_9466C01B2356,I4102,1901,I4102|1901,방학역,I4102,1022,I4102|1022,창동역,120,120,1616,465,DEPARTURE_TO_ARRIVAL
SL_9466C01B2356,I4102,1022,I4102|1022,창동역,I4102,1021,I4102|1021,녹천역,90,87,1010,468,DEPARTURE_TO_ARRIVAL
SL_9466C01B2356,I4102,1021,I4102|1021,녹천역,I4102,1020,I4102|1020,월계역,120,120,1435,470,DEPARTURE_TO_ARRIVAL
SL_9466C01B2356,I4102,1020,I4102|1020,월계역,I4102,1019,I4102|1019,광운대역,90,98,1093,468,DEPARTURE_TO_ARRIVAL
SL_9466C01B2356,I4102,1019,I4102|1019,광운대역,I4102,1018,I4102|1018,석계역,120,120,988,728,DEPARTURE_TO_ARRIVAL
SL_9466C01B2356,I4102,1018,I4102|1018,석계역,I4102,1017,I4102|1017,신이문역,120,120,1495,729,DEPARTURE_TO_ARRIVAL
SL_9466C01B2356,I4102,1017,I4102|1017,신이문역,I4102,1016,I4102|1016,외대앞역,60,60,713,729,DEPARTURE_TO_ARRIVAL
SL_9466C01B2356,I4102,1016,I4102|1016,외대앞역,I4102,1015,I4102|1015,회기역,90,100,882,729,DEPARTURE_TO_ARRIVAL
SL_9466C01B2356,I4102,1015,I4102|1015,회기역,I4101,0124,I4101|0124,청량리(서울시립대입구),180,169,1547,368,DEPARTURE_TO_ARRIVAL
SL_9466C01B2356,I4101,0124,I4101|0124,청량리(서울시립대입구),I4101,0125,I4101|0125,제기동,120,106,923,419,DEPARTURE_TO_ARRIVAL
SL_9466C01B2356,I4101,0125,I4101|0125,제기동,I4101,0126,I4101|0126,신설동,90,104,925,855,DEPARTURE_TO_ARRIVAL
SL_9466C01B2356,I4101,0126,I4101|0126,신설동,I4101,0127,I4101|0127,동묘앞,90,99,793,855,DEPARTURE_TO_ARRIVAL
SL_9466C01B2356,I4101,0127,I4101|0127,동묘앞,I4101,0128,I4101|0128,동대문,120,106,539,470,DEPARTURE_TO_ARRIVAL
SL_9466C01B2356,I4101,0128,I4101|0128,동대문,I4101,0129,I4101|0129,종로5가,120,104,778,470,DEPARTURE_TO_ARRIVAL
SL_9466C01B2356,I4101,0129,I4101|0129,종로5가,I4101,0130,I4101|0130,종로3가,120,105,866,470,DEPARTURE_TO_ARRIVAL
SL_9466C01B2356,I4101,0130,I4101|0130,종로3가,I4101,0131,I4101|0131,종각,120,105,792,470,DEPARTURE_TO_ARRIVAL
SL_9466C01B2356,I4101,0131,I4101|0131,종각,I4101,0132,I4101|0132,시청,120,120,761,888,DEPARTURE_TO_ARRIVAL
SL_9466C01B2356,I4101,0132,I4101|0132,시청,I4101,0133,I4101|0133,서울역,120,122,1134,470,DEPARTURE_TO_ARRIVAL
SL_9466C01B2356,I4101,0133,I4101|0133,서울역,I4101,1002,I4101|1002,남영역,180,158,1698,467,DEPARTURE_TO_ARRIVAL
SL_9466C01B2356,I4101,1002,I4101|1002,남영역,I4101,1003,I4101|1003,용산역,120,120,1317,655,DEPARTURE_TO_ARRIVAL
SL_9466C01B2356,I4101,1003,I4101|1003,용산역,I4101,1004,I4101|1004,노량진역,180,176,2692,666,DEPARTURE_TO_ARRIVAL
SL_9466C01B2356,I1101,1802,I1101|1802,오류동역,I1101,1823,I1101|1823,도화역,120,133,15853,19,DEPARTURE_TO_DEPARTURE
SL_9466C01B2356,I1101,1823,I1101|1823,도화역,I1101,1817,I1101|1817,도원역,120,274,2279,16,DEPARTURE_TO_DEPARTURE
SL_9466C01B2356,I1101,1821,I1101|1821,온수역,I1101,1807,I1101|1807,백운역,120,108,10303,15,DEPARTURE_TO_DEPARTURE
SL_9466C01B2356,I1101,1807,I1101|1807,백운역,I1101,1817,I1101|1817,도원역,120,99,5909,29,DEPARTURE_TO_DEPARTURE
SL_9466C01B2356,I1101,1815,I1101|1815,부개역,I1101,1813,I1101|1813,구일역,120,268,11381,15,DEPARTURE_TO_DEPARTURE
SL_9466C01B2356,I1101,1802,I1101|1802,오류동역,I1101,4804,I1101|4804,소사역,120,147,4504,69,DEPARTURE_TO_DEPARTURE
SL_9466C01B2356,I1101,4804,I1101|4804,소사역,I1101,1822,I1101|1822,중동역,120,125,2785,35,DEPARTURE_TO_DEPARTURE
SL_9466C01B2356,I1101,1822,I1101|1822,중동역,I1101,1807,I1101|1807,백운역,120,214,5069,28,DEPARTURE_TO_DEPARTURE
SL_9466C01B2356,I1101,1821,I1101|1821,온수역,I4101,1701,I4101|1701,구로역,120,120,5313,2,DEPARTURE_TO_DEPARTURE
SL_9466C01B2356,I4101,1701,I4101|1701,구로역,I1101,1817,I1101|1817,도원역,60,60,21454,2,DEPARTURE_TO_DEPARTURE
SL_9466C01B2356,I1101,1813,I1101|1813,구일역,I1101,1807,I1101|1807,백운역,120,247,14364,26,DEPARTURE_TO_DEPARTURE
SL_9466C01B2356,I1101,4804,I1101|4804,소사역,I4101,1004,I4101|1004,노량진역,120,120,13344,17,DEPARTURE_TO_DEPARTURE
SL_9466C01B2356,I1101,1807,I1101|1807,백운역,I1101,1823,I1101|1823,도화역,120,127,3913,17,DEPARTURE_TO_DEPARTURE
SL_9466C01B2356,I1101,1817,I1101|1817,도원역,I1101,1802,I1101|1802,오류동역,120,120,18030,15,DEPARTURE_TO_DEPARTURE
SL_9466C01B2356,I1101,1821,I1101|1821,온수역,I1101,1816,I1101|1816,간석역,120,110,11874,24,DEPARTURE_TO_DEPARTURE
SL_9466C01B2356,I1101,1807,I1101|1807,백운역,I1101,1815,I1101|1815,부개역,120,230,3000,53,DEPARTURE_TO_DEPARTURE
SL_9466C01B2356,I1101,1811,I1101|1811,동인천역,I1101,1813,I1101|1813,구일역,60,76,21001,40,DEPARTURE_TO_DEPARTURE
SL_9466C01B2356,I1101,1813,I1101|1813,구일역,I1101,1823,I1101|1823,도화역,120,250,18021,24,DEPARTURE_TO_DEPARTURE
SL_9466C01B2356,I1101,1823,I1101|1823,도화역,I1101,1821,I1101|1821,온수역,120,116,13977,68,DEPARTURE_TO_DEPARTURE
SL_9466C01B2356,I1101,1823,I1101|1823,도화역,I1101,1822,I1101|1822,중동역,60,60,8774,5,DEPARTURE_TO_DEPARTURE
SL_9466C01B2356,I1101,1817,I1101|1817,도원역,I1101,1813,I1101|1813,구일역,120,179,20206,43,DEPARTURE_TO_DEPARTURE
SL_9466C01B2356,I1101,1815,I1101|1815,부개역,I1101,1821,I1101|1821,온수역,180,147,7322,20,DEPARTURE_TO_DEPARTURE
SL_9466C01B2356,I1101,1802,I1101|1802,오류동역,I1101,1816,I1101|1816,간석역,60,82,13740,8,DEPARTURE_TO_DEPARTURE
SL_9466C01B2356,I1101,1816,I1101|1816,간석역,I4101,1004,I4101|1004,노량진역,120,120,22582,27,DEPARTURE_TO_DEPARTURE
SL_9466C01B2356,I1101,1811,I1101|1811,동인천역,I1101,4804,I1101|4804,소사역,120,120,14411,7,DEPARTURE_TO_DEPARTURE
SL_9466C01B2356,I1101,1815,I1101|1815,부개역,I1101,1807,I1101|1807,백운역,120,126,3000,21,DEPARTURE_TO_DEPARTURE
SL_9466C01B2356,I1101,1807,I1101|1807,백운역,I1101,1810,I1101|1810,제물포역,60,69,4779,14,DEPARTURE_TO_DEPARTURE
SL_9466C01B2356,I1101,1822,I1101|1822,중동역,I4101,1004,I4101|1004,노량진역,120,103,15926,14,DEPARTURE_TO_DEPARTURE
SL_9466C01B2356,I4102,1916,I4102|1916,소요산역,I4102,1915,I4102|1915,동두천역,240,215,2401,152,DEPARTURE_TO_ARRIVAL
SL_9466C01B2356,I4102,1915,I4102|1915,동두천역,I4102,1914,I4102|1914,보산역,120,120,1493,234,DEPARTURE_TO_ARRIVAL
SL_9466C01B2356,I4102,1914,I4102|1914,보산역,I4102,1913,I4102|1913,동두천중앙역,120,121,1385,118,DEPARTURE_TO_ARRIVAL
SL_9466C01B2356,I4102,1913,I4102|1913,동두천중앙역,I4102,1912,I4102|1912,지행역,60,75,1054,124,DEPARTURE_TO_ARRIVAL
SL_9466C01B2356,I4102,1912,I4102|1912,지행역,I4102,1911,I4102|1911,덕정역,270,256,5488,238,DEPARTURE_TO_ARRIVAL
SL_9466C01B2356,I4102,1911,I4102|1911,덕정역,I4102,1910,I4102|1910,덕계역,180,180,2752,232,DEPARTURE_TO_ARRIVAL
SL_9466C01B2356,I4102,1910,I4102|1910,덕계역,I4102,1909,I4102|1909,양주역,300,288,5056,116,DEPARTURE_TO_ARRIVAL
SL_9466C01B2356,I1101,4804,I1101|4804,소사역,I1101,1801,I1101|1801,개봉역,120,120,5702,3,DEPARTURE_TO_DEPARTURE
SL_9466C01B2356,I1101,1822,I1101|1822,중동역,I1101,1813,I1101|1813,구일역,120,221,9298,31,DEPARTURE_TO_DEPARTURE
SL_9466C01B2356,I1101,1813,I1101|1813,구일역,I1101,4804,I1101|4804,소사역,120,142,6653,41,DEPARTURE_TO_DEPARTURE
SL_9466C01B2356,I1101,1807,I1101|1807,백운역,I4101,1701,I4101|1701,구로역,120,120,15584,3,DEPARTURE_TO_DEPARTURE
SL_9466C01B2356,I4101,1701,I4101|1701,구로역,I1101,1821,I1101|1821,온수역,120,105,5313,4,DEPARTURE_TO_DEPARTURE
SL_9466C01B2356,I1101,1802,I1101|1802,오류동역,I1101,1815,I1101|1815,부개역,60,74,9199,21,DEPARTURE_TO_DEPARTURE
SL_9466C01B2356,I1101,1815,I1101|1815,부개역,I1101,1816,I1101|1816,간석역,120,233,4930,52,DEPARTURE_TO_DEPARTURE
SL_9466C01B2356,I1101,1816,I1101|1816,간석역,I1101,1823,I1101|1823,도화역,60,151,2208,79,DEPARTURE_TO_DEPARTURE
SL_9466C01B2356,I1101,1817,I1101|1817,도원역,I1101,1801,I1101|1801,개봉역,120,120,19251,1,DEPARTURE_TO_DEPARTURE
SL_9466C01B2356,I1101,1821,I1101|1821,온수역,I1101,4804,I1101|4804,소사역,120,102,2667,51,DEPARTURE_TO_DEPARTURE
SL_9466C01B2356,I1101,1815,I1101|1815,부개역,I1101,1822,I1101|1822,중동역,120,212,2121,47,DEPARTURE_TO_DEPARTURE
SL_9466C01B2356,I1101,1822,I1101|1822,중동역,I1101,1816,I1101|1816,간석역,120,140,6730,6,DEPARTURE_TO_DEPARTURE
SL_9466C01B2356,I1101,1823,I1101|1823,도화역,I1101,1811,I1101|1811,동인천역,60,166,3328,39,DEPARTURE_TO_DEPARTURE
SL_9466C01B2356,I1101,1811,I1101|1811,동인천역,I1101,1810,I1101|1810,제물포역,60,67,2370,27,DEPARTURE_TO_DEPARTURE
SL_9466C01B2356,I1101,1807,I1101|1807,백운역,I1101,1822,I1101|1822,중동역,120,241,5069,75,DEPARTURE_TO_DEPARTURE
SL_9466C01B2356,I4101,1003,I4101|1003,용산역,I1101,1802,I1101|1802,오류동역,180,180,11315,10,DEPARTURE_TO_DEPARTURE
SL_9466C01B2356,I1101,1813,I1101|1813,구일역,I1101,1822,I1101|1822,중동역,120,120,9298,22,DEPARTURE_TO_DEPARTURE
SL_9466C01B2356,I1101,1816,I1101|1816,간석역,I1101,1817,I1101|1817,도원역,120,97,4486,26,DEPARTURE_TO_DEPARTURE
SL_9466C01B2356,I1101,1817,I1101|1817,도원역,I4101,1004,I4101|1004,노량진역,120,113,26847,17,DEPARTURE_TO_DEPARTURE
SL_9466C01B2356,I1101,1816,I1101|1816,간석역,I1101,1807,I1101|1807,백운역,120,127,2400,44,DEPARTURE_TO_DEPARTURE
SL_9466C01B2356,I1101,1817,I1101|1817,도원역,I1101,1807,I1101|1807,백운역,120,120,5909,6,DEPARTURE_TO_DEPARTURE
SL_9466C01B2356,I1101,1813,I1101|1813,구일역,I4101,1003,I4101|1003,용산역,120,147,9235,11,DEPARTURE_TO_DEPARTURE
SL_9466C01B2356,I4101,1003,I4101|1003,용산역,I1101,4804,I1101|4804,소사역,180,297,15812,43,DEPARTURE_TO_DEPARTURE
SL_9466C01B2356,I4101,1701,I4101|1701,구로역,I1101,1802,I1101|1802,오류동역,120,120,3448,1,DEPARTURE_TO_DEPARTURE
SL_9466C01B2356,I1101,1823,I1101|1823,도화역,I1101,1801,I1101|1801,개봉역,120,120,17067,2,DEPARTURE_TO_DEPARTURE
SL_9466C01B2356,I4101,1003,I4101|1003,용산역,I1101,1822,I1101|1822,중동역,180,180,18310,1,DEPARTURE_TO_DEPARTURE
SL_9466C01B2356,I1101,1821,I1101|1821,온수역,I1101,1817,I1101|1817,도원역,120,355,16150,13,DEPARTURE_TO_DEPARTURE
SL_9466C01B2356,I1101,1822,I1101|1822,중동역,I1101,1821,I1101|1821,온수역,180,313,5236,18,DEPARTURE_TO_DEPARTURE
SL_9466C01B2356,I1101,1823,I1101|1823,도화역,I4101,1004,I4101|1004,노량진역,120,120,24687,37,DEPARTURE_TO_DEPARTURE
SL_9466C01B2356,I4101,1003,I4101|1003,용산역,I1101,1816,I1101|1816,간석역,180,180,25014,12,DEPARTURE_TO_DEPARTURE
SL_9466C01B2356,I1101,1807,I1101|1807,백운역,I4101,1004,I4101|1004,노량진역,120,110,20968,6,DEPARTURE_TO_DEPARTURE
SL_9466C01B2356,I4101,1003,I4101|1003,용산역,I1101,1815,I1101|1815,부개역,180,180,20307,5,DEPARTURE_TO_DEPARTURE
SL_9466C01B2356,I1101,1815,I1101|1815,부개역,I1101,1802,I1101|1802,오류동역,180,251,9199,21,DEPARTURE_TO_DEPARTURE
SL_9466C01B2356,I1101,1813,I1101|1813,구일역,I1101,1816,I1101|1816,간석역,60,80,15897,3,DEPARTURE_TO_DEPARTURE
SL_9466C01B2356,I1101,1811,I1101|1811,동인천역,I1101,1821,I1101|1821,온수역,120,106,16939,13,DEPARTURE_TO_DEPARTURE
SL_9466C01B2356,I4102,1919,I4102|1919,연천역,I4102,1918,I4102|1918,전곡역,435,435,8502,80,DEPARTURE_TO_ARRIVAL
SL_9466C01B2356,I4102,1918,I4102|1918,전곡역,I4102,1917,I4102|1917,청산역,255,255,3220,80,DEPARTURE_TO_ARRIVAL
SL_9466C01B2356,I4102,1917,I4102|1917,청산역,I4102,1916,I4102|1916,소요산역,360,360,5300,80,DEPARTURE_TO_ARRIVAL
SL_9466C01B2356,I1101,1817,I1101|1817,도원역,I4101,1701,I4101|1701,구로역,60,60,21454,4,DEPARTURE_TO_DEPARTURE
SL_9466C01B2356,I1101,1822,I1101|1822,중동역,I1101,1817,I1101|1817,도원역,120,365,10921,25,DEPARTURE_TO_DEPARTURE
SL_9466C01B2356,I4101,1701,I4101|1701,구로역,I1101,1815,I1101|1815,부개역,60,60,12589,2,DEPARTURE_TO_DEPARTURE
SL_9466C01B2356,I1101,1815,I1101|1815,부개역,I4101,1004,I4101|1004,노량진역,120,98,17969,8,DEPARTURE_TO_DEPARTURE
SL_9466C01B2356,I1101,1811,I1101|1811,동인천역,I1101,1802,I1101|1802,오류동역,60,77,18820,21,DEPARTURE_TO_DEPARTURE
SL_9466C01B2356,I1101,1821,I1101|1821,온수역,I4101,1004,I4101|1004,노량진역,120,120,10711,7,DEPARTURE_TO_DEPARTURE
SL_9466C01B2356,I1101,4804,I1101|4804,소사역,I1101,1813,I1101|1813,구일역,120,401,6653,19,DEPARTURE_TO_DEPARTURE
SL_9466C01B2356,I1101,1822,I1101|1822,중동역,I4101,1701,I4101|1701,구로역,120,100,10533,3,DEPARTURE_TO_DEPARTURE
SL_9466C01B2356,I1101,1813,I1101|1813,구일역,I1101,1810,I1101|1810,제물포역,60,60,18989,11,DEPARTURE_TO_DEPARTURE
SL_9466C01B2356,I1101,4804,I1101|4804,소사역,I4101,1003,I4101|1003,용산역,180,165,15812,12,DEPARTURE_TO_DEPARTURE
SL_9466C01B2356,I4101,1003,I4101|1003,용산역,I1101,1823,I1101|1823,도화역,180,160,27084,12,DEPARTURE_TO_DEPARTURE
SL_9466C01B2356,I1101,1822,I1101|1822,중동역,I4101,1003,I4101|1003,용산역,180,180,18310,4,DEPARTURE_TO_DEPARTURE
SL_9466C01B2356,I1101,1823,I1101|1823,도화역,I1101,1802,I1101|1802,오류동역,60,300,15853,12,DEPARTURE_TO_DEPARTURE
SL_9466C01B2356,I1101,1821,I1101|1821,온수역,I1101,1823,I1101|1823,도화역,150,150,13977,4,DEPARTURE_TO_DEPARTURE
SL_9466C01B2356,I1101,1817,I1101|1817,도원역,I4101,1003,I4101|1003,용산역,120,120,29208,2,DEPARTURE_TO_DEPARTURE
SL_9466C01B2356,I1101,1802,I1101|1802,오류동역,I4101,1003,I4101|1003,용산역,120,227,11315,23,DEPARTURE_TO_DEPARTURE
SL_9466C01B2356,I1101,1807,I1101|1807,백운역,I1101,1811,I1101|1811,동인천역,120,120,6639,2,DEPARTURE_TO_DEPARTURE
SL_9466C01B2356,I1101,1823,I1101|1823,도화역,I1101,1815,I1101|1815,부개역,120,120,6829,1,DEPARTURE_TO_DEPARTURE
SL_9466C01B2356,I1101,1807,I1101|1807,백운역,I1101,4804,I1101|4804,소사역,60,60,7807,1,DEPARTURE_TO_DEPARTURE
SL_9466C01B2356,I1101,1822,I1101|1822,중동역,I1101,1810,I1101|1810,제물포역,90,90,9723,2,DEPARTURE_TO_DEPARTURE
SL_9466C01B2356,I1101,1821,I1101|1821,온수역,I4101,1003,I4101|1003,용산역,180,180,13153,1,DEPARTURE_TO_DEPARTURE
SL_9466C01B2356,I1101,4804,I1101|4804,소사역,I1101,1810,I1101|1810,제물포역,60,60,12349,5,DEPARTURE_TO_DEPARTURE
SL_9466C01B2356,I1101,1807,I1101|1807,백운역,I1101,1802,I1101|1802,오류동역,120,120,12183,4,DEPARTURE_TO_DEPARTURE
SL_9466C01B2356,I1101,1822,I1101|1822,중동역,I1101,1811,I1101|1811,동인천역,3180,3180,11704,1,DEPARTURE_TO_ARRIVAL
SL_9466C01B2356,I1101,1816,I1101|1816,간석역,I1101,1810,I1101|1810,제물포역,120,120,3207,2,DEPARTURE_TO_DEPARTURE
SL_9466C01B2356,I1101,1802,I1101|1802,오류동역,I1101,1806,I1101|1806,부평역,120,110,10599,6,DEPARTURE_TO_DEPARTURE
SL_9466C01B2356,I1101,1806,I1101|1806,부평역,I1101,4804,I1101|4804,소사역,60,60,6315,5,DEPARTURE_TO_DEPARTURE
SL_9466C01B2356,I1101,1813,I1101|1813,구일역,I1101,1805,I1101|1805,송내역,120,120,10290,5,DEPARTURE_TO_DEPARTURE
SL_9466C01B2356,I4101,1003,I4101|1003,용산역,I1101,1813,I1101|1813,구일역,180,180,9235,3,DEPARTURE_TO_DEPARTURE
SL_9466C01B2356,I1101,4804,I1101|4804,소사역,I1101,1806,I1101|1806,부평역,60,60,6315,1,DEPARTURE_TO_DEPARTURE
SL_9466C01B2356,I1101,1806,I1101|1806,부평역,I1101,1822,I1101|1822,중동역,120,120,3533,1,DEPARTURE_TO_DEPARTURE
SL_9466C01B2356,I1101,1821,I1101|1821,온수역,I1101,1805,I1101|1805,송내역,120,120,6229,1,DEPARTURE_TO_DEPARTURE
SL_9466C01B2356,I1101,1813,I1101|1813,구일역,I4101,1032,I4101|1032,신길역,120,125,4880,12,DEPARTURE_TO_DEPARTURE
SL_9466C01B2356,I4101,1032,I4101|1032,신길역,I4101,1003,I4101|1003,용산역,180,160,4388,3,DEPARTURE_TO_DEPARTURE
SL_9466C01B2356,I4101,1003,I4101|1003,용산역,I4101,1005,I4101|1005,대방역,120,120,3849,4,DEPARTURE_TO_DEPARTURE
SL_9466C01B2356,I4101,1005,I4101|1005,대방역,I1101,4804,I1101|4804,소사역,60,82,12027,8,DEPARTURE_TO_DEPARTURE
SL_9466C01B2356,I1101,4804,I1101|4804,소사역,I1101,1808,I1101|1808,동암역,120,120,8282,3,DEPARTURE_TO_DEPARTURE
SL_9466C01B2356,I4101,1004,I4101|1004,노량진역,I4101,1006,I4101|1006,영등포역,120,120,3028,16,DEPARTURE_TO_DEPARTURE
SL_9466C01B2356,I4101,1701,I4101|1701,구로역,I1101,1803,I1101|1803,역곡역,60,60,6528,16,DEPARTURE_TO_DEPARTURE
SL_9466C01B2356,I4101,1003,I4101|1003,용산역,I4101,1032,I4101|1032,신길역,180,180,4388,8,DEPARTURE_TO_DEPARTURE
SL_9466C01B2356,I4101,1032,I4101|1032,신길역,I1101,1807,I1101|1807,백운역,120,120,18950,4,DEPARTURE_TO_DEPARTURE
SL_9466C01B2356,I1101,1808,I1101|1808,동암역,I1101,1823,I1101|1823,도화역,120,120,3094,4,DEPARTURE_TO_DEPARTURE
SL_9466C01B2356,I1101,1801,I1101|1801,개봉역,I4101,1005,I4101|1005,대방역,120,105,6340,4,DEPARTURE_TO_DEPARTURE
SL_9466C01B2356,I4101,1005,I4101|1005,대방역,I1101,1822,I1101|1822,중동역,120,107,14591,9,DEPARTURE_TO_DEPARTURE
SL_9466C01B2356,I1101,1802,I1101|1802,오류동역,I1101,1811,I1101|1811,동인천역,120,120,18820,1,DEPARTURE_TO_DEPARTURE
SL_9466C01B2356,I1101,1817,I1101|1817,도원역,I1101,1808,I1101|1808,동암역,60,60,5318,2,DEPARTURE_TO_DEPARTURE
SL_9466C01B2356,I1101,1813,I1101|1813,구일역,I4101,1005,I4101|1005,대방역,60,80,5405,3,DEPARTURE_TO_DEPARTURE
SL_9466C01B2356,I4101,1032,I4101|1032,신길역,I1101,4804,I1101|4804,소사역,120,120,11424,3,DEPARTURE_TO_DEPARTURE
SL_9466C01B2356,I1101,1803,I1101|1803,역곡역,I4101,1701,I4101|1701,구로역,180,180,6528,15,DEPARTURE_TO_DEPARTURE
SL_9466C01B2356,I4101,1006,I4101|1006,영등포역,I4101,1004,I4101|1004,노량진역,120,120,3028,15,DEPARTURE_TO_ARRIVAL
SL_9466C01B2356,I1101,1822,I1101|1822,중동역,I1101,1801,I1101|1801,개봉역,180,180,8344,2,DEPARTURE_TO_DEPARTURE
SL_9466C01B2356,I1101,1801,I1101|1801,개봉역,I1101,1821,I1101|1821,온수역,120,120,3109,5,DEPARTURE_TO_DEPARTURE
SL_9466C01B2356,I1101,1823,I1101|1823,도화역,I1101,1808,I1101|1808,동암역,120,113,3094,9,DEPARTURE_TO_DEPARTURE
SL_9466C01B2356,I1101,1810,I1101|1810,제물포역,I1101,1815,I1101|1815,부개역,120,120,7743,10,DEPARTURE_TO_DEPARTURE
SL_9466C01B2356,I1101,1821,I1101|1821,온수역,I4101,1005,I4101|1005,대방역,120,94,9385,7,DEPARTURE_TO_DEPARTURE
SL_9466C01B2356,I4101,1032,I4101|1032,신길역,I1101,1817,I1101|1817,도원역,60,60,24845,5,DEPARTURE_TO_DEPARTURE
SL_9466C01B2356,I1101,1821,I1101|1821,온수역,I1101,1801,I1101|1801,개봉역,60,77,3109,7,DEPARTURE_TO_DEPARTURE
SL_9466C01B2356,I1101,1802,I1101|1802,오류동역,I1101,1808,I1101|1808,동암역,120,120,12761,4,DEPARTURE_TO_DEPARTURE
SL_9466C01B2356,I1101,1808,I1101|1808,동암역,I1101,4804,I1101|4804,소사역,60,75,8282,4,DEPARTURE_TO_DEPARTURE
SL_9466C01B2356,I1101,1816,I1101|1816,간석역,I4101,1005,I4101|1005,대방역,90,90,21259,4,DEPARTURE_TO_DEPARTURE
SL_9466C01B2356,I1101,1801,I1101|1801,개봉역,I1101,1817,I1101|1817,도원역,60,60,19251,1,DEPARTURE_TO_DEPARTURE
SL_9466C01B2356,I4101,1032,I4101|1032,신길역,I1101,1802,I1101|1802,오류동역,60,60,6929,1,DEPARTURE_TO_DEPARTURE
SL_9466C01B2356,I1101,1815,I1101|1815,부개역,I1101,1811,I1101|1811,동인천역,60,60,9636,1,DEPARTURE_TO_DEPARTURE
SL_9466C01B2356,I1101,1810,I1101|1810,제물포역,I4101,1004,I4101|1004,노량진역,60,60,25646,2,DEPARTURE_TO_DEPARTURE
SL_9466C01B2356,I1101,1807,I1101|1807,백운역,I4101,1005,I4101|1005,대방역,120,100,19627,3,DEPARTURE_TO_DEPARTURE
SL_9466C01B2356,I4101,1005,I4101|1005,대방역,I1101,1813,I1101|1813,구일역,60,60,5405,3,DEPARTURE_TO_DEPARTURE
SL_9466C01B2356,I4101,1032,I4101|1032,신길역,I1101,1821,I1101|1821,온수역,60,60,8765,5,DEPARTURE_TO_DEPARTURE
SL_9466C01B2356,I1101,1822,I1101|1822,중동역,I4101,1032,I4101|1032,신길역,60,60,13935,1,DEPARTURE_TO_DEPARTURE
SL_9466C01B2356,I4101,1032,I4101|1032,신길역,I1101,1810,I1101|1810,제물포역,120,120,23658,2,DEPARTURE_TO_DEPARTURE
SL_9466C01B2356,I1101,1808,I1101|1808,동암역,I1101,1815,I1101|1815,부개역,120,120,3849,2,DEPARTURE_TO_DEPARTURE
SL_9466C01B2356,I1101,1810,I1101|1810,제물포역,I1101,1813,I1101|1813,구일역,120,120,18989,4,DEPARTURE_TO_DEPARTURE
SL_9466C01B2356,I1101,1822,I1101|1822,중동역,I1101,1808,I1101|1808,동암역,60,80,5702,3,DEPARTURE_TO_DEPARTURE
SL_9466C01B2356,I1101,1808,I1101|1808,동암역,I4101,1032,I4101|1032,신길역,120,100,19628,3,DEPARTURE_TO_DEPARTURE
SL_9466C01B2356,I1101,1807,I1101|1807,백운역,I4101,1032,I4101|1032,신길역,120,120,18950,2,DEPARTURE_TO_DEPARTURE
SL_9466C01B2356,I4101,1005,I4101|1005,대방역,I1101,1807,I1101|1807,백운역,60,60,19627,2,DEPARTURE_TO_DEPARTURE
SL_9466C01B2356,I1101,1815,I1101|1815,부개역,I1101,1808,I1101|1808,동암역,120,120,3849,1,DEPARTURE_TO_DEPARTURE
SL_9466C01B2356,I1101,1808,I1101|1808,동암역,I1101,1817,I1101|1817,도원역,60,75,5318,4,DEPARTURE_TO_DEPARTURE
SL_9466C01B2356,I1101,1821,I1101|1821,온수역,I1101,1810,I1101|1810,제물포역,120,120,14939,1,DEPARTURE_TO_DEPARTURE
SL_9466C01B2356,I4101,1032,I4101|1032,신길역,I1101,1822,I1101|1822,중동역,180,180,13935,1,DEPARTURE_TO_DEPARTURE
SL_9466C01B2356,I1101,1802,I1101|1802,오류동역,I4101,1005,I4101|1005,대방역,60,60,7523,2,DEPARTURE_TO_DEPARTURE
SL_9466C01B2356,I4101,1005,I4101|1005,대방역,I1101,1817,I1101|1817,도원역,120,120,25511,2,DEPARTURE_TO_DEPARTURE
SL_9466C01B2356,I1101,1808,I1101|1808,동암역,I1101,1801,I1101|1801,개봉역,120,120,13974,2,DEPARTURE_TO_DEPARTURE
SL_9466C01B2356,I1101,4804,I1101|4804,소사역,I1101,1823,I1101|1823,도화역,60,60,11375,1,DEPARTURE_TO_DEPARTURE
SL_9466C01B2356,I1101,1808,I1101|1808,동암역,I1101,1810,I1101|1810,제물포역,120,120,4071,1,DEPARTURE_TO_DEPARTURE
SL_9466C01B2356,I1101,1810,I1101|1810,제물포역,I1101,1822,I1101|1822,중동역,120,120,9723,4,DEPARTURE_TO_DEPARTURE
SL_9466C01B2356,I4102,1910,I4102|1910,덕계역,I4102,1908,I4102|1908,녹양역,120,120,6719,2,DEPARTURE_TO_DEPARTURE
SL_9466C01B2356,I4102,1907,I4102|1907,가능역,I4102,1902,I4102|1902,도봉역,120,120,7664,2,DEPARTURE_TO_DEPARTURE
SL_9466C01B2356,I4102,1902,I4102|1902,도봉역,I4102,1904,I4102|1904,망월사역,270,270,3457,2,DEPARTURE_TO_DEPARTURE
SL_9466C01B2356,I4102,1904,I4102|1904,망월사역,I4102,1901,I4102|1901,방학역,120,156,4792,5,DEPARTURE_TO_DEPARTURE
SL_9466C01B2356,I4102,1901,I4102|1901,방학역,I4102,1021,I4102|1021,녹천역,120,140,2619,3,DEPARTURE_TO_DEPARTURE
SL_9466C01B2356,I4102,1020,I4102|1020,월계역,I4102,1915,I4102|1915,동두천역,90,90,32744,2,DEPARTURE_TO_DEPARTURE
SL_9466C01B2356,I4102,1911,I4102|1911,덕정역,I4102,1909,I4102|1909,양주역,120,120,7806,8,DEPARTURE_TO_DEPARTURE
SL_9466C01B2356,I4102,1909,I4102|1909,양주역,I4102,1906,I4102|1906,의정부역,60,60,3954,8,DEPARTURE_TO_DEPARTURE
SL_9466C01B2356,I4102,1905,I4102|1905,회룡역,I4102,1903,I4102|1903,도봉산역,60,60,3831,8,DEPARTURE_TO_DEPARTURE
SL_9466C01B2356,I4102,1903,I4102|1903,도봉산역,I4102,1022,I4102|1022,창동역,120,120,4052,8,DEPARTURE_TO_DEPARTURE
SL_9466C01B2356,I4102,1022,I4102|1022,창동역,I4102,1019,I4102|1019,광운대역,60,60,3520,8,DEPARTURE_TO_ARRIVAL
SL_9466C01B2356,I4102,1902,I4102|1902,도봉역,I1101,1812,I1101|1812,인천역,240,240,44004,1,DEPARTURE_TO_DEPARTURE
SL_9466C01B2356,I1101,1812,I1101|1812,인천역,I4102,1901,I4102|1901,방학역,120,120,43245,1,DEPARTURE_TO_DEPARTURE
SL_9466C01B2356,I4102,1021,I4102|1021,녹천역,I4102,1908,I4102|1908,녹양역,120,120,12792,1,DEPARTURE_TO_DEPARTURE
SL_9466C01B2356,I4102,1908,I4102|1908,녹양역,I4102,1914,I4102|1914,보산역,120,120,17268,4,DEPARTURE_TO_DEPARTURE
SL_9466C01B2356,I4102,1914,I4102|1914,보산역,I4102,1020,I4102|1020,월계역,120,120,31263,1,DEPARTURE_TO_DEPARTURE
SL_9466C01B2356,I4102,1020,I4102|1020,월계역,I4102,1910,I4102|1910,덕계역,180,180,20644,1,DEPARTURE_TO_DEPARTURE
SL_9466C01B2356,I4102,1910,I4102|1910,덕계역,I4102,1907,I4102|1907,가능역,120,128,7904,8,DEPARTURE_TO_DEPARTURE
SL_9466C01B2356,I4102,1907,I4102|1907,가능역,I4102,1904,I4102|1904,망월사역,120,120,4219,2,DEPARTURE_TO_DEPARTURE
SL_9466C01B2356,I4102,1904,I4102|1904,망월사역,I1101,1811,I1101|1811,동인천역,180,180,44930,1,DEPARTURE_TO_DEPARTURE
SL_9466C01B2356,I4102,1019,I4102|1019,광운대역,I4102,1022,I4102|1022,창동역,120,110,3520,6,DEPARTURE_TO_DEPARTURE
SL_9466C01B2356,I4102,1022,I4102|1022,창동역,I4102,1903,I4102|1903,도봉산역,60,60,4052,7,DEPARTURE_TO_DEPARTURE
SL_9466C01B2356,I4102,1903,I4102|1903,도봉산역,I4102,1905,I4102|1905,회룡역,120,129,3831,7,DEPARTURE_TO_DEPARTURE
SL_9466C01B2356,I4102,1906,I4102|1906,의정부역,I4102,1909,I4102|1909,양주역,240,231,3954,7,DEPARTURE_TO_DEPARTURE
SL_9466C01B2356,I4102,1909,I4102|1909,양주역,I4102,1911,I4102|1911,덕정역,300,300,7806,7,DEPARTURE_TO_DEPARTURE
SL_9466C01B2356,I4102,1913,I4102|1913,동두천중앙역,I4102,1915,I4102|1915,동두천역,120,120,2867,7,DEPARTURE_TO_ARRIVAL
SL_9466C01B2356,I4102,1907,I4102|1907,가능역,I4102,1915,I4102|1915,동두천역,120,120,19949,3,DEPARTURE_TO_DEPARTURE
SL_9466C01B2356,I4102,1915,I4102|1915,동두천역,I4102,1020,I4102|1020,월계역,120,180,32744,3,DEPARTURE_TO_DEPARTURE
SL_9466C01B2356,I4102,1020,I4102|1020,월계역,I4102,1901,I4102|1901,방학역,180,180,4029,1,DEPARTURE_TO_DEPARTURE
SL_9466C01B2356,I4102,1901,I4102|1901,방학역,I4102,1904,I4102|1904,망월사역,240,200,4792,6,DEPARTURE_TO_DEPARTURE
SL_9466C01B2356,I4102,1904,I4102|1904,망월사역,I4102,1914,I4102|1914,보산역,120,120,22674,4,DEPARTURE_TO_DEPARTURE
SL_9466C01B2356,I4102,1914,I4102|1914,보산역,I4102,1902,I4102|1902,도봉역,60,105,26132,4,DEPARTURE_TO_DEPARTURE
SL_9466C01B2356,I4102,1902,I4102|1902,도봉역,I4102,1021,I4102|1021,녹천역,120,120,3909,4,DEPARTURE_TO_DEPARTURE
SL_9466C01B2356,I4102,1021,I4102|1021,녹천역,I4102,1913,I4102|1913,동두천중앙역,180,180,28605,4,DEPARTURE_TO_DEPARTURE
SL_9466C01B2356,I4102,1021,I4102|1021,녹천역,I1101,1812,I1101|1812,인천역,120,120,42621,1,DEPARTURE_TO_DEPARTURE
SL_9466C01B2356,I1101,1812,I1101|1812,인천역,I4102,1908,I4102|1908,녹양역,120,120,48929,3,DEPARTURE_TO_DEPARTURE
SL_9466C01B2356,I4102,1908,I4102|1908,녹양역,I4102,1904,I4102|1904,망월사역,120,120,5458,1,DEPARTURE_TO_DEPARTURE
SL_9466C01B2356,I4102,1901,I4102|1901,방학역,I4102,1910,I4102|1910,덕계역,120,120,16858,3,DEPARTURE_TO_DEPARTURE
SL_9466C01B2356,I4102,1902,I4102|1902,도봉역,I4102,1914,I4102|1914,보산역,180,180,26132,1,DEPARTURE_TO_DEPARTURE
SL_9466C01B2356,I4102,1914,I4102|1914,보산역,I1101,1811,I1101|1811,동인천역,180,180,61453,1,DEPARTURE_TO_DEPARTURE
SL_9466C01B2356,I4102,1020,I4102|1020,월계역,I4102,1908,I4102|1908,녹양역,120,165,14120,4,DEPARTURE_TO_DEPARTURE
SL_9466C01B2356,I4102,1908,I4102|1908,녹양역,I4102,1901,I4102|1901,방학역,180,180,10225,1,DEPARTURE_TO_DEPARTURE
SL_9466C01B2356,I4102,1901,I4102|1901,방학역,I4102,1908,I4102|1908,녹양역,60,60,10225,1,DEPARTURE_TO_DEPARTURE
SL_9466C01B2356,I4102,1914,I4102|1914,보산역,I4102,1910,I4102|1910,덕계역,60,60,10620,1,DEPARTURE_TO_DEPARTURE
SL_9466C01B2356,I4102,1904,I4102|1904,망월사역,I4102,1019,I4102|1019,광운대역,120,120,9749,1,DEPARTURE_TO_DEPARTURE
SL_9466C01B2356,I4102,1019,I4102|1019,광운대역,I4102,1021,I4102|1021,녹천역,120,120,2511,1,DEPARTURE_TO_DEPARTURE
SL_9466C01B2356,I4102,1020,I4102|1020,월계역,I4102,1902,I4102|1902,도봉역,180,180,5283,1,DEPARTURE_TO_DEPARTURE
SL_9466C01B2356,I4102,1902,I4102|1902,도봉역,I4102,1022,I4102|1022,창동역,120,120,2926,1,DEPARTURE_TO_DEPARTURE
SL_9466C01B2356,I4102,1907,I4102|1907,가능역,I4102,1020,I4102|1020,월계역,120,120,12879,3,DEPARTURE_TO_DEPARTURE
SL_9466C01B2356,I4102,1915,I4102|1915,동두천역,I4102,1908,I4102|1908,녹양역,300,300,18730,1,DEPARTURE_TO_DEPARTURE
SL_9466C01B2356,I4102,1908,I4102|1908,녹양역,I4102,1902,I4102|1902,도봉역,180,180,8897,1,DEPARTURE_TO_DEPARTURE
SL_9466C01B2356,I4102,1021,I4102|1021,녹천역,I4102,1914,I4102|1914,보산역,120,120,29990,1,DEPARTURE_TO_DEPARTURE
SL_9466C01B2356,I4102,1904,I4102|1904,망월사역,I4102,1020,I4102|1020,월계역,240,240,8664,2,DEPARTURE_TO_DEPARTURE
SL_9466C01B2356,I4102,1021,I4102|1021,녹천역,I4102,1902,I4102|1902,도봉역,120,120,3909,3,DEPARTURE_TO_DEPARTURE
SL_9466C01B2356,I4102,1902,I4102|1902,도봉역,I4102,1907,I4102|1907,가능역,120,120,7664,2,DEPARTURE_TO_DEPARTURE
SL_9466C01B2356,I4102,1907,I4102|1907,가능역,I4102,1901,I4102|1901,방학역,120,120,8995,2,DEPARTURE_TO_DEPARTURE
SL_9466C01B2356,I4102,1910,I4102|1910,덕계역,I4102,1914,I4102|1914,보산역,180,180,10620,2,DEPARTURE_TO_DEPARTURE
SL_9466C01B2356,I4102,1914,I4102|1914,보산역,I4102,1908,I4102|1908,녹양역,120,120,17268,2,DEPARTURE_TO_DEPARTURE
SL_9466C01B2356,I4102,1908,I4102|1908,녹양역,I1101,1812,I1101|1812,인천역,180,180,48929,2,DEPARTURE_TO_DEPARTURE
SL_9466C01B2356,I4102,1020,I4102|1020,월계역,I4102,1914,I4102|1914,보산역,300,300,31263,1,DEPARTURE_TO_DEPARTURE
SL_9466C01B2356,I4102,1914,I4102|1914,보산역,I4102,1904,I4102|1904,망월사역,180,180,22674,1,DEPARTURE_TO_DEPARTURE
SL_9466C01B2356,I4102,1902,I4102|1902,도봉역,I4102,1908,I4102|1908,녹양역,60,60,8897,1,DEPARTURE_TO_DEPARTURE
SL_9466C01B2356,I4102,1908,I4102|1908,녹양역,I4102,1021,I4102|1021,녹천역,120,120,12792,1,DEPARTURE_TO_DEPARTURE
SL_9466C01B2356,I4102,1908,I4102|1908,녹양역,I4102,1915,I4102|1915,동두천역,300,300,18730,3,DEPARTURE_TO_DEPARTURE
SL_9466C01B2356,I4102,1915,I4102|1915,동두천역,I4102,1901,I4102|1901,방학역,180,180,28936,2,DEPARTURE_TO_DEPARTURE
SL_9466C01B2356,I4102,1910,I4102|1910,덕계역,I4102,1020,I4102|1020,월계역,240,200,20644,3,DEPARTURE_TO_DEPARTURE
SL_9466C01B2356,I4102,1020,I4102|1020,월계역,I1101,1812,I1101|1812,인천역,120,120,42676,2,DEPARTURE_TO_DEPARTURE
SL_9466C01B2356,I4102,1914,I4102|1914,보산역,I4102,1907,I4102|1907,가능역,120,120,18483,2,DEPARTURE_TO_DEPARTURE
SL_9466C01B2356,I4102,1907,I4102|1907,가능역,I4102,1021,I4102|1021,녹천역,120,120,11555,2,DEPARTURE_TO_DEPARTURE
SL_9466C01B2356,I4102,1021,I4102|1021,녹천역,I4102,1901,I4102|1901,방학역,180,180,2619,2,DEPARTURE_TO_DEPARTURE
SL_9466C01B2356,I4102,1904,I4102|1904,망월사역,I4102,1902,I4102|1902,도봉역,180,180,3457,2,DEPARTURE_TO_DEPARTURE
SL_9466C01B2356,I4102,1902,I4102|1902,도봉역,I1101,1811,I1101|1811,동인천역,180,180,42882,2,DEPARTURE_TO_DEPARTURE
SL_9466C01B2356,I4102,1907,I4102|1907,가능역,I4102,1910,I4102|1910,덕계역,120,120,7904,1,DEPARTURE_TO_DEPARTURE
SL_9466C01B2356,I4102,1021,I4102|1021,녹천역,I4102,1904,I4102|1904,망월사역,60,60,7336,1,DEPARTURE_TO_DEPARTURE
SL_9466C01B2356,I4102,1901,I4102|1901,방학역,I4102,1913,I4102|1913,동두천중앙역,180,180,26080,1,DEPARTURE_TO_DEPARTURE
SL_9466C01B2356,I4102,1914,I4102|1914,보산역,I4102,1021,I4102|1021,녹천역,60,60,29990,1,DEPARTURE_TO_DEPARTURE
SL_9466C01B2356,I4102,1902,I4102|1902,도봉역,I4102,1913,I4102|1913,동두천중앙역,180,180,24746,1,DEPARTURE_TO_DEPARTURE
SL_9466C01B2356,I4101,1718,I4101|1718,오산대역,I4101,1715,I4101|1715,세류역,120,176,9384,16,DEPARTURE_TO_DEPARTURE
SL_9466C01B2356,I4101,1715,I4101|1715,세류역,I4101,1721,I4101|1721,송탄역,120,120,19104,1,DEPARTURE_TO_DEPARTURE
SL_9466C01B2356,I4101,1721,I4101|1721,송탄역,I4101,1714,I4101|1714,독산역,120,120,45820,1,DEPARTURE_TO_DEPARTURE
SL_9466C01B2356,I4101,1714,I4101|1714,독산역,I4101,1709,I4101|1709,군포역,180,207,13527,9,DEPARTURE_TO_DEPARTURE
SL_9466C01B2356,I4101,1709,I4101|1709,군포역,I4101,1723,I4101|1723,평택지제역,120,132,38771,5,DEPARTURE_TO_DEPARTURE
SL_9466C01B2356,I4101,1723,I4101|1723,평택지제역,I4101,0124,I4101|0124,청량리(서울시립대입구),120,120,62456,4,DEPARTURE_TO_DEPARTURE
SL_9466C01B2356,I4101,0124,I4101|0124,청량리(서울시립대입구),I4101,1705,I4101|1705,관악역,120,142,21540,11,DEPARTURE_TO_DEPARTURE
SL_9466C01B2356,I4101,1705,I4101|1705,관악역,I4101,1703,I4101|1703,금천구청역,180,188,4212,8,DEPARTURE_TO_DEPARTURE
SL_9466C01B2356,I4101,1703,I4101|1703,금천구청역,I4101,1729,I4101|1729,당정역,180,156,13377,10,DEPARTURE_TO_DEPARTURE
SL_9466C01B2356,I4101,1729,I4101|1729,당정역,I4101,1710,I4101|1710,의왕역,120,122,2528,449,DEPARTURE_TO_ARRIVAL
SL_9466C01B2356,I4101,1710,I4101|1710,의왕역,I4101,1707,I4101|1707,명학역,120,120,7179,3,DEPARTURE_TO_DEPARTURE
SL_9466C01B2356,I4101,1707,I4101|1707,명학역,I4101,1720,I4101|1720,진위역,330,330,32537,2,DEPARTURE_TO_DEPARTURE
SL_9466C01B2356,I4101,1720,I4101|1720,진위역,I4101,1712,I4101|1712,화서역,150,158,20416,8,DEPARTURE_TO_DEPARTURE
SL_9466C01B2356,I4101,1712,I4101|1712,화서역,I4101,1717,I4101|1717,세마역,180,186,11757,10,DEPARTURE_TO_DEPARTURE
SL_9466C01B2356,I4101,1717,I4101|1717,세마역,I4101,1704,I4101|1704,석수역,180,180,30254,4,DEPARTURE_TO_DEPARTURE
SL_9466C01B2356,I4101,1704,I4101|1704,석수역,I4101,1726,I4101|1726,직산역,180,195,66292,4,DEPARTURE_TO_DEPARTURE
SL_9466C01B2356,I4101,1726,I4101|1726,직산역,I4101,0125,I4101|0125,제기동,180,180,79225,2,DEPARTURE_TO_DEPARTURE
SL_9466C01B2356,I4101,1701,I4101|1701,구로역,I4101,1702,I4101|1702,가산디지털단지역,240,224,2403,300,DEPARTURE_TO_ARRIVAL
SL_9466C01B2356,I4101,1702,I4101|1702,가산디지털단지역,I4101,1706,I4101|1706,안양역,120,126,9534,38,DEPARTURE_TO_DEPARTURE
SL_9466C01B2356,I4101,1706,I4101|1706,안양역,I4101,1708,I4101|1708,금정역,240,214,3804,46,DEPARTURE_TO_DEPARTURE
SL_9466C01B2356,I4101,1708,I4101|1708,금정역,I4101,1711,I4101|1711,성균관대역,180,180,8325,38,DEPARTURE_TO_DEPARTURE
SL_9466C01B2356,I4101,1711,I4101|1711,성균관대역,I4101,1713,I4101|1713,수원역,120,134,4584,47,DEPARTURE_TO_DEPARTURE
SL_9466C01B2356,I4101,1713,I4101|1713,수원역,I4101,1716,I4101|1716,병점역,180,172,7232,47,DEPARTURE_TO_DEPARTURE
SL_9466C01B2356,I4101,1716,I4101|1716,병점역,I4101,1719,I4101|1719,오산역,180,183,7437,47,DEPARTURE_TO_DEPARTURE
SL_9466C01B2356,I4101,1719,I4101|1719,오산역,I4101,1722,I4101|1722,서정리역,240,249,9974,47,DEPARTURE_TO_DEPARTURE
SL_9466C01B2356,I4101,1722,I4101|1722,서정리역,I4101,1724,I4101|1724,평택역,420,423,7880,47,DEPARTURE_TO_DEPARTURE
SL_9466C01B2356,I4101,1724,I4101|1724,평택역,I4101,1725,I4101|1725,성환역,390,354,9096,285,DEPARTURE_TO_ARRIVAL
SL_9466C01B2356,I4101,1725,I4101|1725,성환역,I4101,1727,I4101|1727,두정역,240,228,9323,46,DEPARTURE_TO_ARRIVAL
SL_9466C01B2356,I4101,1727,I4101|1727,두정역,I4401,1728,I4401|1728,천안역,240,240,2628,286,DEPARTURE_TO_ARRIVAL
SL_9466C01B2356,I4401,1728,I4401|1728,천안역,I4401,1401,I4401|1401,봉명역,120,119,1317,139,DEPARTURE_TO_ARRIVAL
SL_9466C01B2356,I4401,1401,I4401|1401,봉명역,I4401,1402,I4401|1402,쌍용(나사렛대)역,120,120,1591,77,DEPARTURE_TO_ARRIVAL
SL_9466C01B2356,I4401,1402,I4401|1402,쌍용(나사렛대)역,I4401,1403,I4401|1403,아산역,120,120,1522,77,DEPARTURE_TO_ARRIVAL
SL_9466C01B2356,I4401,1403,I4401|1403,아산역,I4401,1404,I4401|1404,탕정역,150,156,1828,140,DEPARTURE_TO_ARRIVAL
SL_9466C01B2356,I4401,1404,I4401|1404,탕정역,I4401,1405,I4401|1405,배방역,180,180,3065,140,DEPARTURE_TO_ARRIVAL
SL_9466C01B2356,I4401,1405,I4401|1405,배방역,I4401,1407,I4401|1407,온양온천역,240,240,4380,77,DEPARTURE_TO_ARRIVAL
SL_9466C01B2356,I4401,1407,I4401|1407,온양온천역,I4401,1408,I4401|1408,신창(순천향대)역,300,281,4932,77,DEPARTURE_TO_ARRIVAL
SL_9466C01B2356,I4101,1721,I4101|1721,송탄역,I4101,1003,I4101|1003,용산역,300,300,51158,1,DEPARTURE_TO_DEPARTURE
SL_9466C01B2356,I4101,1003,I4101|1003,용산역,I4101,1717,I4101|1717,세마역,240,240,38722,2,DEPARTURE_TO_DEPARTURE
SL_9466C01B2356,I4101,1717,I4101|1717,세마역,I4101,1718,I4101|1718,오산대역,150,146,2652,263,DEPARTURE_TO_ARRIVAL
SL_9466C01B2356,I4101,1715,I4101|1715,세류역,I4101,1004,I4101|1004,노량진역,180,180,30688,2,DEPARTURE_TO_DEPARTURE
SL_9466C01B2356,I4101,1004,I4101|1004,노량진역,I4101,1712,I4101|1712,화서역,180,160,25932,3,DEPARTURE_TO_DEPARTURE
SL_9466C01B2356,I4101,1712,I4101|1712,화서역,I4101,1726,I4101|1726,직산역,180,193,47925,9,DEPARTURE_TO_DEPARTURE
SL_9466C01B2356,I4101,1726,I4101|1726,직산역,I4101,1723,I4101|1723,평택지제역,120,174,17696,19,DEPARTURE_TO_DEPARTURE
SL_9466C01B2356,I4101,1723,I4101|1723,평택지제역,I4401,1408,I4401|1408,신창(순천향대)역,180,180,29740,1,DEPARTURE_TO_DEPARTURE
SL_9466C01B2356,I4401,1408,I4401|1408,신창(순천향대)역,I4101,1720,I4101|1720,진위역,240,240,39160,1,DEPARTURE_TO_DEPARTURE
SL_9466C01B2356,I4101,1720,I4101|1720,진위역,I4401,1407,I4401|1407,온양온천역,300,300,36991,2,DEPARTURE_TO_DEPARTURE
SL_9466C01B2356,I4401,1407,I4401|1407,온양온천역,I4401,1405,I4401|1405,배방역,240,226,4380,78,DEPARTURE_TO_ARRIVAL
SL_9466C01B2356,I4401,1405,I4401|1405,배방역,I4401,1404,I4401|1404,탕정역,180,180,3065,143,DEPARTURE_TO_ARRIVAL
SL_9466C01B2356,I4401,1404,I4401|1404,탕정역,I4401,1403,I4401|1403,아산역,150,137,1828,141,DEPARTURE_TO_ARRIVAL
SL_9466C01B2356,I4401,1403,I4401|1403,아산역,I4401,1402,I4401|1402,쌍용(나사렛대)역,120,134,1522,78,DEPARTURE_TO_ARRIVAL
SL_9466C01B2356,I4401,1402,I4401|1402,쌍용(나사렛대)역,I4401,1401,I4401|1401,봉명역,120,124,1591,78,DEPARTURE_TO_ARRIVAL
SL_9466C01B2356,I4401,1401,I4401|1401,봉명역,I4401,1728,I4401|1728,천안역,120,125,1317,143,DEPARTURE_TO_ARRIVAL
SL_9466C01B2356,I4401,1728,I4401|1728,천안역,I4101,1727,I4101|1727,두정역,240,236,2628,259,DEPARTURE_TO_ARRIVAL
SL_9466C01B2356,I4101,1727,I4101|1727,두정역,I4101,1725,I4101|1725,성환역,120,129,9323,45,DEPARTURE_TO_DEPARTURE
SL_9466C01B2356,I4101,1725,I4101|1725,성환역,I4101,1724,I4101|1724,평택역,390,348,9096,288,DEPARTURE_TO_ARRIVAL
SL_9466C01B2356,I4101,1724,I4101|1724,평택역,I4101,1722,I4101|1722,서정리역,120,137,7880,45,DEPARTURE_TO_DEPARTURE
SL_9466C01B2356,I4101,1722,I4101|1722,서정리역,I4101,1719,I4101|1719,오산역,120,103,9974,45,DEPARTURE_TO_DEPARTURE
SL_9466C01B2356,I4101,1719,I4101|1719,오산역,I4101,1716,I4101|1716,병점역,120,143,7437,45,DEPARTURE_TO_DEPARTURE
SL_9466C01B2356,I4101,1716,I4101|1716,병점역,I4101,1713,I4101|1713,수원역,120,120,7232,45,DEPARTURE_TO_DEPARTURE
SL_9466C01B2356,I4101,1713,I4101|1713,수원역,I4101,1711,I4101|1711,성균관대역,120,131,4584,45,DEPARTURE_TO_DEPARTURE
SL_9466C01B2356,I4101,1711,I4101|1711,성균관대역,I4101,1710,I4101|1710,의왕역,180,180,3025,228,DEPARTURE_TO_ARRIVAL
SL_9466C01B2356,I4101,1710,I4101|1710,의왕역,I4101,1709,I4101|1709,군포역,300,291,3679,7,DEPARTURE_TO_DEPARTURE
SL_9466C01B2356,I4101,1709,I4101|1709,군포역,I4101,1706,I4101|1706,안양역,540,540,5826,2,DEPARTURE_TO_DEPARTURE
SL_9466C01B2356,I4101,1706,I4101|1706,안양역,I4101,1703,I4101|1703,금천구청역,120,154,6487,7,DEPARTURE_TO_DEPARTURE
SL_9466C01B2356,I4101,1703,I4101|1703,금천구청역,I4101,1006,I4101|1006,영등포역,120,120,6770,2,DEPARTURE_TO_DEPARTURE
SL_9466C01B2356,I4101,1006,I4101|1006,영등포역,I4101,0133,I4101|0133,서울역,300,300,7240,2,DEPARTURE_TO_ARRIVAL
SL_9466C01B2356,I4101,1714,I4101|1714,독산역,I4101,1723,I4101|1723,평택지제역,120,120,52234,5,DEPARTURE_TO_DEPARTURE
SL_9466C01B2356,I4101,1723,I4101|1723,평택지제역,I4101,1726,I4101|1726,직산역,120,125,17696,13,DEPARTURE_TO_DEPARTURE
SL_9466C01B2356,I4101,1726,I4101|1726,직산역,I4101,1721,I4101|1721,송탄역,120,175,24081,11,DEPARTURE_TO_DEPARTURE
SL_9466C01B2356,I4101,1721,I4101|1721,송탄역,I4101,1718,I4101|1718,오산대역,120,131,10483,11,DEPARTURE_TO_DEPARTURE
SL_9466C01B2356,I4101,1718,I4101|1718,오산대역,I4101,1720,I4101|1720,진위역,180,154,6631,16,DEPARTURE_TO_DEPARTURE
SL_9466C01B2356,I4101,1720,I4101|1720,진위역,I4101,1717,I4101|1717,세마역,120,158,8784,8,DEPARTURE_TO_DEPARTURE
SL_9466C01B2356,I4101,1717,I4101|1717,세마역,I4101,1715,I4101|1715,세류역,180,171,6836,7,DEPARTURE_TO_DEPARTURE
SL_9466C01B2356,I4101,1715,I4101|1715,세류역,I4101,1709,I4101|1709,군포역,120,129,13488,19,DEPARTURE_TO_DEPARTURE
SL_9466C01B2356,I4101,1709,I4101|1709,군포역,I4101,0124,I4101|0124,청량리(서울시립대입구),180,154,26579,7,DEPARTURE_TO_DEPARTURE
SL_9466C01B2356,I4101,1705,I4101|1705,관악역,I4101,1704,I4101|1704,석수역,120,121,1818,452,DEPARTURE_TO_ARRIVAL
SL_9466C01B2356,I4101,1704,I4101|1704,석수역,I4101,1712,I4101|1712,화서역,180,177,18497,18,DEPARTURE_TO_DEPARTURE
SL_9466C01B2356,I4101,1712,I4101|1712,화서역,I4101,1707,I4101|1707,명학역,120,166,12147,22,DEPARTURE_TO_DEPARTURE
SL_9466C01B2356,I4101,1707,I4101|1707,명학역,I4101,1729,I4101|1729,당정역,120,146,4703,16,DEPARTURE_TO_DEPARTURE
SL_9466C01B2356,I4101,1729,I4101|1729,당정역,I4101,0125,I4101|0125,제기동,120,132,27195,5,DEPARTURE_TO_DEPARTURE
SL_9466C01B2356,I4101,1702,I4101|1702,가산디지털단지역,I4101,1703,I4101|1703,금천구청역,240,240,3050,8,DEPARTURE_TO_DEPARTURE
SL_9466C01B2356,I4101,1703,I4101|1703,금천구청역,I4101,1706,I4101|1706,안양역,120,127,6487,9,DEPARTURE_TO_DEPARTURE
SL_9466C01B2356,I4101,1708,I4101|1708,금정역,I4101,1710,I4101|1710,의왕역,240,240,5720,8,DEPARTURE_TO_DEPARTURE
SL_9466C01B2356,I4101,1710,I4101|1710,의왕역,I4101,1711,I4101|1711,성균관대역,180,180,3025,224,DEPARTURE_TO_ARRIVAL
SL_9466C01B2356,I4101,1723,I4101|1723,평택지제역,I4101,1003,I4101|1003,용산역,240,240,57590,1,DEPARTURE_TO_DEPARTURE
SL_9466C01B2356,I4101,1721,I4101|1721,송탄역,I4401,1728,I4401|1728,천안역,180,180,30595,1,DEPARTURE_TO_DEPARTURE
SL_9466C01B2356,I4401,1728,I4401|1728,천안역,I4101,1720,I4101|1720,진위역,180,180,34134,1,DEPARTURE_TO_DEPARTURE
SL_9466C01B2356,I4101,1720,I4101|1720,진위역,I4101,1727,I4101|1727,두정역,180,180,31636,8,DEPARTURE_TO_DEPARTURE
SL_9466C01B2356,I4101,1715,I4101|1715,세류역,I4101,1718,I4101|1718,오산대역,180,164,9384,11,DEPARTURE_TO_DEPARTURE
SL_9466C01B2356,I4101,1718,I4101|1718,오산대역,I4101,1712,I4101|1712,화서역,150,171,14307,14,DEPARTURE_TO_DEPARTURE
SL_9466C01B2356,I4101,1712,I4101|1712,화서역,I4101,1729,I4101|1729,당정역,120,120,7542,3,DEPARTURE_TO_DEPARTURE
SL_9466C01B2356,I4101,1710,I4101|1710,의왕역,I4101,0124,I4101|0124,청량리(서울시립대입구),120,120,30098,3,DEPARTURE_TO_DEPARTURE
SL_9466C01B2356,I4101,1704,I4101|1704,석수역,I4101,1703,I4101|1703,금천구청역,180,164,2394,228,DEPARTURE_TO_ARRIVAL
SL_9466C01B2356,I4101,1703,I4101|1703,금천구청역,I4101,1714,I4101|1714,독산역,120,122,1215,275,DEPARTURE_TO_ARRIVAL
SL_9466C01B2356,I4101,1714,I4101|1714,독산역,I4101,1717,I4101|1717,세마역,180,168,33842,10,DEPARTURE_TO_DEPARTURE
SL_9466C01B2356,I4101,1717,I4101|1717,세마역,I4101,1709,I4101|1709,군포역,120,120,20319,3,DEPARTURE_TO_DEPARTURE
SL_9466C01B2356,I4101,1709,I4101|1709,군포역,I4101,1707,I4101|1707,명학역,240,200,3600,3,DEPARTURE_TO_DEPARTURE
SL_9466C01B2356,I4101,1707,I4101|1707,명학역,I4101,1721,I4101|1721,송탄역,150,150,35940,4,DEPARTURE_TO_DEPARTURE
SL_9466C01B2356,I4101,1721,I4101|1721,송탄역,I4101,1720,I4101|1720,진위역,180,179,3889,254,DEPARTURE_TO_ARRIVAL
SL_9466C01B2356,I4101,1720,I4101|1720,진위역,I4101,1726,I4101|1726,직산역,120,135,27526,4,DEPARTURE_TO_DEPARTURE
SL_9466C01B2356,I4101,1723,I4101|1723,평택지제역,I4101,0125,I4101|0125,제기동,180,180,62269,6,DEPARTURE_TO_DEPARTURE
SL_9466C01B2356,I4101,1712,I4101|1712,화서역,I4101,1723,I4101|1723,평택지제역,120,168,30340,5,DEPARTURE_TO_DEPARTURE
SL_9466C01B2356,I4101,1723,I4101|1723,평택지제역,I4101,1705,I4101|1705,관악역,180,193,46808,9,DEPARTURE_TO_DEPARTURE
SL_9466C01B2356,I4101,1705,I4101|1705,관악역,I4101,1714,I4101|1714,독산역,240,231,5426,7,DEPARTURE_TO_DEPARTURE
SL_9466C01B2356,I4101,1714,I4101|1714,독산역,I4101,1715,I4101|1715,세류역,150,150,27008,2,DEPARTURE_TO_DEPARTURE
SL_9466C01B2356,I4101,1709,I4101|1709,군포역,I4101,1729,I4101|1729,당정역,90,100,1151,456,DEPARTURE_TO_ARRIVAL
SL_9466C01B2356,I4101,1729,I4101|1729,당정역,I4401,1408,I4401|1408,신창(순천향대)역,240,276,63845,5,DEPARTURE_TO_DEPARTURE
SL_9466C01B2356,I4401,1408,I4401|1408,신창(순천향대)역,I4101,1707,I4101|1707,명학역,240,249,68422,7,DEPARTURE_TO_DEPARTURE
SL_9466C01B2356,I4101,1707,I4101|1707,명학역,I4101,1726,I4101|1726,직산역,120,131,60009,11,DEPARTURE_TO_DEPARTURE
SL_9466C01B2356,I4101,1721,I4101|1721,송탄역,I4101,1704,I4101|1704,석수역,180,193,42212,14,DEPARTURE_TO_DEPARTURE
SL_9466C01B2356,I4101,1704,I4101|1704,석수역,I4101,1720,I4101|1720,진위역,180,192,38856,5,DEPARTURE_TO_DEPARTURE
SL_9466C01B2356,I4101,1718,I4101|1718,오산대역,I4401,1407,I4401|1407,온양온천역,180,160,43573,3,DEPARTURE_TO_DEPARTURE
SL_9466C01B2356,I4101,1710,I4101|1710,의왕역,I4101,1708,I4101|1708,금정역,120,120,5720,5,DEPARTURE_TO_DEPARTURE
SL_9466C01B2356,I4101,1708,I4101|1708,금정역,I4101,1706,I4101|1706,안양역,120,120,3804,43,DEPARTURE_TO_DEPARTURE
SL_9466C01B2356,I4101,1703,I4101|1703,금천구청역,I4101,1702,I4101|1702,가산디지털단지역,120,120,3050,5,DEPARTURE_TO_ARRIVAL
SL_9466C01B2356,I4101,1702,I4101|1702,가산디지털단지역,I4101,1701,I4101|1701,구로역,240,240,2403,304,DEPARTURE_TO_ARRIVAL
SL_9466C01B2356,I4101,1720,I4101|1720,진위역,I4101,1703,I4101|1703,금천구청역,240,240,41244,2,DEPARTURE_TO_DEPARTURE
SL_9466C01B2356,I4101,1703,I4101|1703,금천구청역,I4101,1704,I4101|1704,석수역,120,141,2394,220,DEPARTURE_TO_ARRIVAL
SL_9466C01B2356,I4101,1704,I4101|1704,석수역,I4101,1714,I4101|1714,독산역,240,227,3608,19,DEPARTURE_TO_DEPARTURE
SL_9466C01B2356,I4101,1714,I4101|1714,독산역,I4101,1707,I4101|1707,명학역,180,180,9940,2,DEPARTURE_TO_DEPARTURE
SL_9466C01B2356,I4101,1707,I4101|1707,명학역,I4401,1408,I4401|1408,신창(순천향대)역,150,150,68422,2,DEPARTURE_TO_DEPARTURE
SL_9466C01B2356,I4401,1408,I4401|1408,신창(순천향대)역,I4101,1726,I4101|1726,직산역,150,150,20616,2,DEPARTURE_TO_DEPARTURE
SL_9466C01B2356,I4101,1726,I4101|1726,직산역,I4101,1705,I4101|1705,관악역,120,138,64474,17,DEPARTURE_TO_DEPARTURE
SL_9466C01B2356,I4101,1705,I4101|1705,관악역,I4101,1729,I4101|1729,당정역,300,300,9177,1,DEPARTURE_TO_DEPARTURE
SL_9466C01B2356,I4101,1710,I4101|1710,의왕역,I4101,1712,I4101|1712,화서역,180,165,5484,20,DEPARTURE_TO_DEPARTURE
SL_9466C01B2356,I4101,1712,I4101|1712,화서역,I4101,1709,I4101|1709,군포역,240,300,8563,3,DEPARTURE_TO_DEPARTURE
SL_9466C01B2356,I4101,1709,I4101|1709,군포역,I4101,1718,I4101|1718,오산대역,180,180,22867,6,DEPARTURE_TO_DEPARTURE
SL_9466C01B2356,I4101,1715,I4101|1715,세류역,I4101,1717,I4101|1717,세마역,180,193,6836,18,DEPARTURE_TO_DEPARTURE
SL_9466C01B2356,I4101,1717,I4101|1717,세마역,I4101,1721,I4101|1721,송탄역,180,198,12483,10,DEPARTURE_TO_DEPARTURE
SL_9466C01B2356,I4101,1721,I4101|1721,송탄역,I4101,1723,I4101|1723,평택지제역,240,208,6444,17,DEPARTURE_TO_DEPARTURE
SL_9466C01B2356,I4101,1723,I4101|1723,평택지제역,I4401,1407,I4401|1407,온양온천역,180,180,27162,1,DEPARTURE_TO_DEPARTURE
SL_9466C01B2356,I4101,1711,I4101|1711,성균관대역,I4101,1708,I4101|1708,금정역,120,120,8325,38,DEPARTURE_TO_DEPARTURE
SL_9466C01B2356,I4101,1706,I4101|1706,안양역,I4101,1702,I4101|1702,가산디지털단지역,120,120,9534,38,DEPARTURE_TO_ARRIVAL
SL_9466C01B2356,I4101,1718,I4101|1718,오산대역,I4101,1717,I4101|1717,세마역,150,152,2652,257,DEPARTURE_TO_ARRIVAL
SL_9466C01B2356,I4101,1717,I4101|1717,세마역,I4101,1720,I4101|1720,진위역,120,132,8784,15,DEPARTURE_TO_DEPARTURE
SL_9466C01B2356,I4101,1720,I4101|1720,진위역,I4101,1715,I4101|1715,세류역,120,144,15544,10,DEPARTURE_TO_DEPARTURE
SL_9466C01B2356,I4101,1721,I4101|1721,송탄역,I4101,1726,I4101|1726,직산역,180,165,24081,8,DEPARTURE_TO_DEPARTURE
SL_9466C01B2356,I4101,1707,I4101|1707,명학역,I4101,1704,I4101|1704,석수역,180,180,6363,2,DEPARTURE_TO_DEPARTURE
SL_9466C01B2356,I4101,1715,I4101|1715,세류역,I4401,1407,I4401|1407,온양온천역,180,180,51567,1,DEPARTURE_TO_DEPARTURE
SL_9466C01B2356,I4101,1723,I4101|1723,평택지제역,I4101,1712,I4101|1712,화서역,240,200,30340,3,DEPARTURE_TO_DEPARTURE
SL_9466C01B2356,I4101,1712,I4101|1712,화서역,I4101,1721,I4101|1721,송탄역,240,214,23897,7,DEPARTURE_TO_DEPARTURE
SL_9466C01B2356,I4101,1720,I4101|1720,진위역,I4101,1710,I4101|1710,의왕역,420,420,25538,2,DEPARTURE_TO_DEPARTURE
SL_9466C01B2356,I4101,1710,I4101|1710,의왕역,I4101,1703,I4101|1703,금천구청역,180,180,15757,2,DEPARTURE_TO_DEPARTURE
SL_9466C01B2356,I4101,1704,I4101|1704,석수역,I4401,1728,I4401|1728,천안역,150,150,72783,2,DEPARTURE_TO_DEPARTURE
SL_9466C01B2356,I4401,1728,I4401|1728,천안역,I4101,1718,I4101|1718,오산대역,120,120,40617,1,DEPARTURE_TO_DEPARTURE
SL_9466C01B2356,I4101,1717,I4101|1717,세마역,I4101,1714,I4101|1714,독산역,120,120,33842,4,DEPARTURE_TO_DEPARTURE
SL_9466C01B2356,I4101,1705,I4101|1705,관악역,I4101,1709,I4101|1709,군포역,120,169,8132,21,DEPARTURE_TO_DEPARTURE
SL_9466C01B2356,I4101,1729,I4101|1729,당정역,I4101,1727,I4101|1727,두정역,180,180,59389,7,DEPARTURE_TO_DEPARTURE
SL_9466C01B2356,I4101,1707,I4101|1707,명학역,I4101,1710,I4101|1710,의왕역,120,144,7179,10,DEPARTURE_TO_DEPARTURE
SL_9466C01B2356,I4101,1710,I4101|1710,의왕역,I4101,1729,I4101|1729,당정역,120,121,2528,445,DEPARTURE_TO_ARRIVAL
SL_9466C01B2356,I4101,1729,I4101|1729,당정역,I4101,1703,I4101|1703,금천구청역,120,145,13377,12,DEPARTURE_TO_DEPARTURE
SL_9466C01B2356,I4101,1703,I4101|1703,금천구청역,I4101,0125,I4101|0125,제기동,180,180,18406,5,DEPARTURE_TO_DEPARTURE
SL_9466C01B2356,I4101,1715,I4101|1715,세류역,I4101,1714,I4101|1714,독산역,150,218,27008,8,DEPARTURE_TO_DEPARTURE
SL_9466C01B2356,I4101,1714,I4101|1714,독산역,I4101,1712,I4101|1712,화서역,180,180,22086,2,DEPARTURE_TO_DEPARTURE
SL_9466C01B2356,I4101,1712,I4101|1712,화서역,I4101,1718,I4101|1718,오산대역,180,180,14307,6,DEPARTURE_TO_DEPARTURE
SL_9466C01B2356,I4101,1717,I4101|1717,세마역,I4101,1703,I4101|1703,금천구청역,120,120,32629,2,DEPARTURE_TO_DEPARTURE
SL_9466C01B2356,I4101,1703,I4101|1703,금천구청역,I4101,1723,I4101|1723,평택지제역,120,120,51020,5,DEPARTURE_TO_DEPARTURE
SL_9466C01B2356,I4101,1726,I4101|1726,직산역,I4101,1720,I4101|1720,진위역,120,136,27526,11,DEPARTURE_TO_DEPARTURE
SL_9466C01B2356,I4101,1720,I4101|1720,진위역,I4101,1721,I4101|1721,송탄역,180,177,3889,254,DEPARTURE_TO_ARRIVAL
SL_9466C01B2356,I4101,1721,I4101|1721,송탄역,I4101,1707,I4101|1707,명학역,180,180,35940,5,DEPARTURE_TO_DEPARTURE
SL_9466C01B2356,I4101,1729,I4101|1729,당정역,I4101,1709,I4101|1709,군포역,90,84,1151,448,DEPARTURE_TO_ARRIVAL
SL_9466C01B2356,I4101,1709,I4101|1709,군포역,I4101,1710,I4101|1710,의왕역,150,150,3679,2,DEPARTURE_TO_DEPARTURE
SL_9466C01B2356,I4101,1704,I4101|1704,석수역,I4101,0125,I4101|0125,제기동,180,180,19739,4,DEPARTURE_TO_DEPARTURE
SL_9466C01B2356,I4101,1709,I4101|1709,군포역,I4101,1715,I4101|1715,세류역,180,180,13488,2,DEPARTURE_TO_DEPARTURE
SL_9466C01B2356,I4101,1717,I4101|1717,세마역,I4101,1712,I4101|1712,화서역,120,180,11757,7,DEPARTURE_TO_DEPARTURE
SL_9466C01B2356,I4101,1720,I4101|1720,진위역,I4101,1704,I4101|1704,석수역,180,168,38856,5,DEPARTURE_TO_DEPARTURE
SL_9466C01B2356,I4101,1703,I4101|1703,금천구청역,I4401,1728,I4401|1728,천안역,180,184,75177,14,DEPARTURE_TO_DEPARTURE
SL_9466C01B2356,I4401,1728,I4401|1728,천안역,I4101,1707,I4101|1707,명학역,240,212,66530,15,DEPARTURE_TO_DEPARTURE
SL_9466C01B2356,I4101,1707,I4101|1707,명학역,I4101,1718,I4101|1718,오산대역,180,180,26438,2,DEPARTURE_TO_DEPARTURE
SL_9466C01B2356,I4101,1718,I4101|1718,오산대역,I4101,1714,I4101|1714,독산역,270,240,36377,4,DEPARTURE_TO_DEPARTURE
SL_9466C01B2356,I4101,1714,I4101|1714,독산역,I4101,1729,I4101|1729,당정역,180,172,14592,8,DEPARTURE_TO_DEPARTURE
SL_9466C01B2356,I4101,1714,I4101|1714,독산역,I4101,1718,I4101|1718,오산대역,120,120,36377,2,DEPARTURE_TO_DEPARTURE
SL_9466C01B2356,I4101,1717,I4101|1717,세마역,I4101,1707,I4101|1707,명학역,120,120,23903,1,DEPARTURE_TO_DEPARTURE
SL_9466C01B2356,I4101,1707,I4101|1707,명학역,I4401,1728,I4401|1728,천안역,180,180,66530,10,DEPARTURE_TO_DEPARTURE
SL_9466C01B2356,I4401,1728,I4401|1728,천안역,I4101,1726,I4101|1726,직산역,240,230,6752,6,DEPARTURE_TO_DEPARTURE
SL_9466C01B2356,I4101,1714,I4101|1714,독산역,I4101,1726,I4101|1726,직산역,120,120,69899,6,DEPARTURE_TO_DEPARTURE
SL_9466C01B2356,I4101,1723,I4101|1723,평택지제역,I4101,1721,I4101|1721,송탄역,120,158,6444,11,DEPARTURE_TO_DEPARTURE
SL_9466C01B2356,I4101,1709,I4101|1709,군포역,I4101,1705,I4101|1705,관악역,180,172,8132,16,DEPARTURE_TO_DEPARTURE
SL_9466C01B2356,I4101,1703,I4101|1703,금천구청역,I4101,0124,I4101|0124,청량리(서울시립대입구),180,163,19183,7,DEPARTURE_TO_DEPARTURE
SL_9466C01B2356,I4101,1718,I4101|1718,오산대역,I4101,1704,I4101|1704,석수역,120,120,32798,3,DEPARTURE_TO_DEPARTURE
SL_9466C01B2356,I4101,1704,I4101|1704,석수역,I4101,1717,I4101|1717,세마역,120,150,30254,6,DEPARTURE_TO_DEPARTURE
SL_9466C01B2356,I4101,1729,I4101|1729,당정역,I4101,1723,I4101|1723,평택지제역,120,120,37670,3,DEPARTURE_TO_DEPARTURE
SL_9466C01B2356,I4101,1707,I4101|1707,명학역,I4101,1705,I4101|1705,관악역,120,120,4583,1,DEPARTURE_TO_DEPARTURE
SL_9466C01B2356,I4101,1705,I4101|1705,관악역,I4101,0124,I4101|0124,청량리(서울시립대입구),120,160,21540,3,DEPARTURE_TO_DEPARTURE
SL_9466C01B2356,I4101,0124,I4101|0124,청량리(서울시립대입구),I4101,1703,I4101|1703,금천구청역,180,160,19183,3,DEPARTURE_TO_DEPARTURE
SL_9466C01B2356,I4101,1714,I4101|1714,독산역,I4101,1710,I4101|1710,의왕역,120,144,16970,5,DEPARTURE_TO_DEPARTURE
SL_9466C01B2356,I4101,1709,I4101|1709,군포역,I4101,0125,I4101|0125,제기동,180,180,26089,1,DEPARTURE_TO_DEPARTURE
SL_9466C01B2356,I4101,1710,I4101|1710,의왕역,I4101,1715,I4101|1715,세류역,300,280,10306,3,DEPARTURE_TO_DEPARTURE
SL_9466C01B2356,I4101,1705,I4101|1705,관악역,I4101,1718,I4101|1718,오산대역,120,140,30998,3,DEPARTURE_TO_DEPARTURE
SL_9466C01B2356,I4101,1707,I4101|1707,명학역,I4101,1703,I4101|1703,금천구청역,180,187,8727,9,DEPARTURE_TO_DEPARTURE
SL_9466C01B2356,I4101,1712,I4101|1712,화서역,I4401,1407,I4401|1407,온양온천역,180,180,56009,2,DEPARTURE_TO_DEPARTURE
SL_9466C01B2356,I4101,1720,I4101|1720,진위역,I4101,1709,I4101|1709,군포역,240,240,28939,2,DEPARTURE_TO_DEPARTURE
SL_9466C01B2356,I4101,1705,I4101|1705,관악역,I4101,1726,I4101|1726,직산역,180,180,64474,4,DEPARTURE_TO_DEPARTURE
SL_9466C01B2356,I4101,1726,I4101|1726,직산역,I4101,1729,I4101|1729,당정역,420,420,55319,2,DEPARTURE_TO_DEPARTURE
SL_9466C01B2356,I4101,1729,I4101|1729,당정역,I4101,1712,I4101|1712,화서역,150,150,7542,4,DEPARTURE_TO_DEPARTURE
SL_9466C01B2356,I4101,1723,I4101|1723,평택지제역,I4101,1718,I4101|1718,오산대역,120,150,16756,4,DEPARTURE_TO_DEPARTURE
SL_9466C01B2356,I4101,1715,I4101|1715,세류역,I4101,1703,I4101|1703,금천구청역,120,144,25794,5,DEPARTURE_TO_DEPARTURE
SL_9466C01B2356,I4101,1703,I4101|1703,금천구청역,I4101,1717,I4101|1717,세마역,120,120,32629,2,DEPARTURE_TO_DEPARTURE
SL_9466C01B2356,I4101,1715,I4101|1715,세류역,I4101,1710,I4101|1710,의왕역,120,120,10306,1,DEPARTURE_TO_DEPARTURE
SL_9466C01B2356,I4101,1710,I4101|1710,의왕역,I4101,1705,I4101|1705,관악역,120,120,11544,4,DEPARTURE_TO_DEPARTURE
SL_9466C01B2356,I4101,1717,I4101|1717,세마역,I4101,0124,I4101|0124,청량리(서울시립대입구),120,120,43684,1,DEPARTURE_TO_DEPARTURE
SL_9466C01B2356,I4101,0124,I4101|0124,청량리(서울시립대입구),I4101,1721,I4101|1721,송탄역,120,132,56134,5,DEPARTURE_TO_DEPARTURE
SL_9466C01B2356,I4101,1721,I4101|1721,송탄역,I4101,1709,I4101|1709,군포역,180,180,32341,3,DEPARTURE_TO_DEPARTURE
SL_9466C01B2356,I4101,1709,I4101|1709,군포역,I4101,1720,I4101|1720,진위역,120,120,28939,1,DEPARTURE_TO_DEPARTURE
SL_9466C01B2356,I4101,1720,I4101|1720,진위역,I4101,1729,I4101|1729,당정역,180,180,27867,2,DEPARTURE_TO_DEPARTURE
SL_9466C01B2356,I4101,1729,I4101|1729,당정역,I4101,1726,I4101|1726,직산역,120,120,55319,1,DEPARTURE_TO_DEPARTURE
SL_9466C01B2356,I4101,1726,I4101|1726,직산역,I4101,1712,I4101|1712,화서역,120,195,47925,4,DEPARTURE_TO_DEPARTURE
SL_9466C01B2356,I4101,1723,I4101|1723,평택지제역,I4101,1707,I4101|1707,명학역,120,140,42368,3,DEPARTURE_TO_DEPARTURE
SL_9466C01B2356,I4101,1707,I4101|1707,명학역,I4101,0125,I4101|0125,제기동,180,180,23251,5,DEPARTURE_TO_DEPARTURE
SL_9466C01B2356,I4101,1709,I4101|1709,군포역,I4101,1717,I4101|1717,세마역,180,180,20319,4,DEPARTURE_TO_DEPARTURE
SL_9466C01B2356,I4101,1721,I4101|1721,송탄역,I4101,1712,I4101|1712,화서역,180,240,23897,3,DEPARTURE_TO_DEPARTURE
SL_9466C01B2356,I4101,1704,I4101|1704,석수역,I4101,1723,I4101|1723,평택지제역,180,197,48627,7,DEPARTURE_TO_DEPARTURE
SL_9466C01B2356,I4101,1718,I4101|1718,오산대역,I4101,1703,I4101|1703,금천구청역,120,120,35165,2,DEPARTURE_TO_DEPARTURE
SL_9466C01B2356,I4101,1707,I4101|1707,명학역,I4101,1715,I4101|1715,세류역,150,150,17068,2,DEPARTURE_TO_DEPARTURE
SL_9466C01B2356,I4101,1715,I4101|1715,세류역,I4101,1729,I4101|1729,당정역,120,180,12463,5,DEPARTURE_TO_DEPARTURE
SL_9466C01B2356,I4101,1729,I4101|1729,당정역,I4101,1717,I4101|1717,세마역,150,150,19281,4,DEPARTURE_TO_DEPARTURE
SL_9466C01B2356,I4101,1714,I4101|1714,독산역,I4101,1703,I4101|1703,금천구청역,120,131,1215,277,DEPARTURE_TO_ARRIVAL
SL_9466C01B2356,I4101,1720,I4101|1720,진위역,I4101,1707,I4101|1707,명학역,120,120,32537,2,DEPARTURE_TO_DEPARTURE
SL_9466C01B2356,I4101,1705,I4101|1705,관악역,I4101,1710,I4101|1710,의왕역,120,155,11544,12,DEPARTURE_TO_DEPARTURE
SL_9466C01B2356,I4101,1710,I4101|1710,의왕역,I4101,1704,I4101|1704,석수역,150,150,13363,10,DEPARTURE_TO_DEPARTURE
SL_9466C01B2356,I4101,1703,I4101|1703,금천구청역,I4101,1707,I4101|1707,명학역,420,334,8727,7,DEPARTURE_TO_DEPARTURE
SL_9466C01B2356,I4101,1720,I4101|1720,진위역,I4101,1723,I4101|1723,평택지제역,180,169,10137,11,DEPARTURE_TO_DEPARTURE
SL_9466C01B2356,I4101,1723,I4101|1723,평택지제역,I4101,1727,I4101|1727,두정역,180,180,21729,5,DEPARTURE_TO_DEPARTURE
SL_9466C01B2356,I4101,1720,I4101|1720,진위역,I4101,1714,I4101|1714,독산역,120,120,42459,3,DEPARTURE_TO_DEPARTURE
SL_9466C01B2356,I4101,1705,I4101|1705,관악역,I4101,1721,I4101|1721,송탄역,120,120,40394,5,DEPARTURE_TO_DEPARTURE
SL_9466C01B2356,I4101,1710,I4101|1710,의왕역,I4101,1718,I4101|1718,오산대역,240,240,19658,2,DEPARTURE_TO_DEPARTURE
SL_9466C01B2356,I4101,1712,I4101|1712,화서역,I4101,1715,I4101|1715,세류역,180,167,4925,19,DEPARTURE_TO_DEPARTURE
SL_9466C01B2356,I4101,1729,I4101|1729,당정역,I4101,1707,I4101|1707,명학역,180,188,4703,8,DEPARTURE_TO_DEPARTURE
SL_9466C01B2356,I4401,1728,I4401|1728,천안역,I4101,1704,I4101|1704,석수역,180,180,72783,1,DEPARTURE_TO_DEPARTURE
SL_9466C01B2356,I4101,1703,I4101|1703,금천구청역,I4101,1727,I4101|1727,두정역,180,180,72747,1,DEPARTURE_TO_DEPARTURE
SL_9466C01B2356,I4101,1712,I4101|1712,화서역,I4101,1714,I4101|1714,독산역,120,120,22086,1,DEPARTURE_TO_DEPARTURE
SL_9466C01B2356,I4101,1717,I4101|1717,세마역,I4101,1726,I4101|1726,직산역,240,200,36292,3,DEPARTURE_TO_DEPARTURE
SL_9466C01B2356,I4401,1728,I4401|1728,천안역,I4101,1703,I4101|1703,금천구청역,120,120,75177,1,DEPARTURE_TO_DEPARTURE
SL_9466C01B2356,I4101,1703,I4101|1703,금천구청역,I4101,1720,I4101|1720,진위역,180,180,41244,1,DEPARTURE_TO_DEPARTURE
SL_9466C01B2356,I4101,1704,I4101|1704,석수역,I4101,1721,I4101|1721,송탄역,210,210,42212,2,DEPARTURE_TO_DEPARTURE
SL_9466C01B2356,I4101,1715,I4101|1715,세류역,I4101,1727,I4101|1727,두정역,180,180,47175,1,DEPARTURE_TO_DEPARTURE
SL_9466C01B2356,I4101,1726,I4101|1726,직산역,I4101,1704,I4101|1704,석수역,120,146,66292,7,DEPARTURE_TO_DEPARTURE
SL_9466C01B2356,I4101,1704,I4101|1704,석수역,I4101,1715,I4101|1715,세류역,120,120,23422,3,DEPARTURE_TO_DEPARTURE
SL_9466C01B2356,I4101,0124,I4101|0124,청량리(서울시립대입구),I4101,1709,I4101|1709,군포역,120,120,26579,2,DEPARTURE_TO_DEPARTURE
SL_9466C01B2356,I4101,1718,I4101|1718,오산대역,I4101,1729,I4101|1729,당정역,180,180,21847,2,DEPARTURE_TO_DEPARTURE
SL_9466C01B2356,I4101,1717,I4101|1717,세마역,I4101,1723,I4101|1723,평택지제역,120,120,18885,2,DEPARTURE_TO_DEPARTURE
SL_9466C01B2356,I4101,1723,I4101|1723,평택지제역,I4101,1720,I4101|1720,진위역,120,137,10137,7,DEPARTURE_TO_DEPARTURE
SL_9466C01B2356,I4101,1729,I4101|1729,당정역,I4101,1718,I4101|1718,오산대역,240,240,21847,1,DEPARTURE_TO_DEPARTURE
SL_9466C01B2356,I4101,1718,I4101|1718,오산대역,I4101,1726,I4101|1726,직산역,240,240,33954,1,DEPARTURE_TO_DEPARTURE
SL_9466C01B2356,I4101,1721,I4101|1721,송탄역,I4101,1705,I4101|1705,관악역,150,150,40394,2,DEPARTURE_TO_DEPARTURE
SL_9466C01B2356,I4101,1709,I4101|1709,군포역,I4101,1727,I4101|1727,두정역,150,150,60485,2,DEPARTURE_TO_DEPARTURE
SL_9466C01B2356,I4101,1729,I4101|1729,당정역,I4101,1720,I4101|1720,진위역,180,180,27867,2,DEPARTURE_TO_DEPARTURE
SL_9466C01B2356,I4101,1707,I4101|1707,명학역,I4101,1727,I4101|1727,두정역,180,180,64084,1,DEPARTURE_TO_DEPARTURE
SL_9466C01B2356,I4101,1726,I4101|1726,직산역,I4101,1715,I4101|1715,세류역,120,120,43070,5,DEPARTURE_TO_DEPARTURE
SL_9466C01B2356,I4101,1715,I4101|1715,세류역,I4101,1705,I4101|1705,관악역,120,137,21619,7,DEPARTURE_TO_DEPARTURE
SL_9466C01B2356,I4101,1721,I4101|1721,송탄역,I4101,1710,I4101|1710,의왕역,180,180,28852,2,DEPARTURE_TO_DEPARTURE
SL_9466C01B2356,I4101,1710,I4101|1710,의왕역,I4101,1720,I4101|1720,진위역,210,192,25538,10,DEPARTURE_TO_DEPARTURE
SL_9466C01B2356,I4101,1712,I4101|1712,화서역,I4101,0124,I4101|0124,청량리(서울시립대입구),240,240,33294,2,DEPARTURE_TO_DEPARTURE
SL_9466C01B2356,I4101,0124,I4101|0124,청량리(서울시립대입구),I4101,1714,I4101|1714,독산역,120,144,18690,5,DEPARTURE_TO_DEPARTURE
SL_9466C01B2356,I4101,1718,I4101|1718,오산대역,I4101,1707,I4101|1707,명학역,240,220,26438,3,DEPARTURE_TO_DEPARTURE
SL_9466C01B2356,I4101,1707,I4101|1707,명학역,I4101,0124,I4101|0124,청량리(서울시립대입구),120,120,23810,3,DEPARTURE_TO_DEPARTURE
SL_9466C01B2356,I4101,1710,I4101|1710,의왕역,I4101,1717,I4101|1717,세마역,300,300,17055,1,DEPARTURE_TO_DEPARTURE
SL_9466C01B2356,I4101,1703,I4101|1703,금천구청역,I4101,1705,I4101|1705,관악역,180,180,4212,1,DEPARTURE_TO_DEPARTURE
SL_9466C01B2356,I4101,1721,I4101|1721,송탄역,I4401,1407,I4401|1407,온양온천역,180,180,33106,1,DEPARTURE_TO_DEPARTURE
SL_9466C01B2356,I4101,1723,I4101|1723,평택지제역,I4101,1704,I4101|1704,석수역,240,223,48627,14,DEPARTURE_TO_DEPARTURE
SL_9466C01B2356,I4101,1726,I4101|1726,직산역,I4101,1701,I4101|1701,구로역,240,240,74028,1,DEPARTURE_TO_DEPARTURE
SL_9466C01B2356,I4101,1701,I4101|1701,구로역,I4101,1714,I4101|1714,독산역,180,180,4187,1,DEPARTURE_TO_DEPARTURE
SL_9466C01B2356,I4101,1707,I4101|1707,명학역,I4101,1712,I4101|1712,화서역,120,120,12147,1,DEPARTURE_TO_DEPARTURE
SL_9466C01B2356,I4101,1712,I4101|1712,화서역,I4101,1704,I4101|1704,석수역,120,120,18497,2,DEPARTURE_TO_DEPARTURE
SL_9466C01B2356,I4101,1704,I4101|1704,석수역,I4101,1710,I4101|1710,의왕역,150,150,13363,4,DEPARTURE_TO_DEPARTURE
SL_9466C01B2356,I4101,1710,I4101|1710,의왕역,I4101,1723,I4101|1723,평택지제역,120,120,35264,1,DEPARTURE_TO_DEPARTURE
SL_9466C01B2356,I4101,1718,I4101|1718,오산대역,I4101,1709,I4101|1709,군포역,120,120,22867,1,DEPARTURE_TO_DEPARTURE
SL_9466C01B2356,I4101,1709,I4101|1709,군포역,I4101,1721,I4101|1721,송탄역,120,135,32341,4,DEPARTURE_TO_DEPARTURE
SL_9466C01B2356,I4101,1705,I4101|1705,관악역,I4101,1715,I4101|1715,세류역,210,190,21619,6,DEPARTURE_TO_DEPARTURE
SL_9466C01B2356,I4101,1720,I4101|1720,진위역,I4101,1702,I4101|1702,가산디지털단지역,120,120,44293,1,DEPARTURE_TO_DEPARTURE
SL_9466C01B2356,I4101,1705,I4101|1705,관악역,I4101,1720,I4101|1720,진위역,240,240,37042,1,DEPARTURE_TO_DEPARTURE
SL_9466C01B2356,I4101,1723,I4101|1723,평택지제역,I4101,1715,I4101|1715,세류역,180,180,25546,2,DEPARTURE_TO_DEPARTURE
SL_9466C01B2356,I4101,1729,I4101|1729,당정역,I4101,1714,I4101|1714,독산역,120,168,14592,5,DEPARTURE_TO_DEPARTURE
SL_9466C01B2356,I4101,1714,I4101|1714,독산역,I4401,1408,I4401|1408,신창(순천향대)역,180,180,77665,1,DEPARTURE_TO_DEPARTURE
SL_9466C01B2356,I4401,1408,I4401|1408,신창(순천향대)역,I4101,1718,I4101|1718,오산대역,120,120,45616,1,DEPARTURE_TO_DEPARTURE
SL_9466C01B2356,I4101,1703,I4101|1703,금천구청역,I4401,1407,I4401|1407,온양온천역,180,180,75718,1,DEPARTURE_TO_DEPARTURE
SL_9466C01B2356,I4101,1715,I4101|1715,세류역,I4101,1707,I4101|1707,명학역,210,190,17068,6,DEPARTURE_TO_DEPARTURE
SL_9466C01B2356,I4101,1718,I4101|1718,오산대역,I4101,0124,I4101|0124,청량리(서울시립대입구),120,120,45701,2,DEPARTURE_TO_DEPARTURE
SL_9466C01B2356,I4101,1720,I4101|1720,진위역,I4101,1705,I4101|1705,관악역,240,216,37042,5,DEPARTURE_TO_DEPARTURE
SL_9466C01B2356,I4101,1718,I4101|1718,오산대역,I4101,1705,I4101|1705,관악역,120,120,30998,1,DEPARTURE_TO_DEPARTURE
SL_9466C01B2356,I4101,1721,I4101|1721,송탄역,I4101,0124,I4101|0124,청량리(서울시립대입구),120,120,56134,4,DEPARTURE_TO_DEPARTURE
SL_9466C01B2356,I4101,1709,I4101|1709,군포역,I4101,1703,I4101|1703,금천구청역,120,120,12313,2,DEPARTURE_TO_DEPARTURE
SL_9466C01B2356,I4101,1707,I4101|1707,명학역,I4101,1717,I4101|1717,세마역,150,165,23903,4,DEPARTURE_TO_DEPARTURE
SL_9466C01B2356,I4101,1723,I4101|1723,평택지제역,I4101,1709,I4101|1709,군포역,150,150,38771,2,DEPARTURE_TO_DEPARTURE
SL_9466C01B2356,I4101,1714,I4101|1714,독산역,I4401,1728,I4401|1728,천안역,150,150,76390,2,DEPARTURE_TO_DEPARTURE
SL_9466C01B2356,I4401,1728,I4401|1728,천안역,I4101,1729,I4101|1729,당정역,240,240,61831,1,DEPARTURE_TO_DEPARTURE
SL_9466C01B2356,I4101,1721,I4101|1721,송탄역,I4101,1715,I4101|1715,세류역,150,165,19104,4,DEPARTURE_TO_DEPARTURE
SL_9466C01B2356,I4101,1715,I4101|1715,세류역,I4101,1712,I4101|1712,화서역,120,120,4925,1,DEPARTURE_TO_DEPARTURE
SL_9466C01B2356,I4101,1718,I4101|1718,오산대역,I4101,1727,I4101|1727,두정역,180,180,38088,4,DEPARTURE_TO_DEPARTURE
SL_9466C01B2356,I4101,1726,I4101|1726,직산역,I4101,1717,I4101|1717,세마역,120,120,36292,2,DEPARTURE_TO_DEPARTURE
SL_9466C01B2356,I4101,1718,I4101|1718,오산대역,I4101,1723,I4101|1723,평택지제역,120,160,16756,3,DEPARTURE_TO_DEPARTURE
SL_9466C01B2356,I4101,1723,I4101|1723,평택지제역,I4101,1710,I4101|1710,의왕역,180,180,35264,2,DEPARTURE_TO_DEPARTURE
SL_9466C01B2356,I4101,1714,I4101|1714,독산역,I4101,0124,I4101|0124,청량리(서울시립대입구),120,142,18690,8,DEPARTURE_TO_DEPARTURE
SL_9466C01B2356,I4101,1726,I4101|1726,직산역,I4101,1709,I4101|1709,군포역,180,180,56409,6,DEPARTURE_TO_DEPARTURE
SL_9466C01B2356,I4101,1709,I4101|1709,군포역,I4101,1714,I4101|1714,독산역,120,120,13527,1,DEPARTURE_TO_DEPARTURE
SL_9466C01B2356,I4101,0124,I4101|0124,청량리(서울시립대입구),I4101,1712,I4101|1712,화서역,120,120,33294,3,DEPARTURE_TO_DEPARTURE
SL_9466C01B2356,I4101,1707,I4101|1707,명학역,I4101,1723,I4101|1723,평택지제역,120,120,42368,1,DEPARTURE_TO_DEPARTURE
SL_9466C01B2356,I4101,1723,I4101|1723,평택지제역,I4101,1729,I4101|1729,당정역,180,180,37670,1,DEPARTURE_TO_DEPARTURE
SL_9466C01B2356,I4101,1717,I4101|1717,세마역,I4101,1705,I4101|1705,관악역,120,150,28449,4,DEPARTURE_TO_DEPARTURE
SL_9466C01B2356,I4101,1704,I4101|1704,석수역,I4101,1718,I4101|1718,오산대역,180,180,32798,4,DEPARTURE_TO_DEPARTURE
SL_9466C01B2356,I4101,1718,I4101|1718,오산대역,I4101,0125,I4101|0125,제기동,180,180,45515,4,DEPARTURE_TO_DEPARTURE
SL_9466C01B2356,I4101,1703,I4101|1703,금천구청역,I4401,1408,I4401|1408,신창(순천향대)역,180,180,76501,2,DEPARTURE_TO_DEPARTURE
SL_9466C01B2356,I4101,1707,I4101|1707,명학역,I4101,1709,I4101|1709,군포역,240,240,3600,2,DEPARTURE_TO_DEPARTURE
SL_9466C01B2356,I4101,1709,I4101|1709,군포역,I4101,1704,I4101|1704,석수역,180,188,9935,8,DEPARTURE_TO_DEPARTURE
SL_9466C01B2356,I4101,1726,I4101|1726,직산역,I4401,1407,I4401|1407,온양온천역,180,180,16022,1,DEPARTURE_TO_DEPARTURE
SL_9466C01B2356,I4101,1717,I4101|1717,세마역,I4101,1729,I4101|1729,당정역,120,120,19281,3,DEPARTURE_TO_DEPARTURE
SL_9466C01B2356,I4101,0124,I4101|0124,청량리(서울시립대입구),I4101,1718,I4101|1718,오산대역,180,180,45701,3,DEPARTURE_TO_DEPARTURE
SL_9466C01B2356,I4101,1714,I4101|1714,독산역,I4101,0125,I4101|0125,제기동,180,180,17884,1,DEPARTURE_TO_DEPARTURE
SL_9466C01B2356,I4401,1728,I4401|1728,천안역,I4101,1717,I4101|1717,세마역,240,240,42915,1,DEPARTURE_TO_DEPARTURE
SL_9466C01B2356,I4101,1704,I4101|1704,석수역,I4101,1707,I4101|1707,명학역,210,210,6363,2,DEPARTURE_TO_DEPARTURE
SL_9466C01B2356,I4101,1720,I4101|1720,진위역,I4101,1718,I4101|1718,오산대역,120,120,6631,3,DEPARTURE_TO_DEPARTURE
SL_9466C01B2356,I4101,0124,I4101|0124,청량리(서울시립대입구),I4101,1717,I4101|1717,세마역,120,120,43684,1,DEPARTURE_TO_DEPARTURE
SL_9466C01B2356,I4101,1717,I4101|1717,세마역,I4101,0125,I4101|0125,제기동,120,120,43464,1,DEPARTURE_TO_DEPARTURE
SL_9466C01B2356,I4101,1710,I4101|1710,의왕역,I4101,1714,I4101|1714,독산역,120,140,16970,3,DEPARTURE_TO_DEPARTURE
SL_9466C01B2356,I4101,1714,I4101|1714,독산역,I4101,1705,I4101|1705,관악역,120,220,5426,3,DEPARTURE_TO_DEPARTURE
SL_9466C01B2356,I4101,1705,I4101|1705,관악역,I4401,1728,I4401|1728,천안역,240,240,70964,2,DEPARTURE_TO_DEPARTURE
SL_9466C01B2356,I4401,1728,I4401|1728,천안역,I4101,1715,I4101|1715,세류역,420,420,49660,1,DEPARTURE_TO_DEPARTURE
SL_9466C01B2356,I4101,1726,I4101|1726,직산역,I4101,1718,I4101|1718,오산대역,120,120,33954,3,DEPARTURE_TO_DEPARTURE
SL_9466C01B2356,I4101,1705,I4101|1705,관악역,I4101,1723,I4101|1723,평택지제역,180,180,46808,2,DEPARTURE_TO_DEPARTURE
SL_9466C01B2356,I4101,1714,I4101|1714,독산역,I4101,1720,I4101|1720,진위역,120,120,42459,1,DEPARTURE_TO_DEPARTURE
SL_9466C01B2356,I4101,1715,I4101|1715,세류역,I4401,1728,I4401|1728,천안역,240,240,49660,1,DEPARTURE_TO_DEPARTURE
SL_9466C01B2356,I4401,1728,I4401|1728,천안역,I4101,1705,I4101|1705,관악역,240,240,70964,1,DEPARTURE_TO_DEPARTURE
SL_9466C01B2356,I4101,1704,I4101|1704,석수역,I4101,1709,I4101|1709,군포역,180,180,9935,1,DEPARTURE_TO_DEPARTURE
SL_9466C01B2356,I4101,1721,I4101|1721,송탄역,I4101,1717,I4101|1717,세마역,120,132,12483,5,DEPARTURE_TO_DEPARTURE
SL_9466C01B2356,I4101,1703,I4101|1703,금천구청역,I4101,1715,I4101|1715,세류역,120,120,25794,1,DEPARTURE_TO_DEPARTURE
SL_9466C01B2356,I4401,1408,I4401|1408,신창(순천향대)역,I4101,1705,I4101|1705,관악역,300,300,72412,1,DEPARTURE_TO_DEPARTURE
SL_9466C01B2356,I4101,1723,I4101|1723,평택지제역,I4101,1714,I4101|1714,독산역,150,150,52234,2,DEPARTURE_TO_DEPARTURE
SL_9466C01B2356,I4101,1715,I4101|1715,세류역,I4101,1720,I4101|1720,진위역,180,180,15544,3,DEPARTURE_TO_DEPARTURE
SL_9466C01B2356,I4101,1723,I4101|1723,평택지제역,I4401,1728,I4401|1728,천안역,240,240,24161,1,DEPARTURE_TO_DEPARTURE
SL_9466C01B2356,I4401,1728,I4401|1728,천안역,I4101,1714,I4101|1714,독산역,420,420,76390,1,DEPARTURE_TO_DEPARTURE
SL_9466C01B2356,I4101,1717,I4101|1717,세마역,I4101,1727,I4101|1727,두정역,120,120,40410,1,DEPARTURE_TO_DEPARTURE
SL_9466C01B2356,I4101,1712,I4101|1712,화서역,I4101,1003,I4101|1003,용산역,180,180,27430,1,DEPARTURE_TO_DEPARTURE
SL_9466C01B2356,I4101,1003,I4101|1003,용산역,I4101,1006,I4101|1006,영등포역,780,780,5297,1,DEPARTURE_TO_DEPARTURE
SL_9466C01B2356,I4101,1006,I4101|1006,영등포역,I4101,1720,I4101|1720,진위역,360,360,47177,1,DEPARTURE_TO_DEPARTURE
SL_9466C01B2356,I4101,1715,I4101|1715,세류역,I4101,1002,I4101|1002,남영역,240,240,33183,1,DEPARTURE_TO_DEPARTURE
SL_9466C01B2356,I4101,0133,I4101|0133,서울역,I4101,1721,I4101|1721,송탄역,180,180,53920,1,DEPARTURE_TO_DEPARTURE
SL_9466C01B2356,I4101,1706,I4101|1706,안양역,I4101,1709,I4101|1709,군포역,180,180,5826,1,DEPARTURE_TO_DEPARTURE
SL_9466C01B2356,I4101,1715,I4101|1715,세류역,I4101,1723,I4101|1723,평택지제역,120,120,25546,1,DEPARTURE_TO_DEPARTURE
SL_9466C01B2356,I4101,1704,I4101|1704,석수역,I4101,1705,I4101|1705,관악역,120,120,1818,431,DEPARTURE_TO_ARRIVAL
SL_9466C01B2356,I4101,1707,I4101|1707,명학역,I4101,1714,I4101|1714,독산역,120,120,9940,1,DEPARTURE_TO_DEPARTURE
SL_9466C01B2356,I4101,1729,I4101|1729,당정역,I4101,0124,I4101|0124,청량리(서울시립대입구),120,120,27676,1,DEPARTURE_TO_DEPARTURE
SL_9466C01B2356,I4101,0124,I4101|0124,청량리(서울시립대입구),I4101,1723,I4101|1723,평택지제역,120,120,62456,1,DEPARTURE_TO_DEPARTURE
SL_9466C01B2356,I4101,1717,I4101|1717,세마역,I4101,1710,I4101|1710,의왕역,420,420,17055,1,DEPARTURE_TO_DEPARTURE
SL_9466C01B2356,I4101,1729,I4101|1729,당정역,I4101,1705,I4101|1705,관악역,120,120,9177,1,DEPARTURE_TO_DEPARTURE
SL_9466C01B2356,I4101,1716,I4101|1716,병점역,I4101,1715,I4101|1715,세류역,240,240,4490,438,DEPARTURE_TO_ARRIVAL
SL_9466C01B2356,I4101,1715,I4101|1715,세류역,I4101,1713,I4101|1713,수원역,180,180,2746,438,DEPARTURE_TO_ARRIVAL
SL_9466C01B2356,I4101,1713,I4101|1713,수원역,I4101,1712,I4101|1712,화서역,150,142,2180,438,DEPARTURE_TO_ARRIVAL
SL_9466C01B2356,I4101,1712,I4101|1712,화서역,I4101,1711,I4101|1711,성균관대역,120,134,2460,221,DEPARTURE_TO_ARRIVAL
SL_9466C01B2356,I4101,1709,I4101|1709,군포역,I4101,1708,I4101|1708,금정역,180,180,2076,438,DEPARTURE_TO_ARRIVAL
SL_9466C01B2356,I4101,1708,I4101|1708,금정역,I4101,1707,I4101|1707,명학역,120,120,1550,438,DEPARTURE_TO_ARRIVAL
SL_9466C01B2356,I4101,1707,I4101|1707,명학역,I4101,1706,I4101|1706,안양역,150,142,2256,436,DEPARTURE_TO_ARRIVAL
SL_9466C01B2356,I4101,1706,I4101|1706,안양역,I4101,1705,I4101|1705,관악역,150,142,2328,438,DEPARTURE_TO_ARRIVAL
SL_9466C01B2356,I4101,1714,I4101|1714,독산역,I4101,1702,I4101|1702,가산디지털단지역,120,120,1835,261,DEPARTURE_TO_ARRIVAL
SL_9466C01B2356,I4101,1702,I4101|1702,가산디지털단지역,I4101,1714,I4101|1714,독산역,120,120,1835,255,DEPARTURE_TO_ARRIVAL
SL_9466C01B2356,I4101,1705,I4101|1705,관악역,I4101,1706,I4101|1706,안양역,150,155,2328,430,DEPARTURE_TO_ARRIVAL
SL_9466C01B2356,I4101,1706,I4101|1706,안양역,I4101,1707,I4101|1707,명학역,150,155,2256,429,DEPARTURE_TO_ARRIVAL
SL_9466C01B2356,I4101,1707,I4101|1707,명학역,I4101,1708,I4101|1708,금정역,120,120,1550,429,DEPARTURE_TO_ARRIVAL
SL_9466C01B2356,I4101,1708,I4101|1708,금정역,I4101,1709,I4101|1709,군포역,180,180,2076,430,DEPARTURE_TO_ARRIVAL
SL_9466C01B2356,I4101,1711,I4101|1711,성균관대역,I4101,1712,I4101|1712,화서역,180,159,2460,215,DEPARTURE_TO_ARRIVAL
SL_9466C01B2356,I4101,1712,I4101|1712,화서역,I4101,1713,I4101|1713,수원역,150,154,2180,430,DEPARTURE_TO_ARRIVAL
SL_9466C01B2356,I4101,1713,I4101|1713,수원역,I4101,1715,I4101|1715,세류역,180,180,2746,429,DEPARTURE_TO_ARRIVAL
SL_9466C01B2356,I4101,1715,I4101|1715,세류역,I4101,1716,I4101|1716,병점역,240,240,4490,430,DEPARTURE_TO_ARRIVAL
SL_9466C01B2356,I4101,1716,I4101|1716,병점역,I4101,1749,I4101|1749,서동탄역,330,330,2063,186,DEPARTURE_TO_ARRIVAL
SL_9466C01B2356,I4101,1749,I4101|1749,서동탄역,I4101,1716,I4101|1716,병점역,300,315,2063,190,DEPARTURE_TO_ARRIVAL
SL_6EEBE5963ED8,I1104,0409,I1104|0409,불암산,I1104,0410,I1104|0410,상계,120,125,1175,415,DEPARTURE_TO_ARRIVAL
SL_6EEBE5963ED8,I1104,0410,I1104|0410,상계,I1104,0411,I1104|0411,노원,90,78,1003,833,DEPARTURE_TO_ARRIVAL
SL_6EEBE5963ED8,I1104,0411,I1104|0411,노원,I1104,0412,I1104|0412,창동,60,66,1351,420,DEPARTURE_TO_ARRIVAL
SL_6EEBE5963ED8,I1104,0412,I1104|0412,창동,I1104,0413,I1104|0413,쌍문,120,120,1348,431,DEPARTURE_TO_ARRIVAL
SL_6EEBE5963ED8,I1104,0413,I1104|0413,쌍문,I1104,0414,I1104|0414,수유(강북구청),120,120,1416,859,DEPARTURE_TO_ARRIVAL
SL_6EEBE5963ED8,I1104,0414,I1104|0414,수유(강북구청),I1104,0415,I1104|0415,미아(서울사이버대학),90,78,1257,858,DEPARTURE_TO_ARRIVAL
SL_6EEBE5963ED8,I1104,0415,I1104|0415,미아(서울사이버대학),I1104,0416,I1104|0416,미아사거리,120,120,1504,431,DEPARTURE_TO_ARRIVAL
SL_6EEBE5963ED8,I1104,0416,I1104|0416,미아사거리,I1104,0417,I1104|0417,길음,120,120,1186,431,DEPARTURE_TO_ARRIVAL
SL_6EEBE5963ED8,I1104,0417,I1104|0417,길음,I1104,0418,I1104|0418,성신여대입구(돈암),120,120,1371,431,DEPARTURE_TO_ARRIVAL
SL_6EEBE5963ED8,I1104,0418,I1104|0418,성신여대입구(돈암),I1104,0419,I1104|0419,한성대입구(삼선교),120,114,1087,431,DEPARTURE_TO_ARRIVAL
SL_6EEBE5963ED8,I1104,0419,I1104|0419,한성대입구(삼선교),I1104,0420,I1104|0420,혜화,120,113,782,433,DEPARTURE_TO_ARRIVAL
SL_6EEBE5963ED8,I1104,0420,I1104|0420,혜화,I1104,0421,I1104|0421,동대문,120,120,1395,433,DEPARTURE_TO_ARRIVAL
SL_6EEBE5963ED8,I1104,0421,I1104|0421,동대문,I1104,0422,I1104|0422,동대문역사문화공원(DDP),60,60,663,433,DEPARTURE_TO_ARRIVAL
SL_6EEBE5963ED8,I1104,0422,I1104|0422,동대문역사문화공원(DDP),I1104,0423,I1104|0423,충무로,120,120,1240,433,DEPARTURE_TO_ARRIVAL
SL_6EEBE5963ED8,I1104,0423,I1104|0423,충무로,I1104,0424,I1104|0424,명동,60,61,733,433,DEPARTURE_TO_ARRIVAL
SL_6EEBE5963ED8,I1104,0424,I1104|0424,명동,I1104,0425,I1104|0425,회현(남대문시장),60,60,742,863,DEPARTURE_TO_ARRIVAL
SL_6EEBE5963ED8,I1104,0425,I1104|0425,회현(남대문시장),I1104,0426,I1104|0426,서울역,60,67,790,433,DEPARTURE_TO_ARRIVAL
SL_6EEBE5963ED8,I1104,0426,I1104|0426,서울역,I1104,0427,I1104|0427,숙대입구(갈월),60,67,934,431,DEPARTURE_TO_ARRIVAL
SL_6EEBE5963ED8,I1104,0427,I1104|0427,숙대입구(갈월),I1104,0428,I1104|0428,삼각지(전쟁기념관),60,67,1151,431,DEPARTURE_TO_ARRIVAL
SL_6EEBE5963ED8,I1104,0428,I1104|0428,삼각지(전쟁기념관),I1104,0429,I1104|0429,신용산,60,60,748,859,DEPARTURE_TO_ARRIVAL
SL_6EEBE5963ED8,I1104,0429,I1104|0429,신용산,I1104,0430,I1104|0430,이촌(국립중앙박물관),120,120,14,431,DEPARTURE_TO_ARRIVAL
SL_6EEBE5963ED8,I1104,0430,I1104|0430,이촌(국립중앙박물관),I1104,0431,I1104|0431,동작(현충원),180,180,3045,431,DEPARTURE_TO_ARRIVAL
SL_6EEBE5963ED8,I1104,0431,I1104|0431,동작(현충원),I1104,0432,I1104|0432,총신대입구(이수),180,173,1794,431,DEPARTURE_TO_ARRIVAL
SL_6EEBE5963ED8,I1104,0432,I1104|0432,총신대입구(이수),I1104,0433,I1104|0433,사당,120,114,1253,431,DEPARTURE_TO_ARRIVAL
SL_6EEBE5963ED8,I1104,0433,I1104|0433,사당,I1104,0434,I1104|0434,남태령,120,120,1480,470,DEPARTURE_TO_ARRIVAL
SL_6EEBE5963ED8,I1104,0434,I1104|0434,남태령,I4103,1450,I4103|1450,선바위역,120,124,1806,235,DEPARTURE_TO_ARRIVAL
SL_AA31BBF870D0,I4103,1450,I4103|1450,선바위역,I4103,1451,I4103|1451,경마공원역,60,64,1011,235,DEPARTURE_TO_ARRIVAL
SL_AA31BBF870D0,I4103,1451,I4103|1451,경마공원역,I4103,1452,I4103|1452,대공원역,60,65,927,235,DEPARTURE_TO_ARRIVAL
SL_AA31BBF870D0,I4103,1452,I4103|1452,대공원역,I4103,1453,I4103|1453,과천역,90,78,947,467,DEPARTURE_TO_ARRIVAL
SL_AA31BBF870D0,I4103,1453,I4103|1453,과천역,I4103,1454,I4103|1454,정부과천청사역,60,63,916,235,DEPARTURE_TO_ARRIVAL
SL_AA31BBF870D0,I4103,1454,I4103|1454,정부과천청사역,I4103,1455,I4103|1455,인덕원역,180,179,2964,235,DEPARTURE_TO_ARRIVAL
SL_AA31BBF870D0,I4103,1455,I4103|1455,인덕원역,I4103,1456,I4103|1456,평촌역,120,120,1411,235,DEPARTURE_TO_ARRIVAL
SL_AA31BBF870D0,I4103,1456,I4103|1456,평촌역,I4103,1457,I4103|1457,범계역,60,65,1266,235,DEPARTURE_TO_ARRIVAL
SL_AA31BBF870D0,I4103,1457,I4103|1457,범계역,I4103,1708,I4103|1708,금정역,180,180,2080,466,DEPARTURE_TO_ARRIVAL
SL_AA31BBF870D0,I4103,1708,I4103|1708,금정역,I4103,1751,I4103|1751,산본역,240,239,1813,473,DEPARTURE_TO_ARRIVAL
SL_AA31BBF870D0,I4103,1751,I4103|1751,산본역,I4103,1763,I4103|1763,수리산역,90,77,1081,467,DEPARTURE_TO_ARRIVAL
SL_AA31BBF870D0,I4103,1763,I4103|1763,수리산역,I4103,1752,I4103|1752,대야미역,180,180,2555,469,DEPARTURE_TO_ARRIVAL
SL_AA31BBF870D0,I4103,1752,I4103|1752,대야미역,I4103,1753,I4103|1753,반월역,120,120,2147,468,DEPARTURE_TO_ARRIVAL
SL_AA31BBF870D0,I4103,1753,I4103|1753,반월역,I4103,1754,I4103|1754,상록수역,180,180,3448,468,DEPARTURE_TO_ARRIVAL
SL_AA31BBF870D0,I4103,1754,I4103|1754,상록수역,I4103,1755,I4103|1755,한대앞역,90,103,1370,468,DEPARTURE_TO_ARRIVAL
SL_AA31BBF870D0,I4103,1755,I4103|1755,한대앞역,I4103,1756,I4103|1756,중앙역,120,120,1514,467,DEPARTURE_TO_ARRIVAL
SL_AA31BBF870D0,I4103,1756,I4103|1756,중앙역,I4103,1757,I4103|1757,고잔역,90,77,1368,467,DEPARTURE_TO_ARRIVAL
SL_AA31BBF870D0,I4103,1757,I4103|1757,고잔역,I4103,1758,I4103|1758,초지역,120,120,1556,468,DEPARTURE_TO_ARRIVAL
SL_AA31BBF870D0,I4103,1758,I4103|1758,초지역,I4103,1759,I4103|1759,안산역,120,120,1697,471,DEPARTURE_TO_ARRIVAL
SL_6EEBE5963ED8,I4103,1753,I4103|1753,반월역,I4103,1757,I4103|1757,고잔역,180,180,7145,1,DEPARTURE_TO_DEPARTURE
SL_6EEBE5963ED8,I4103,1757,I4103|1757,고잔역,I4103,1755,I4103|1755,한대앞역,120,120,2817,2,DEPARTURE_TO_DEPARTURE
SL_6EEBE5963ED8,I1104,0409,I1104|0409,불암산,I4103,1752,I4103|1752,대야미역,180,180,40598,1,DEPARTURE_TO_DEPARTURE
SL_6EEBE5963ED8,I4103,1763,I4103|1763,수리산역,I1104,0410,I1104|0410,상계,120,120,36878,1,DEPARTURE_TO_DEPARTURE
SL_6EEBE5963ED8,I4103,1751,I4103|1751,산본역,I4103,1754,I4103|1754,상록수역,120,120,8494,3,DEPARTURE_TO_DEPARTURE
SL_6EEBE5963ED8,I4103,1754,I4103|1754,상록수역,I4103,1756,I4103|1756,중앙역,120,120,2879,3,DEPARTURE_TO_DEPARTURE
SL_6EEBE5963ED8,I4103,1756,I4103|1756,중앙역,I4103,1758,I4103|1758,초지역,180,180,2907,3,DEPARTURE_TO_DEPARTURE
SL_6EEBE5963ED8,I4103,1759,I4103|1759,안산역,I4103,1761,I4103|1761,정왕역,120,120,4907,3,DEPARTURE_TO_ARRIVAL
SL_AA31BBF870D0,I4103,1761,I4103|1761,정왕역,I4103,1762,I4103|1762,오이도역,150,162,1174,407,DEPARTURE_TO_ARRIVAL
SL_6EEBE5963ED8,I4103,1757,I4103|1757,고잔역,I4103,1763,I4103|1763,수리산역,180,180,9792,1,DEPARTURE_TO_DEPARTURE
SL_6EEBE5963ED8,I4103,1763,I4103|1763,수리산역,I1104,0409,I1104|0409,불암산,120,120,38049,1,DEPARTURE_TO_DEPARTURE
SL_6EEBE5963ED8,I1104,0409,I1104|0409,불암산,I4103,1755,I4103|1755,한대앞역,120,120,44736,1,DEPARTURE_TO_DEPARTURE
SL_6EEBE5963ED8,I4103,1752,I4103|1752,대야미역,I1104,0410,I1104|0410,상계,120,120,39428,1,DEPARTURE_TO_DEPARTURE
SL_6EEBE5963ED8,I4103,1752,I4103|1752,대야미역,I1104,0409,I1104|0409,불암산,120,120,40598,1,DEPARTURE_TO_DEPARTURE
SL_6EEBE5963ED8,I1104,0409,I1104|0409,불암산,I4103,1757,I4103|1757,고잔역,180,180,45308,1,DEPARTURE_TO_DEPARTURE
SL_6EEBE5963ED8,I4103,1755,I4103|1755,한대앞역,I1104,0410,I1104|0410,상계,120,120,43561,1,DEPARTURE_TO_DEPARTURE
SL_9466C01B2356,I4101,1727,I4101|1727,두정역,I4101,1726,I4101|1726,직산역,270,269,4154,244,DEPARTURE_TO_ARRIVAL
SL_9466C01B2356,I4101,1726,I4101|1726,직산역,I4101,1725,I4101|1725,성환역,240,240,5206,244,DEPARTURE_TO_ARRIVAL
SL_9466C01B2356,I4101,1724,I4101|1724,평택역,I4101,1723,I4101|1723,평택지제역,240,240,3421,122,DEPARTURE_TO_ARRIVAL
SL_9466C01B2356,I4101,1723,I4101|1723,평택지제역,I4101,1722,I4101|1722,서정리역,240,240,4462,122,DEPARTURE_TO_ARRIVAL
SL_9466C01B2356,I4101,1722,I4101|1722,서정리역,I4101,1721,I4101|1721,송탄역,150,151,2108,244,DEPARTURE_TO_ARRIVAL
SL_9466C01B2356,I4101,1720,I4101|1720,진위역,I4101,1719,I4101|1719,오산역,180,180,3989,243,DEPARTURE_TO_ARRIVAL
SL_9466C01B2356,I4101,1719,I4101|1719,오산역,I4101,1718,I4101|1718,오산대역,210,213,2680,244,DEPARTURE_TO_ARRIVAL
SL_9466C01B2356,I4101,1717,I4101|1717,세마역,I4101,1716,I4101|1716,병점역,150,152,2346,244,DEPARTURE_TO_ARRIVAL
SL_9466C01B2356,I4401,1408,I4401|1408,신창(순천향대)역,I4401,1407,I4401|1407,온양온천역,240,240,4932,66,DEPARTURE_TO_ARRIVAL
SL_9466C01B2356,I4101,1716,I4101|1716,병점역,I4101,1717,I4101|1717,세마역,150,146,2346,240,DEPARTURE_TO_ARRIVAL
SL_9466C01B2356,I4101,1718,I4101|1718,오산대역,I4101,1719,I4101|1719,오산역,210,205,2680,240,DEPARTURE_TO_ARRIVAL
SL_9466C01B2356,I4101,1719,I4101|1719,오산역,I4101,1720,I4101|1720,진위역,180,180,3989,240,DEPARTURE_TO_ARRIVAL
SL_9466C01B2356,I4101,1721,I4101|1721,송탄역,I4101,1722,I4101|1722,서정리역,150,146,2108,240,DEPARTURE_TO_ARRIVAL
SL_9466C01B2356,I4101,1722,I4101|1722,서정리역,I4101,1723,I4101|1723,평택지제역,240,240,4462,120,DEPARTURE_TO_ARRIVAL
SL_9466C01B2356,I4101,1723,I4101|1723,평택지제역,I4101,1724,I4101|1724,평택역,240,240,3421,120,DEPARTURE_TO_ARRIVAL
SL_9466C01B2356,I4101,1725,I4101|1725,성환역,I4101,1726,I4101|1726,직산역,240,240,5206,240,DEPARTURE_TO_ARRIVAL
SL_9466C01B2356,I4101,1726,I4101|1726,직산역,I4101,1727,I4101|1727,두정역,270,274,4154,240,DEPARTURE_TO_ARRIVAL
SL_9466C01B2356,I4101,1703,I4101|1703,금천구청역,I4101,1750,I4101|1750,광명역,300,300,4506,40,DEPARTURE_TO_ARRIVAL
SL_9466C01B2356,I4101,1750,I4101|1750,광명역,I4101,1703,I4101|1703,금천구청역,300,300,4506,40,DEPARTURE_TO_ARRIVAL
SL_6EEBE5963ED8,I4104,0405,I4104|0405,진접역,I4104,0406,I4104|0406,오남역,180,170,1958,138,DEPARTURE_TO_ARRIVAL
SL_6EEBE5963ED8,I4104,0406,I4104|0406,오남역,I4104,0408,I4104|0408,별내별가람역,420,410,7846,138,DEPARTURE_TO_ARRIVAL
SL_6EEBE5963ED8,I4104,0408,I4104|0408,별내별가람역,I1104,0409,I1104|0409,불암산,300,300,3281,138,DEPARTURE_TO_ARRIVAL
SL_8F5057CD282A,S1109,4131,S1109|4131,삼전,S1109,4132,S1109|4132,석촌고분,120,104,861,223,DEPARTURE_TO_ARRIVAL
SL_8F5057CD282A,S1109,4132,S1109|4132,석촌고분,S1109,4133,S1109|4133,석촌,120,100,958,223,DEPARTURE_TO_ARRIVAL
SL_8F5057CD282A,S1109,4133,S1109|4133,석촌,S1109,4134,S1109|4134,송파나루,60,90,779,223,DEPARTURE_TO_ARRIVAL
SL_8F5057CD282A,S1109,4134,S1109|4134,송파나루,S1109,4135,S1109|4135,한성백제,120,104,727,223,DEPARTURE_TO_ARRIVAL
SL_8F5057CD282A,S1109,4135,S1109|4135,한성백제,S1109,4136,S1109|4136,올림픽공원(한국체대),120,129,1246,223,DEPARTURE_TO_ARRIVAL
SL_8F5057CD282A,S1109,4136,S1109|4136,올림픽공원(한국체대),S1109,4137,S1109|4137,둔촌오륜,120,102,814,223,DEPARTURE_TO_ARRIVAL
SL_8F5057CD282A,S1109,4137,S1109|4137,둔촌오륜,S1109,4138,S1109|4138,중앙보훈병원,120,132,1366,223,DEPARTURE_TO_ARRIVAL
SL_8F5057CD282A,S1109,4125,S1109|4125,신논현,S1109,4126,S1109|4126,언주,90,90,892,222,DEPARTURE_TO_ARRIVAL
SL_8F5057CD282A,S1109,4126,S1109|4126,언주,S1109,4127,S1109|4127,선정릉,60,81,934,222,DEPARTURE_TO_ARRIVAL
SL_8F5057CD282A,S1109,4127,S1109|4127,선정릉,S1109,4128,S1109|4128,삼성중앙,120,95,893,222,DEPARTURE_TO_ARRIVAL
SL_8F5057CD282A,S1109,4128,S1109|4128,삼성중앙,S1109,4129,S1109|4129,봉은사,120,93,629,222,DEPARTURE_TO_ARRIVAL
SL_8F5057CD282A,S1109,4129,S1109|4129,봉은사,S1109,4130,S1109|4130,종합운동장,120,122,1509,222,DEPARTURE_TO_ARRIVAL
SL_8F5057CD282A,S1109,4130,S1109|4130,종합운동장,S1109,4131,S1109|4131,삼전,180,152,1169,222,DEPARTURE_TO_ARRIVAL
SL_8F5057CD282A,S1109,4120,S1109|4120,동작(현충원),S1109,4121,S1109|4121,구반포,120,98,806,222,DEPARTURE_TO_ARRIVAL
SL_8F5057CD282A,S1109,4121,S1109|4121,구반포,S1109,4122,S1109|4122,신반포,60,88,813,222,DEPARTURE_TO_ARRIVAL
SL_8F5057CD282A,S1109,4122,S1109|4122,신반포,S1109,4123,S1109|4123,고속터미널,60,77,756,222,DEPARTURE_TO_ARRIVAL
SL_8F5057CD282A,S1109,4123,S1109|4123,고속터미널,S1109,4124,S1109|4124,사평,120,109,1005,222,DEPARTURE_TO_ARRIVAL
SL_8F5057CD282A,S1109,4124,S1109|4124,사평,S1109,4125,S1109|4125,신논현,120,94,812,222,DEPARTURE_TO_ARRIVAL
SL_8F5057CD282A,S1109,4115,S1109|4115,여의도,S1109,4116,S1109|4116,샛강,120,105,619,222,DEPARTURE_TO_ARRIVAL
SL_8F5057CD282A,S1109,4116,S1109|4116,샛강,S1109,4117,S1109|4117,노량진,120,111,1176,222,DEPARTURE_TO_ARRIVAL
SL_8F5057CD282A,S1109,4117,S1109|4117,노량진,S1109,4118,S1109|4118,노들,60,86,1079,222,DEPARTURE_TO_ARRIVAL
SL_8F5057CD282A,S1109,4118,S1109|4118,노들,S1109,4119,S1109|4119,흑석(중앙대입구),60,85,1021,222,DEPARTURE_TO_ARRIVAL
SL_8F5057CD282A,S1109,4119,S1109|4119,흑석(중앙대입구),S1109,4120,S1109|4120,동작(현충원),120,123,1456,222,DEPARTURE_TO_ARRIVAL
SL_8F5057CD282A,S1109,4110,S1109|4110,염창,S1109,4111,S1109|4111,신목동,60,89,797,222,DEPARTURE_TO_ARRIVAL
SL_8F5057CD282A,S1109,4111,S1109|4111,신목동,S1109,4112,S1109|4112,선유도,120,94,1190,222,DEPARTURE_TO_ARRIVAL
SL_8F5057CD282A,S1109,4112,S1109|4112,선유도,S1109,4113,S1109|4113,당산,60,85,855,222,DEPARTURE_TO_ARRIVAL
SL_8F5057CD282A,S1109,4113,S1109|4113,당산,S1109,4114,S1109|4114,국회의사당,120,121,1521,220,DEPARTURE_TO_ARRIVAL
SL_8F5057CD282A,S1109,4114,S1109|4114,국회의사당,S1109,4115,S1109|4115,여의도,120,114,899,220,DEPARTURE_TO_ARRIVAL
SL_8F5057CD282A,S1109,4105,S1109|4105,마곡나루(서울식물원),S1109,4106,S1109|4106,양천향교,120,124,1228,222,DEPARTURE_TO_ARRIVAL
SL_8F5057CD282A,S1109,4106,S1109|4106,양천향교,S1109,4107,S1109|4107,가양,120,120,1449,222,DEPARTURE_TO_ARRIVAL
SL_8F5057CD282A,S1109,4107,S1109|4107,가양,S1109,4108,S1109|4108,증미,60,89,640,220,DEPARTURE_TO_ARRIVAL
SL_8F5057CD282A,S1109,4108,S1109|4108,증미,S1109,4109,S1109|4109,등촌,120,90,816,220,DEPARTURE_TO_ARRIVAL
SL_8F5057CD282A,S1109,4109,S1109|4109,등촌,S1109,4110,S1109|4110,염창,120,96,996,220,DEPARTURE_TO_ARRIVAL
SL_8F5057CD282A,S1109,4101,S1109|4101,개화,S1109,4102,S1109|4102,김포공항,240,257,1869,220,DEPARTURE_TO_ARRIVAL
SL_8F5057CD282A,S1109,4102,S1109|4102,김포공항,S1109,4103,S1109|4103,공항시장,60,77,819,220,DEPARTURE_TO_ARRIVAL
SL_8F5057CD282A,S1109,4103,S1109|4103,공항시장,S1109,4104,S1109|4104,신방화,60,85,674,220,DEPARTURE_TO_ARRIVAL
SL_8F5057CD282A,S1109,4104,S1109|4104,신방화,S1109,4105,S1109|4105,마곡나루(서울식물원),120,105,968,220,DEPARTURE_TO_ARRIVAL
SL_50341A3A9F81,L11SL,S401,L11SL|S401,샛강,L11SL,S402,L11SL|S402,대방,60,60,606,316,DEPARTURE_TO_ARRIVAL
SL_50341A3A9F81,L11SL,S402,L11SL|S402,대방,L11SL,S403,L11SL|S403,서울지방병무청,60,60,788,316,DEPARTURE_TO_ARRIVAL
SL_50341A3A9F81,L11SL,S403,L11SL|S403,서울지방병무청,L11SL,S404,L11SL|S404,보라매,60,60,669,316,DEPARTURE_TO_ARRIVAL
SL_50341A3A9F81,L11SL,S404,L11SL|S404,보라매,L11SL,S405,L11SL|S405,보라매공원,120,105,599,316,DEPARTURE_TO_ARRIVAL
SL_50341A3A9F81,L11SL,S405,L11SL|S405,보라매공원,L11SL,S406,L11SL|S406,보라매병원,60,75,557,316,DEPARTURE_TO_ARRIVAL
SL_50341A3A9F81,L11SL,S406,L11SL|S406,보라매병원,L11SL,S407,L11SL|S407,당곡,60,60,459,348,DEPARTURE_TO_ARRIVAL
SL_50341A3A9F81,L11SL,S407,L11SL|S407,당곡,L11SL,S408,L11SL|S408,신림,60,68,600,348,DEPARTURE_TO_ARRIVAL
SL_50341A3A9F81,L11SL,S408,L11SL|S408,신림,L11SL,S409,L11SL|S409,서원,60,80,802,348,DEPARTURE_TO_ARRIVAL
SL_50341A3A9F81,L11SL,S409,L11SL|S409,서원,L11SL,S410,L11SL|S410,서울대벤처타운,120,148,696,348,DEPARTURE_TO_ARRIVAL
SL_50341A3A9F81,L11SL,S410,L11SL|S410,서울대벤처타운,L11SL,S411,L11SL|S411,관악산,120,158,1020,347,DEPARTURE_TO_ARRIVAL
SL_50341A3A9F81,L11SL,S411,L11SL|S411,관악산,L11SL,S410,L11SL|S410,서울대벤처타운,60,60,1020,334,DEPARTURE_TO_ARRIVAL
SL_50341A3A9F81,L11SL,S410,L11SL|S410,서울대벤처타운,L11SL,S409,L11SL|S409,서원,120,120,696,334,DEPARTURE_TO_ARRIVAL
SL_50341A3A9F81,L11SL,S409,L11SL|S409,서원,L11SL,S408,L11SL|S408,신림,60,60,802,334,DEPARTURE_TO_ARRIVAL
SL_50341A3A9F81,L11SL,S408,L11SL|S408,신림,L11SL,S407,L11SL|S407,당곡,60,60,600,334,DEPARTURE_TO_ARRIVAL
SL_50341A3A9F81,L11SL,S407,L11SL|S407,당곡,L11SL,S406,L11SL|S406,보라매병원,60,60,459,334,DEPARTURE_TO_ARRIVAL
SL_50341A3A9F81,L11SL,S406,L11SL|S406,보라매병원,L11SL,S405,L11SL|S405,보라매공원,60,60,557,348,DEPARTURE_TO_ARRIVAL
SL_50341A3A9F81,L11SL,S405,L11SL|S405,보라매공원,L11SL,S404,L11SL|S404,보라매,60,86,599,348,DEPARTURE_TO_ARRIVAL
SL_50341A3A9F81,L11SL,S404,L11SL|S404,보라매,L11SL,S403,L11SL|S403,서울지방병무청,60,77,669,348,DEPARTURE_TO_ARRIVAL
SL_50341A3A9F81,L11SL,S403,L11SL|S403,서울지방병무청,L11SL,S402,L11SL|S402,대방,60,99,788,348,DEPARTURE_TO_ARRIVAL
SL_50341A3A9F81,L11SL,S402,L11SL|S402,대방,L11SL,S401,L11SL|S401,샛강,60,94,606,346,DEPARTURE_TO_ARRIVAL
SL_8CFC987D09A5,L11UI,S122,L11UI|S122,신설동,L11UI,S121,L11UI|S121,보문,60,68,1048,470,DEPARTURE_TO_ARRIVAL
SL_8CFC987D09A5,L11UI,S121,L11UI|S121,보문,L11UI,S120,L11UI|S120,성신여대입구,60,68,813,470,DEPARTURE_TO_ARRIVAL
SL_8CFC987D09A5,L11UI,S120,L11UI|S120,성신여대입구,L11UI,S119,L11UI|S119,정릉,60,69,1179,470,DEPARTURE_TO_ARRIVAL
SL_8CFC987D09A5,L11UI,S119,L11UI|S119,정릉,L11UI,S118,L11UI|S118,북한산보국문,120,117,1160,470,DEPARTURE_TO_ARRIVAL
SL_8CFC987D09A5,L11UI,S118,L11UI|S118,북한산보국문,L11UI,S117,L11UI|S117,솔샘,120,122,1013,470,DEPARTURE_TO_ARRIVAL
SL_8CFC987D09A5,L11UI,S117,L11UI|S117,솔샘,L11UI,S116,L11UI|S116,삼양사거리,60,68,621,470,DEPARTURE_TO_ARRIVAL
SL_8CFC987D09A5,L11UI,S116,L11UI|S116,삼양사거리,L11UI,S115,L11UI|S115,삼양,60,71,657,470,DEPARTURE_TO_ARRIVAL
SL_8CFC987D09A5,L11UI,S115,L11UI|S115,삼양,L11UI,S114,L11UI|S114,화계,60,62,805,470,DEPARTURE_TO_ARRIVAL
SL_8CFC987D09A5,L11UI,S114,L11UI|S114,화계,L11UI,S113,L11UI|S113,가오리,120,107,818,470,DEPARTURE_TO_ARRIVAL
SL_8CFC987D09A5,L11UI,S113,L11UI|S113,가오리,L11UI,S112,L11UI|S112,4.19민주묘지,60,65,922,470,DEPARTURE_TO_ARRIVAL
SL_8CFC987D09A5,L11UI,S112,L11UI|S112,4.19민주묘지,L11UI,S111,L11UI|S111,솔밭공원,60,62,727,470,DEPARTURE_TO_ARRIVAL
SL_8CFC987D09A5,L11UI,S111,L11UI|S111,솔밭공원,L11UI,S110,L11UI|S110,북한산우이,120,110,754,470,DEPARTURE_TO_ARRIVAL
SL_8CFC987D09A5,L11UI,S110,L11UI|S110,북한산우이,L11UI,S111,L11UI|S111,솔밭공원,60,62,754,470,DEPARTURE_TO_ARRIVAL
SL_8CFC987D09A5,L11UI,S111,L11UI|S111,솔밭공원,L11UI,S112,L11UI|S112,4.19민주묘지,60,60,727,470,DEPARTURE_TO_ARRIVAL
SL_8CFC987D09A5,L11UI,S112,L11UI|S112,4.19민주묘지,L11UI,S113,L11UI|S113,가오리,60,64,922,470,DEPARTURE_TO_ARRIVAL
SL_8CFC987D09A5,L11UI,S113,L11UI|S113,가오리,L11UI,S114,L11UI|S114,화계,60,62,818,470,DEPARTURE_TO_ARRIVAL
SL_8CFC987D09A5,L11UI,S114,L11UI|S114,화계,L11UI,S115,L11UI|S115,삼양,60,62,805,470,DEPARTURE_TO_ARRIVAL
SL_8CFC987D09A5,L11UI,S115,L11UI|S115,삼양,L11UI,S116,L11UI|S116,삼양사거리,120,115,657,470,DEPARTURE_TO_ARRIVAL
SL_8CFC987D09A5,L11UI,S116,L11UI|S116,삼양사거리,L11UI,S117,L11UI|S117,솔샘,60,65,621,470,DEPARTURE_TO_ARRIVAL
SL_8CFC987D09A5,L11UI,S117,L11UI|S117,솔샘,L11UI,S118,L11UI|S118,북한산보국문,120,120,1013,470,DEPARTURE_TO_ARRIVAL
SL_8CFC987D09A5,L11UI,S118,L11UI|S118,북한산보국문,L11UI,S119,L11UI|S119,정릉,120,117,1160,470,DEPARTURE_TO_ARRIVAL
SL_8CFC987D09A5,L11UI,S119,L11UI|S119,정릉,L11UI,S120,L11UI|S120,성신여대입구,60,66,1179,470,DEPARTURE_TO_ARRIVAL
SL_8CFC987D09A5,L11UI,S120,L11UI|S120,성신여대입구,L11UI,S121,L11UI|S121,보문,60,66,813,470,DEPARTURE_TO_ARRIVAL
SL_8CFC987D09A5,L11UI,S121,L11UI|S121,보문,L11UI,S122,L11UI|S122,신설동,120,118,1048,470,DEPARTURE_TO_ARRIVAL
SL_161E0D8970EF,S2901,103,S2901|103,남광주,S2901,104,S2901|104,문화전당(구도청),80,80,894,405,DEPARTURE_TO_ARRIVAL
SL_161E0D8970EF,S2901,108,S2901|108,돌고개,S2901,109,S2901|109,농성,100,100,1070,405,DEPARTURE_TO_ARRIVAL
SL_161E0D8970EF,S2901,109,S2901|109,농성,S2901,110,S2901|110,화정,60,60,677,405,DEPARTURE_TO_ARRIVAL
SL_161E0D8970EF,S2901,110,S2901|110,화정,S2901,111,S2901|111,쌍촌,50,50,653,405,DEPARTURE_TO_ARRIVAL
SL_161E0D8970EF,S2901,111,S2901|111,쌍촌,S2901,112,S2901|112,운천,70,70,995,405,DEPARTURE_TO_ARRIVAL
SL_161E0D8970EF,S2901,112,S2901|112,운천,S2901,113,S2901|113,상무,80,80,1002,405,DEPARTURE_TO_ARRIVAL
SL_161E0D8970EF,S2901,115,S2901|115,공항,S2901,116,S2901|116,송정공원,70,70,1119,405,DEPARTURE_TO_ARRIVAL
SL_161E0D8970EF,S2901,116,S2901|116,송정공원,S2901,117,S2901|117,광주송정역,80,80,974,405,DEPARTURE_TO_ARRIVAL
SL_161E0D8970EF,S2901,117,S2901|117,광주송정역,S2901,118,S2901|118,도산,70,70,723,405,DEPARTURE_TO_ARRIVAL
SL_161E0D8970EF,S2901,118,S2901|118,도산,S2901,119,S2901|119,평동,130,130,1843,399,DEPARTURE_TO_ARRIVAL
SL_161E0D8970EF,S2901,119,S2901|119,평동,S2901,118,S2901|118,도산,130,130,1843,405,DEPARTURE_TO_ARRIVAL
SL_161E0D8970EF,S2901,118,S2901|118,도산,S2901,117,S2901|117,광주송정역,70,70,723,405,DEPARTURE_TO_ARRIVAL
SL_161E0D8970EF,S2901,117,S2901|117,광주송정역,S2901,116,S2901|116,송정공원,80,80,974,405,DEPARTURE_TO_ARRIVAL
SL_161E0D8970EF,S2901,116,S2901|116,송정공원,S2901,115,S2901|115,공항,70,70,1119,405,DEPARTURE_TO_ARRIVAL
SL_161E0D8970EF,S2901,113,S2901|113,상무,S2901,112,S2901|112,운천,80,80,1002,405,DEPARTURE_TO_ARRIVAL
SL_161E0D8970EF,S2901,112,S2901|112,운천,S2901,111,S2901|111,쌍촌,70,70,995,405,DEPARTURE_TO_ARRIVAL
SL_161E0D8970EF,S2901,111,S2901|111,쌍촌,S2901,110,S2901|110,화정,50,50,653,405,DEPARTURE_TO_ARRIVAL
SL_161E0D8970EF,S2901,110,S2901|110,화정,S2901,109,S2901|109,농성,60,60,677,405,DEPARTURE_TO_ARRIVAL
SL_161E0D8970EF,S2901,109,S2901|109,농성,S2901,108,S2901|108,돌고개,100,100,1070,405,DEPARTURE_TO_ARRIVAL
SL_161E0D8970EF,S2901,104,S2901|104,문화전당(구도청),S2901,103,S2901|103,남광주,80,80,894,405,DEPARTURE_TO_ARRIVAL
SL_161E0D8970EF,S2901,101,S2901|101,소태,S2901,100,S2901|100,녹동,300,302,1907,76,DEPARTURE_TO_ARRIVAL
SL_161E0D8970EF,S2901,100,S2901|100,녹동,S2901,101,S2901|101,소태,300,300,1907,73,DEPARTURE_TO_ARRIVAL
SL_9466C01B2356,I4101,1004,I4101|1004,노량진역,I4102,1003,I4102|1003,용산역,180,180,2692,229,DEPARTURE_TO_ARRIVAL
SL_9466C01B2356,I4102,1003,I4102|1003,용산역,I4101,1002,I4101|1002,남영역,120,120,1317,229,DEPARTURE_TO_ARRIVAL
SL_9466C01B2356,I4102,1909,I4102|1909,양주역,S2802,3204,S2802|3204,마전,90,90,38586,117,DEPARTURE_TO_ARRIVAL
SL_9466C01B2356,S2802,3204,S2802|3204,마전,I4102,1910,I4102|1910,덕계역,180,180,42164,117,DEPARTURE_TO_ARRIVAL
SL_9466C01B2356,I4101,1002,I4101|1002,남영역,I4102,1003,I4102|1003,용산역,120,120,1317,227,DEPARTURE_TO_ARRIVAL
SL_9466C01B2356,I4102,1003,I4102|1003,용산역,I4101,1004,I4101|1004,노량진역,180,180,2692,227,DEPARTURE_TO_ARRIVAL
SL_9466C01B2356,I4102,1910,I4102|1910,덕계역,S2802,3204,S2802|3204,마전,180,180,42164,116,DEPARTURE_TO_ARRIVAL
SL_9466C01B2356,S2802,3204,S2802|3204,마전,I4102,1909,I4102|1909,양주역,90,90,38586,116,DEPARTURE_TO_ARRIVAL
SL_9466C01B2356,I27K7,7007,I27K7|7007,동대구역,I27K7,7006,I27K7|7006,대구역,300,300,2971,93,DEPARTURE_TO_ARRIVAL
SL_9466C01B2356,I27K7,7006,I27K7|7006,대구역,I27K7,7005,I27K7|7005,서대구역,330,330,5084,91,DEPARTURE_TO_ARRIVAL
SL_9466C01B2356,I27K7,7003,I27K7|7003,북삼역,I27K7,7002,I27K7|7002,사곡역,300,300,4828,93,DEPARTURE_TO_ARRIVAL
SL_9466C01B2356,I27K7,7002,I27K7|7002,사곡역,I27K7,7001,I27K7|7001,구미역,330,330,4018,93,DEPARTURE_TO_ARRIVAL
SL_9466C01B2356,I27K7,7001,I27K7|7001,구미역,I27K7,7002,I27K7|7002,사곡역,330,330,4018,93,DEPARTURE_TO_ARRIVAL
SL_9466C01B2356,I27K7,7002,I27K7|7002,사곡역,I27K7,7003,I27K7|7003,북삼역,300,300,4828,91,DEPARTURE_TO_ARRIVAL
SL_9466C01B2356,I27K7,7005,I27K7|7005,서대구역,I27K7,7006,I27K7|7006,대구역,330,330,5084,91,DEPARTURE_TO_ARRIVAL
SL_9466C01B2356,I27K7,7006,I27K7|7006,대구역,I27K7,7007,I27K7|7007,동대구역,300,300,2971,93,DEPARTURE_TO_ARRIVAL
SL_D0E7788D279F,I4108,1284,I4108|1284,문산역,I4108,1283,I4108|1283,파주역,210,210,4377,165,DEPARTURE_TO_ARRIVAL
SL_D0E7788D279F,I4108,1283,I4108|1283,파주역,I4108,1282,I4108|1282,월롱역,150,150,2134,165,DEPARTURE_TO_ARRIVAL
SL_D0E7788D279F,I4108,1282,I4108|1282,월롱역,I4108,1280,I4108|1280,금촌역,210,210,3704,165,DEPARTURE_TO_ARRIVAL
SL_D0E7788D279F,I4108,1280,I4108|1280,금촌역,I4108,1279,I4108|1279,금릉역,120,120,1831,165,DEPARTURE_TO_ARRIVAL
SL_D0E7788D279F,I4108,1279,I4108|1279,금릉역,I4108,1278,I4108|1278,운정역,180,180,2879,165,DEPARTURE_TO_ARRIVAL
SL_D0E7788D279F,I4108,1278,I4108|1278,운정역,I4108,1277,I4108|1277,야당역,90,90,1493,165,DEPARTURE_TO_ARRIVAL
SL_D0E7788D279F,I4108,1277,I4108|1277,야당역,I4108,1276,I4108|1276,탄현역,120,120,2073,165,DEPARTURE_TO_ARRIVAL
SL_D0E7788D279F,I4108,1276,I4108|1276,탄현역,I4108,1275,I4108|1275,일산역,120,120,1516,165,DEPARTURE_TO_ARRIVAL
SL_D0E7788D279F,I4108,1275,I4108|1275,일산역,I4108,1274,I4108|1274,풍산역,120,120,1856,172,DEPARTURE_TO_ARRIVAL
SL_D0E7788D279F,I4108,1274,I4108|1274,풍산역,I4108,1273,I4108|1273,백마역,120,120,1693,172,DEPARTURE_TO_ARRIVAL
SL_D0E7788D279F,I4108,1273,I4108|1273,백마역,I4108,1272,I4108|1272,곡산역,120,120,1550,172,DEPARTURE_TO_ARRIVAL
SL_D0E7788D279F,I4108,1272,I4108|1272,곡산역,I4108,1953,I4108|1953,대곡역,150,150,1732,172,DEPARTURE_TO_ARRIVAL
SL_D0E7788D279F,I4108,1953,I4108|1953,대곡역,I4108,1271,I4108|1271,능곡역,150,152,1713,184,DEPARTURE_TO_ARRIVAL
SL_D0E7788D279F,I4108,1271,I4108|1271,능곡역,I4108,1270,I4108|1270,행신역,150,150,1374,187,DEPARTURE_TO_ARRIVAL
SL_D0E7788D279F,I4108,1270,I4108|1270,행신역,I4108,1269,I4108|1269,강매역,90,90,923,187,DEPARTURE_TO_ARRIVAL
SL_D0E7788D279F,I4108,1265,I4108|1265,가좌역,I4108,1252,I4108|1252,신촌역,180,181,2613,39,DEPARTURE_TO_ARRIVAL
SL_D0E7788D279F,I4108,1252,I4108|1252,신촌역,I4101,0133,I4101|0133,서울역,330,330,2662,39,DEPARTURE_TO_ARRIVAL
SL_D0E7788D279F,I4101,0133,I4101|0133,서울역,I4108,1252,I4108|1252,신촌역,330,331,2662,39,DEPARTURE_TO_ARRIVAL
SL_D0E7788D279F,I4108,1252,I4108|1252,신촌역,I4108,1265,I4108|1265,가좌역,180,182,2613,39,DEPARTURE_TO_ARRIVAL
SL_D0E7788D279F,I4108,1269,I4108|1269,강매역,I4108,1270,I4108|1270,행신역,90,90,923,189,DEPARTURE_TO_ARRIVAL
SL_D0E7788D279F,I4108,1270,I4108|1270,행신역,I4108,1271,I4108|1271,능곡역,150,150,1374,189,DEPARTURE_TO_ARRIVAL
SL_D0E7788D279F,I4108,1271,I4108|1271,능곡역,I4108,1953,I4108|1953,대곡역,150,150,1713,186,DEPARTURE_TO_ARRIVAL
SL_D0E7788D279F,I4108,1953,I4108|1953,대곡역,I4108,1272,I4108|1272,곡산역,150,150,1732,174,DEPARTURE_TO_ARRIVAL
SL_D0E7788D279F,I4108,1272,I4108|1272,곡산역,I4108,1273,I4108|1273,백마역,120,120,1550,174,DEPARTURE_TO_ARRIVAL
SL_D0E7788D279F,I4108,1273,I4108|1273,백마역,I4108,1274,I4108|1274,풍산역,120,120,1693,174,DEPARTURE_TO_ARRIVAL
SL_D0E7788D279F,I4108,1274,I4108|1274,풍산역,I4108,1275,I4108|1275,일산역,120,120,1856,174,DEPARTURE_TO_ARRIVAL
SL_D0E7788D279F,I4108,1275,I4108|1275,일산역,I4108,1276,I4108|1276,탄현역,120,120,1516,165,DEPARTURE_TO_ARRIVAL
SL_D0E7788D279F,I4108,1276,I4108|1276,탄현역,I4108,1277,I4108|1277,야당역,120,120,2073,167,DEPARTURE_TO_ARRIVAL
SL_D0E7788D279F,I4108,1277,I4108|1277,야당역,I4108,1278,I4108|1278,운정역,90,95,1493,167,DEPARTURE_TO_ARRIVAL
SL_D0E7788D279F,I4108,1278,I4108|1278,운정역,I4108,1279,I4108|1279,금릉역,180,180,2879,167,DEPARTURE_TO_ARRIVAL
SL_D0E7788D279F,I4108,1279,I4108|1279,금릉역,I4108,1280,I4108|1280,금촌역,120,120,1831,167,DEPARTURE_TO_ARRIVAL
SL_D0E7788D279F,I4108,1280,I4108|1280,금촌역,I4108,1282,I4108|1282,월롱역,210,210,3704,167,DEPARTURE_TO_ARRIVAL
SL_D0E7788D279F,I4108,1282,I4108|1282,월롱역,I4108,1283,I4108|1283,파주역,150,150,2134,165,DEPARTURE_TO_ARRIVAL
SL_D0E7788D279F,I4108,1283,I4108|1283,파주역,I4108,1284,I4108|1284,문산역,210,210,4377,167,DEPARTURE_TO_ARRIVAL
SL_D0E7788D279F,I4108,1285,I4108|1285,임진강역,I4108,1286,I4108|1286,운천역,240,240,2217,6,DEPARTURE_TO_ARRIVAL
SL_D0E7788D279F,I4108,1286,I4108|1286,운천역,I4108,1284,I4108|1284,문산역,360,360,3233,6,DEPARTURE_TO_ARRIVAL
SL_D0E7788D279F,I4108,1284,I4108|1284,문산역,I4108,1286,I4108|1286,운천역,360,360,3233,6,DEPARTURE_TO_ARRIVAL
SL_D0E7788D279F,I4108,1286,I4108|1286,운천역,I4108,1285,I4108|1285,임진강역,240,240,2217,6,DEPARTURE_TO_ARRIVAL
SL_69DD658ED6A6,I4106,1950,I4106|1950,삼송역,I4106,1949,I4106|1949,지축역,150,150,1694,224,DEPARTURE_TO_ARRIVAL
SL_69DD658ED6A6,I4106,1949,I4106|1949,지축역,I1103,0320,I1103|0320,구파발,180,180,1355,224,DEPARTURE_TO_ARRIVAL
SL_69DD658ED6A6,I1103,0320,I1103|0320,구파발,I4106,1949,I4106|1949,지축역,180,180,1355,218,DEPARTURE_TO_ARRIVAL
SL_69DD658ED6A6,I4106,1949,I4106|1949,지축역,I4106,1950,I4106|1950,삼송역,150,150,1694,218,DEPARTURE_TO_ARRIVAL
SL_AA31BBF870D0,I4103,1450,I4103|1450,선바위역,I1104,0434,I1104|0434,남태령,150,150,1806,231,DEPARTURE_TO_ARRIVAL
SL_AA31BBF870D0,I1104,0434,I1104|0434,남태령,I4103,1450,I4103|1450,선바위역,150,150,1806,232,DEPARTURE_TO_ARRIVAL
SL_D0E7788D279F,I4108,1014,I4108|1014,청량리역,I4108,1015,I4108|1015,회기역,180,180,1417,152,DEPARTURE_TO_ARRIVAL
SL_D0E7788D279F,I4108,1015,I4108|1015,회기역,I4108,1201,I4108|1201,중랑역,150,151,1704,153,DEPARTURE_TO_ARRIVAL
SL_D0E7788D279F,I4108,1201,I4108|1201,중랑역,I4108,1202,I4108|1202,상봉역,90,90,852,153,DEPARTURE_TO_ARRIVAL
SL_D0E7788D279F,I4108,1202,I4108|1202,상봉역,I4108,1203,I4108|1203,망우역,90,91,659,153,DEPARTURE_TO_ARRIVAL
SL_D0E7788D279F,I4108,1205,I4108|1205,구리역,I4108,1206,I4108|1206,도농역,150,150,1677,152,DEPARTURE_TO_ARRIVAL
SL_D0E7788D279F,I4108,1208,I4108|1208,덕소역,I4108,1209,I4108|1209,도심역,120,120,1472,91,DEPARTURE_TO_ARRIVAL
SL_D0E7788D279F,I4108,1209,I4108|1209,도심역,I4108,1210,I4108|1210,팔당역,240,243,4045,91,DEPARTURE_TO_ARRIVAL
SL_D0E7788D279F,I4108,1210,I4108|1210,팔당역,I4108,1211,I4108|1211,운길산역,300,300,5892,82,DEPARTURE_TO_ARRIVAL
SL_D0E7788D279F,I4108,1211,I4108|1211,운길산역,I4108,1212,I4108|1212,양수역,120,120,1921,82,DEPARTURE_TO_ARRIVAL
SL_D0E7788D279F,I4108,1212,I4108|1212,양수역,I4108,1213,I4108|1213,신원역,240,241,4461,81,DEPARTURE_TO_ARRIVAL
SL_D0E7788D279F,I4108,1213,I4108|1213,신원역,I4108,1214,I4108|1214,국수역,180,182,2589,82,DEPARTURE_TO_ARRIVAL
SL_D0E7788D279F,I4108,1214,I4108|1214,국수역,I4108,1215,I4108|1215,아신역,210,211,3874,82,DEPARTURE_TO_ARRIVAL
SL_D0E7788D279F,I4108,1215,I4108|1215,아신역,I4108,1216,I4108|1216,오빈역,180,180,2856,81,DEPARTURE_TO_ARRIVAL
SL_D0E7788D279F,I4108,1216,I4108|1216,오빈역,I4108,1217,I4108|1217,양평역,150,151,2164,82,DEPARTURE_TO_ARRIVAL
SL_D0E7788D279F,I4108,1217,I4108|1217,양평역,I4108,1218,I4108|1218,원덕역,330,331,5590,82,DEPARTURE_TO_ARRIVAL
SL_D0E7788D279F,I4108,1218,I4108|1218,원덕역,I4108,1219,I4108|1219,용문역,270,271,4393,81,DEPARTURE_TO_ARRIVAL
SL_D0E7788D279F,I4108,1206,I4108|1206,도농역,I4108,1205,I4108|1205,구리역,150,150,1677,151,DEPARTURE_TO_ARRIVAL
SL_D0E7788D279F,I4108,1203,I4108|1203,망우역,I4108,1202,I4108|1202,상봉역,90,91,659,151,DEPARTURE_TO_ARRIVAL
SL_D0E7788D279F,I4108,1202,I4108|1202,상봉역,I4108,1201,I4108|1201,중랑역,90,90,852,151,DEPARTURE_TO_ARRIVAL
SL_D0E7788D279F,I4108,1201,I4108|1201,중랑역,I4108,1015,I4108|1015,회기역,150,150,1704,149,DEPARTURE_TO_ARRIVAL
SL_D0E7788D279F,I4108,1015,I4108|1015,회기역,I4108,1014,I4108|1014,청량리역,180,180,1417,151,DEPARTURE_TO_ARRIVAL
SL_D0E7788D279F,I4108,1014,I4108|1014,청량리역,I4102,1013,I4102|1013,왕십리역,210,210,2191,154,DEPARTURE_TO_ARRIVAL
SL_D0E7788D279F,I4102,1013,I4102|1013,왕십리역,I4102,1012,I4102|1012,응봉역,120,120,1295,155,DEPARTURE_TO_ARRIVAL
SL_D0E7788D279F,I4102,1012,I4102|1012,응봉역,I4102,1011,I4102|1011,옥수역,120,120,1799,155,DEPARTURE_TO_ARRIVAL
SL_D0E7788D279F,I4102,1011,I4102|1011,옥수역,I4102,1010,I4102|1010,한남역,120,120,1507,155,DEPARTURE_TO_ARRIVAL
SL_D0E7788D279F,I4102,1010,I4102|1010,한남역,I4102,1009,I4102|1009,서빙고역,150,150,2118,155,DEPARTURE_TO_ARRIVAL
SL_D0E7788D279F,I4102,1009,I4102|1009,서빙고역,I4102,1008,I4102|1008,이촌역,120,120,1321,155,DEPARTURE_TO_ARRIVAL
SL_D0E7788D279F,I4102,1008,I4102|1008,이촌역,I4102,1003,I4102|1003,용산역,210,211,1147,155,DEPARTURE_TO_ARRIVAL
SL_D0E7788D279F,I4108,1262,I4108|1262,공덕역,I4108,1263,I4108|1263,서강대역,150,150,1810,152,DEPARTURE_TO_ARRIVAL
SL_D0E7788D279F,I4102,1003,I4102|1003,용산역,I4102,1008,I4102|1008,이촌역,210,210,1147,154,DEPARTURE_TO_ARRIVAL
SL_D0E7788D279F,I4102,1008,I4102|1008,이촌역,I4102,1009,I4102|1009,서빙고역,120,120,1321,155,DEPARTURE_TO_ARRIVAL
SL_D0E7788D279F,I4102,1009,I4102|1009,서빙고역,I4102,1010,I4102|1010,한남역,150,150,2118,155,DEPARTURE_TO_ARRIVAL
SL_D0E7788D279F,I4102,1010,I4102|1010,한남역,I4102,1011,I4102|1011,옥수역,120,120,1507,155,DEPARTURE_TO_ARRIVAL
SL_D0E7788D279F,I4102,1011,I4102|1011,옥수역,I4102,1012,I4102|1012,응봉역,120,120,1799,154,DEPARTURE_TO_ARRIVAL
SL_D0E7788D279F,I4102,1012,I4102|1012,응봉역,I4102,1013,I4102|1013,왕십리역,120,120,1295,155,DEPARTURE_TO_ARRIVAL
SL_D0E7788D279F,I4102,1013,I4102|1013,왕십리역,I4108,1014,I4108|1014,청량리역,210,210,2191,155,DEPARTURE_TO_ARRIVAL
SL_D0E7788D279F,I4108,1219,I4108|1219,용문역,I4108,1220,I4108|1220,지평역,270,275,3188,12,DEPARTURE_TO_ARRIVAL
SL_D0E7788D279F,I4108,1210,I4108|1210,팔당역,I4108,1209,I4108|1209,도심역,240,241,4045,95,DEPARTURE_TO_ARRIVAL
SL_D0E7788D279F,I4108,1209,I4108|1209,도심역,I4108,1208,I4108|1208,덕소역,120,121,1472,95,DEPARTURE_TO_ARRIVAL
SL_D0E7788D279F,I4108,1263,I4108|1263,서강대역,I4108,1262,I4108|1262,공덕역,150,150,1810,151,DEPARTURE_TO_ARRIVAL
SL_D0E7788D279F,I4108,1219,I4108|1219,용문역,I4108,1218,I4108|1218,원덕역,270,270,4393,84,DEPARTURE_TO_ARRIVAL
SL_D0E7788D279F,I4108,1218,I4108|1218,원덕역,I4108,1217,I4108|1217,양평역,330,330,5590,84,DEPARTURE_TO_ARRIVAL
SL_D0E7788D279F,I4108,1217,I4108|1217,양평역,I4108,1216,I4108|1216,오빈역,150,150,2164,84,DEPARTURE_TO_ARRIVAL
SL_D0E7788D279F,I4108,1216,I4108|1216,오빈역,I4108,1215,I4108|1215,아신역,180,180,2856,84,DEPARTURE_TO_ARRIVAL
SL_D0E7788D279F,I4108,1215,I4108|1215,아신역,I4108,1214,I4108|1214,국수역,210,210,3874,84,DEPARTURE_TO_ARRIVAL
SL_D0E7788D279F,I4108,1214,I4108|1214,국수역,I4108,1213,I4108|1213,신원역,180,180,2589,84,DEPARTURE_TO_ARRIVAL
SL_D0E7788D279F,I4108,1213,I4108|1213,신원역,I4108,1212,I4108|1212,양수역,240,240,4461,84,DEPARTURE_TO_ARRIVAL
SL_D0E7788D279F,I4108,1212,I4108|1212,양수역,I4108,1211,I4108|1211,운길산역,120,120,1921,84,DEPARTURE_TO_ARRIVAL
SL_D0E7788D279F,I4108,1211,I4108|1211,운길산역,I4108,1210,I4108|1210,팔당역,300,300,5892,84,DEPARTURE_TO_ARRIVAL
SL_D0E7788D279F,I4108,1220,I4108|1220,지평역,I4108,1219,I4108|1219,용문역,270,273,3188,11,DEPARTURE_TO_ARRIVAL
SL_5287D3BFAFEF,I4105,1862,I4105|1862,죽전역,I4105,1859,I4105|1859,오리역,180,180,1702,291,DEPARTURE_TO_ARRIVAL
SL_5287D3BFAFEF,I4105,1859,I4105|1859,오리역,I4105,1858,I4105|1858,미금역,90,90,1139,291,DEPARTURE_TO_ARRIVAL
SL_5287D3BFAFEF,I4105,1858,I4105|1858,미금역,I4105,1857,I4105|1857,정자역,120,120,1776,291,DEPARTURE_TO_ARRIVAL
SL_5287D3BFAFEF,I4105,1857,I4105|1857,정자역,I4105,1856,I4105|1856,수내역,120,120,1481,291,DEPARTURE_TO_ARRIVAL
SL_5287D3BFAFEF,I4105,1856,I4105|1856,수내역,I4105,1855,I4105|1855,서현역,90,90,1076,291,DEPARTURE_TO_ARRIVAL
SL_5287D3BFAFEF,I4105,1855,I4105|1855,서현역,I4105,1860,I4105|1860,이매역,90,90,1292,291,DEPARTURE_TO_ARRIVAL
SL_5287D3BFAFEF,I4105,1860,I4105|1860,이매역,I4105,1854,I4105|1854,야탑역,120,120,1721,291,DEPARTURE_TO_ARRIVAL
SL_5287D3BFAFEF,I4105,1854,I4105|1854,야탑역,I4105,1853,I4105|1853,모란역,150,150,2314,291,DEPARTURE_TO_ARRIVAL
SL_5287D3BFAFEF,I4105,1853,I4105|1853,모란역,I4105,1852,I4105|1852,태평역,90,90,866,291,DEPARTURE_TO_ARRIVAL
SL_5287D3BFAFEF,I4105,1852,I4105|1852,태평역,I4105,1851,I4105|1851,가천대역,90,90,999,291,DEPARTURE_TO_ARRIVAL
SL_5287D3BFAFEF,I4105,1851,I4105|1851,가천대역,I4105,1031,I4105|1031,복정역,150,150,2332,291,DEPARTURE_TO_ARRIVAL
SL_5287D3BFAFEF,I4105,1031,I4105|1031,복정역,I4105,1030,I4105|1030,수서역,210,210,3003,290,DEPARTURE_TO_ARRIVAL
SL_5287D3BFAFEF,I4105,1027,I4105|1027,개포동역,I4105,1026,I4105|1026,구룡역,90,90,623,291,DEPARTURE_TO_ARRIVAL
SL_5287D3BFAFEF,I4105,1026,I4105|1026,구룡역,I4105,1025,I4105|1025,도곡역,60,60,567,291,DEPARTURE_TO_ARRIVAL
SL_5287D3BFAFEF,I4105,1025,I4105|1025,도곡역,I4105,1024,I4105|1024,한티역,60,60,629,291,DEPARTURE_TO_ARRIVAL
SL_5287D3BFAFEF,I4105,1024,I4105|1024,한티역,I4105,1023,I4105|1023,선릉역,90,90,983,291,DEPARTURE_TO_ARRIVAL
SL_5287D3BFAFEF,I4105,1023,I4105|1023,선릉역,I4105,1850,I4105|1850,선정릉역,90,90,838,289,DEPARTURE_TO_ARRIVAL
SL_5287D3BFAFEF,I4105,1847,I4105|1847,서울숲역,I4105,1013,I4105|1013,왕십리역,180,180,2002,291,DEPARTURE_TO_ARRIVAL
SL_5287D3BFAFEF,I4105,1862,I4105|1862,죽전역,I4105,1861,I4105|1861,보정역,120,120,1318,181,DEPARTURE_TO_ARRIVAL
SL_5287D3BFAFEF,I4105,1861,I4105|1861,보정역,I4105,1863,I4105|1863,구성역,120,120,1543,181,DEPARTURE_TO_ARRIVAL
SL_5287D3BFAFEF,I4105,1863,I4105|1863,구성역,I4105,1864,I4105|1864,신갈역,120,120,1517,181,DEPARTURE_TO_ARRIVAL
SL_5287D3BFAFEF,I4105,1864,I4105|1864,신갈역,I4105,1865,I4105|1865,기흥역,120,120,1234,181,DEPARTURE_TO_ARRIVAL
SL_5287D3BFAFEF,I4105,1865,I4105|1865,기흥역,I4105,1866,I4105|1866,상갈역,120,120,1669,181,DEPARTURE_TO_ARRIVAL
SL_5287D3BFAFEF,I4105,1866,I4105|1866,상갈역,I4105,1867,I4105|1867,청명역,180,180,2647,180,DEPARTURE_TO_ARRIVAL
SL_5287D3BFAFEF,I4105,1867,I4105|1867,청명역,I4105,1868,I4105|1868,영통역,90,90,1112,181,DEPARTURE_TO_ARRIVAL
SL_5287D3BFAFEF,I4105,1868,I4105|1868,영통역,I4105,1869,I4105|1869,망포역,120,120,1391,181,DEPARTURE_TO_ARRIVAL
SL_5287D3BFAFEF,I4105,1013,I4105|1013,왕십리역,I4105,1847,I4105|1847,서울숲역,180,180,2002,291,DEPARTURE_TO_ARRIVAL
SL_5287D3BFAFEF,I4105,1850,I4105|1850,선정릉역,I4105,1023,I4105|1023,선릉역,90,90,838,291,DEPARTURE_TO_ARRIVAL
SL_5287D3BFAFEF,I4105,1023,I4105|1023,선릉역,I4105,1024,I4105|1024,한티역,90,90,983,291,DEPARTURE_TO_ARRIVAL
SL_5287D3BFAFEF,I4105,1024,I4105|1024,한티역,I4105,1025,I4105|1025,도곡역,60,60,629,291,DEPARTURE_TO_ARRIVAL
SL_5287D3BFAFEF,I4105,1025,I4105|1025,도곡역,I4105,1026,I4105|1026,구룡역,60,60,567,291,DEPARTURE_TO_ARRIVAL
SL_5287D3BFAFEF,I4105,1026,I4105|1026,구룡역,I4105,1027,I4105|1027,개포동역,90,90,623,291,DEPARTURE_TO_ARRIVAL
SL_5287D3BFAFEF,I4105,1030,I4105|1030,수서역,I4105,1031,I4105|1031,복정역,210,210,3003,289,DEPARTURE_TO_ARRIVAL
SL_5287D3BFAFEF,I4105,1031,I4105|1031,복정역,I4105,1851,I4105|1851,가천대역,150,150,2332,291,DEPARTURE_TO_ARRIVAL
SL_5287D3BFAFEF,I4105,1851,I4105|1851,가천대역,I4105,1852,I4105|1852,태평역,90,90,999,291,DEPARTURE_TO_ARRIVAL
SL_5287D3BFAFEF,I4105,1852,I4105|1852,태평역,I4105,1853,I4105|1853,모란역,90,90,866,291,DEPARTURE_TO_ARRIVAL
SL_5287D3BFAFEF,I4105,1853,I4105|1853,모란역,I4105,1854,I4105|1854,야탑역,150,150,2314,290,DEPARTURE_TO_ARRIVAL
SL_5287D3BFAFEF,I4105,1854,I4105|1854,야탑역,I4105,1860,I4105|1860,이매역,120,120,1721,290,DEPARTURE_TO_ARRIVAL
SL_5287D3BFAFEF,I4105,1860,I4105|1860,이매역,I4105,1855,I4105|1855,서현역,90,90,1292,291,DEPARTURE_TO_ARRIVAL
SL_5287D3BFAFEF,I4105,1855,I4105|1855,서현역,I4105,1856,I4105|1856,수내역,90,90,1076,291,DEPARTURE_TO_ARRIVAL
SL_5287D3BFAFEF,I4105,1856,I4105|1856,수내역,I4105,1857,I4105|1857,정자역,120,120,1481,290,DEPARTURE_TO_ARRIVAL
SL_5287D3BFAFEF,I4105,1857,I4105|1857,정자역,I4105,1858,I4105|1858,미금역,120,120,1776,291,DEPARTURE_TO_ARRIVAL
SL_5287D3BFAFEF,I4105,1858,I4105|1858,미금역,I4105,1859,I4105|1859,오리역,90,90,1139,291,DEPARTURE_TO_ARRIVAL
SL_5287D3BFAFEF,I4105,1859,I4105|1859,오리역,I4105,1862,I4105|1862,죽전역,180,180,1702,291,DEPARTURE_TO_ARRIVAL
SL_5287D3BFAFEF,I4105,1869,I4105|1869,망포역,I4105,1868,I4105|1868,영통역,120,120,1391,181,DEPARTURE_TO_ARRIVAL
SL_5287D3BFAFEF,I4105,1868,I4105|1868,영통역,I4105,1867,I4105|1867,청명역,90,90,1112,181,DEPARTURE_TO_ARRIVAL
SL_5287D3BFAFEF,I4105,1867,I4105|1867,청명역,I4105,1866,I4105|1866,상갈역,180,180,2647,180,DEPARTURE_TO_ARRIVAL
SL_5287D3BFAFEF,I4105,1866,I4105|1866,상갈역,I4105,1865,I4105|1865,기흥역,120,120,1669,181,DEPARTURE_TO_ARRIVAL
SL_5287D3BFAFEF,I4105,1865,I4105|1865,기흥역,I4105,1864,I4105|1864,신갈역,120,120,1234,181,DEPARTURE_TO_ARRIVAL
SL_5287D3BFAFEF,I4105,1864,I4105|1864,신갈역,I4105,1863,I4105|1863,구성역,120,120,1517,180,DEPARTURE_TO_ARRIVAL
SL_5287D3BFAFEF,I4105,1863,I4105|1863,구성역,I4105,1861,I4105|1861,보정역,120,120,1543,181,DEPARTURE_TO_ARRIVAL
SL_5287D3BFAFEF,I4105,1861,I4105|1861,보정역,I4105,1862,I4105|1862,죽전역,120,120,1318,181,DEPARTURE_TO_ARRIVAL
SL_5287D3BFAFEF,I4105,1013,I4105|1013,왕십리역,I4102,1014,I4102|1014,청량리역,300,300,2323,13,DEPARTURE_TO_ARRIVAL
SL_5287D3BFAFEF,I4102,1014,I4102|1014,청량리역,I4105,1013,I4105|1013,왕십리역,300,300,2323,13,DEPARTURE_TO_ARRIVAL
SL_5287D3BFAFEF,I28K1,1762,I28K1|1762,오이도역,I28K1,1761,I28K1|1761,정왕역,150,150,1174,90,DEPARTURE_TO_ARRIVAL
SL_5287D3BFAFEF,I28K1,1759,I28K1|1759,안산역,I28K1,1758,I28K1|1758,초지역,120,120,1697,90,DEPARTURE_TO_ARRIVAL
SL_5287D3BFAFEF,I28K1,1758,I28K1|1758,초지역,I28K1,1757,I28K1|1757,고잔역,120,120,1556,90,DEPARTURE_TO_ARRIVAL
SL_5287D3BFAFEF,I28K1,1757,I28K1|1757,고잔역,I28K1,1756,I28K1|1756,중앙역,90,90,1368,90,DEPARTURE_TO_ARRIVAL
SL_5287D3BFAFEF,I28K1,1756,I28K1|1756,중앙역,I28K1,1755,I28K1|1755,한대앞역,120,120,1486,90,DEPARTURE_TO_ARRIVAL
SL_5287D3BFAFEF,I28K1,1755,I28K1|1755,한대앞역,I28K1,1877,I28K1|1877,사리역,180,180,2157,90,DEPARTURE_TO_ARRIVAL
SL_5287D3BFAFEF,I28K1,1877,I28K1|1877,사리역,I28K1,1876,I28K1|1876,야목역,240,240,4059,89,DEPARTURE_TO_ARRIVAL
SL_5287D3BFAFEF,I28K1,1876,I28K1|1876,야목역,I28K1,1875,I28K1|1875,어천역,150,150,2518,89,DEPARTURE_TO_ARRIVAL
SL_5287D3BFAFEF,I28K1,1875,I28K1|1875,어천역,I28K1,1874,I28K1|1874,오목천역,240,240,4917,90,DEPARTURE_TO_ARRIVAL
SL_5287D3BFAFEF,I28K1,1874,I28K1|1874,오목천역,I28K1,1873,I28K1|1873,고색역,120,120,1681,90,DEPARTURE_TO_ARRIVAL
SL_5287D3BFAFEF,I28K1,1873,I28K1|1873,고색역,I28K1,1874,I28K1|1874,오목천역,120,120,1681,90,DEPARTURE_TO_ARRIVAL
SL_5287D3BFAFEF,I28K1,1874,I28K1|1874,오목천역,I28K1,1875,I28K1|1875,어천역,240,240,4917,90,DEPARTURE_TO_ARRIVAL
SL_5287D3BFAFEF,I28K1,1875,I28K1|1875,어천역,I28K1,1876,I28K1|1876,야목역,150,150,2518,90,DEPARTURE_TO_ARRIVAL
SL_5287D3BFAFEF,I28K1,1876,I28K1|1876,야목역,I28K1,1877,I28K1|1877,사리역,240,240,4059,89,DEPARTURE_TO_ARRIVAL
SL_5287D3BFAFEF,I28K1,1877,I28K1|1877,사리역,I28K1,1755,I28K1|1755,한대앞역,180,180,2157,90,DEPARTURE_TO_ARRIVAL
SL_5287D3BFAFEF,I28K1,1755,I28K1|1755,한대앞역,I28K1,1756,I28K1|1756,중앙역,120,120,1486,90,DEPARTURE_TO_ARRIVAL
SL_5287D3BFAFEF,I28K1,1756,I28K1|1756,중앙역,I28K1,1757,I28K1|1757,고잔역,90,90,1368,90,DEPARTURE_TO_ARRIVAL
SL_5287D3BFAFEF,I28K1,1757,I28K1|1757,고잔역,I28K1,1758,I28K1|1758,초지역,120,120,1556,90,DEPARTURE_TO_ARRIVAL
SL_5287D3BFAFEF,I28K1,1758,I28K1|1758,초지역,I28K1,1759,I28K1|1759,안산역,120,120,1697,90,DEPARTURE_TO_ARRIVAL
SL_5287D3BFAFEF,I28K1,1761,I28K1|1761,정왕역,I28K1,1762,I28K1|1762,오이도역,150,150,1174,90,DEPARTURE_TO_ARRIVAL
SL_5287D3BFAFEF,I28K1,1762,I28K1|1762,오이도역,I28K1,1878,I28K1|1878,달월역,150,150,2118,156,DEPARTURE_TO_ARRIVAL
SL_5287D3BFAFEF,I28K1,1878,I28K1|1878,달월역,I28K1,1879,I28K1|1879,월곶역,120,120,1344,156,DEPARTURE_TO_ARRIVAL
SL_5287D3BFAFEF,I28K1,1884,I28K1|1884,원인재역,I28K1,1885,I28K1|1885,연수역,90,90,886,155,DEPARTURE_TO_ARRIVAL
SL_5287D3BFAFEF,I28K1,1885,I28K1|1885,연수역,I28K1,1886,I28K1|1886,송도역,180,180,2539,155,DEPARTURE_TO_ARRIVAL
SL_5287D3BFAFEF,I28K1,1886,I28K1|1886,송도역,I28K1,1888,I28K1|1888,인하대역,120,120,2095,156,DEPARTURE_TO_ARRIVAL
SL_5287D3BFAFEF,I28K1,1888,I28K1|1888,인하대역,I28K1,1889,I28K1|1889,숭의역,120,120,1755,156,DEPARTURE_TO_ARRIVAL
SL_5287D3BFAFEF,I28K1,1889,I28K1|1889,숭의역,I28K1,1890,I28K1|1890,신포역,120,120,1459,156,DEPARTURE_TO_ARRIVAL
SL_5287D3BFAFEF,I28K1,1890,I28K1|1890,신포역,I28K1,1889,I28K1|1889,숭의역,120,120,1459,154,DEPARTURE_TO_ARRIVAL
SL_5287D3BFAFEF,I28K1,1889,I28K1|1889,숭의역,I28K1,1888,I28K1|1888,인하대역,120,120,1755,154,DEPARTURE_TO_ARRIVAL
SL_5287D3BFAFEF,I28K1,1888,I28K1|1888,인하대역,I28K1,1886,I28K1|1886,송도역,120,120,2095,154,DEPARTURE_TO_ARRIVAL
SL_5287D3BFAFEF,I28K1,1886,I28K1|1886,송도역,I28K1,1885,I28K1|1885,연수역,180,180,2539,154,DEPARTURE_TO_ARRIVAL
SL_5287D3BFAFEF,I28K1,1885,I28K1|1885,연수역,I28K1,1884,I28K1|1884,원인재역,90,90,886,154,DEPARTURE_TO_ARRIVAL
SL_5287D3BFAFEF,I28K1,1879,I28K1|1879,월곶역,I28K1,1878,I28K1|1878,달월역,120,120,1344,154,DEPARTURE_TO_ARRIVAL
SL_5287D3BFAFEF,I28K1,1878,I28K1|1878,달월역,I28K1,1762,I28K1|1762,오이도역,150,150,2118,154,DEPARTURE_TO_ARRIVAL
SL_58702E398A41,I41WS,1275,I41WS|1275,일산역,I41WS,1274,I41WS|1274,풍산역,120,120,1856,62,DEPARTURE_TO_ARRIVAL
SL_D0E7788D279F,I41WS,1275,I41WS|1275,일산역,I41WS,1274,I41WS|1274,풍산역,120,120,1856,62,DEPARTURE_TO_ARRIVAL
SL_58702E398A41,I41WS,1274,I41WS|1274,풍산역,I41WS,1273,I41WS|1273,백마역,120,120,1693,62,DEPARTURE_TO_ARRIVAL
SL_D0E7788D279F,I41WS,1274,I41WS|1274,풍산역,I41WS,1273,I41WS|1273,백마역,120,120,1693,62,DEPARTURE_TO_ARRIVAL
SL_58702E398A41,I41WS,1273,I41WS|1273,백마역,I41WS,1272,I41WS|1272,곡산역,120,120,1550,62,DEPARTURE_TO_ARRIVAL
SL_D0E7788D279F,I41WS,1273,I41WS|1273,백마역,I41WS,1272,I41WS|1272,곡산역,120,120,1550,62,DEPARTURE_TO_ARRIVAL
SL_58702E398A41,I41WS,1272,I41WS|1272,곡산역,I41WS,1953,I41WS|1953,대곡역,180,180,1716,62,DEPARTURE_TO_ARRIVAL
SL_D0E7788D279F,I41WS,1272,I41WS|1272,곡산역,I41WS,1953,I41WS|1953,대곡역,180,180,1716,62,DEPARTURE_TO_ARRIVAL
SL_58702E398A41,I41WS,1953,I41WS|1953,대곡역,I41WS,1271,I41WS|1271,능곡역,150,150,1720,160,DEPARTURE_TO_ARRIVAL
SL_D0E7788D279F,I41WS,1953,I41WS|1953,대곡역,I41WS,1271,I41WS|1271,능곡역,150,150,1720,160,DEPARTURE_TO_ARRIVAL
SL_DAB0E2B86442,I41WS,4811,I41WS|4811,달미역,I41WS,4812,I41WS|4812,선부역,150,150,1603,160,DEPARTURE_TO_ARRIVAL
SL_DAB0E2B86442,I41WS,4814,I41WS|4814,시우역,I41WS,4815,I41WS|4815,원시역,150,150,1394,159,DEPARTURE_TO_ARRIVAL
SL_DAB0E2B86442,I41WS,4815,I41WS|4815,원시역,I41WS,4814,I41WS|4814,시우역,150,150,1394,160,DEPARTURE_TO_ARRIVAL
SL_DAB0E2B86442,I41WS,4812,I41WS|4812,선부역,I41WS,4811,I41WS|4811,달미역,150,150,1603,160,DEPARTURE_TO_ARRIVAL
SL_58702E398A41,I41WS,1271,I41WS|1271,능곡역,I41WS,1953,I41WS|1953,대곡역,150,150,1720,159,DEPARTURE_TO_ARRIVAL
SL_D0E7788D279F,I41WS,1271,I41WS|1271,능곡역,I41WS,1953,I41WS|1953,대곡역,150,150,1720,159,DEPARTURE_TO_ARRIVAL
SL_58702E398A41,I41WS,1953,I41WS|1953,대곡역,I41WS,1272,I41WS|1272,곡산역,180,180,1716,62,DEPARTURE_TO_ARRIVAL
SL_D0E7788D279F,I41WS,1953,I41WS|1953,대곡역,I41WS,1272,I41WS|1272,곡산역,180,180,1716,62,DEPARTURE_TO_ARRIVAL
SL_58702E398A41,I41WS,1272,I41WS|1272,곡산역,I41WS,1273,I41WS|1273,백마역,120,120,1550,62,DEPARTURE_TO_ARRIVAL
SL_D0E7788D279F,I41WS,1272,I41WS|1272,곡산역,I41WS,1273,I41WS|1273,백마역,120,120,1550,62,DEPARTURE_TO_ARRIVAL
SL_58702E398A41,I41WS,1273,I41WS|1273,백마역,I41WS,1274,I41WS|1274,풍산역,120,120,1693,62,DEPARTURE_TO_ARRIVAL
SL_D0E7788D279F,I41WS,1273,I41WS|1273,백마역,I41WS,1274,I41WS|1274,풍산역,120,120,1693,62,DEPARTURE_TO_ARRIVAL
SL_58702E398A41,I41WS,1274,I41WS|1274,풍산역,I41WS,1275,I41WS|1275,일산역,120,120,1856,62,DEPARTURE_TO_ARRIVAL
SL_D0E7788D279F,I41WS,1274,I41WS|1274,풍산역,I41WS,1275,I41WS|1275,일산역,120,120,1856,62,DEPARTURE_TO_ARRIVAL
SL_4AEDCA688792,I41K5,1505,I41K5|1505,초월역,I41K5,1506,I41K5|1506,곤지암역,240,240,4809,110,DEPARTURE_TO_ARRIVAL
SL_4AEDCA688792,I41K5,1508,I41K5|1508,이천역,I41K5,1509,I41K5|1509,부발역,210,210,4284,110,DEPARTURE_TO_ARRIVAL
SL_4AEDCA688792,I41K5,1509,I41K5|1509,부발역,I41K5,1508,I41K5|1508,이천역,210,210,4284,110,DEPARTURE_TO_ARRIVAL
SL_4AEDCA688792,I41K5,1506,I41K5|1506,곤지암역,I41K5,1505,I41K5|1505,초월역,240,240,4809,110,DEPARTURE_TO_ARRIVAL
SL_37E47229122C,I4108,1202,I4108|1202,상봉역,I41K2,1203,I41K2|1203,망우역,90,90,757,103,DEPARTURE_TO_ARRIVAL
SL_37E47229122C,I41K2,1203,I41K2|1203,망우역,I41K2,1311,I41K2|1311,신내역,150,150,1740,103,DEPARTURE_TO_ARRIVAL
SL_37E47229122C,I41K2,1311,I41K2|1311,신내역,I41K2,1312,I41K2|1312,갈매역,180,180,2575,102,DEPARTURE_TO_ARRIVAL
SL_37E47229122C,I41K2,1312,I41K2|1312,갈매역,I41K2,1313,I41K2|1313,별내역,90,90,1415,103,DEPARTURE_TO_ARRIVAL
SL_37E47229122C,I41K2,1313,I41K2|1313,별내역,I41K2,1314,I41K2|1314,퇴계원역,120,120,1615,102,DEPARTURE_TO_ARRIVAL
SL_37E47229122C,I41K2,1314,I41K2|1314,퇴계원역,I41K2,1315,I41K2|1315,사릉역,180,180,2921,103,DEPARTURE_TO_ARRIVAL
SL_37E47229122C,I41K2,1315,I41K2|1315,사릉역,I41K2,1316,I41K2|1316,금곡역,180,180,3135,103,DEPARTURE_TO_ARRIVAL
SL_37E47229122C,I41K2,1318,I41K2|1318,천마산역,I41K2,1319,I41K2|1319,마석역,120,123,2404,100,DEPARTURE_TO_ARRIVAL
SL_37E47229122C,I41K2,1319,I41K2|1319,마석역,I41K2,1320,I41K2|1320,대성리역,330,330,6898,91,DEPARTURE_TO_ARRIVAL
SL_37E47229122C,I41K2,1320,I41K2|1320,대성리역,I41K2,1321,I41K2|1321,청평역,360,360,7089,90,DEPARTURE_TO_ARRIVAL
SL_37E47229122C,I41K2,1321,I41K2|1321,청평역,I41K2,1322,I41K2|1322,상천역,240,240,4572,91,DEPARTURE_TO_ARRIVAL
SL_37E47229122C,I41K2,1322,I41K2|1322,상천역,I41K2,1323,I41K2|1323,가평역,330,330,6986,90,DEPARTURE_TO_ARRIVAL
SL_37E47229122C,I41K2,1323,I41K2|1323,가평역,I41K2,1324,I41K2|1324,굴봉산역,240,240,4570,91,DEPARTURE_TO_ARRIVAL
SL_37E47229122C,I41K2,1324,I41K2|1324,굴봉산역,I41K2,1325,I41K2|1325,백양리역,180,180,2757,91,DEPARTURE_TO_ARRIVAL
SL_37E47229122C,I41K2,1325,I41K2|1325,백양리역,I41K2,1326,I41K2|1326,강촌역,270,270,4840,90,DEPARTURE_TO_ARRIVAL
SL_37E47229122C,I41K2,1326,I41K2|1326,강촌역,I41K2,1327,I41K2|1327,김유정역,330,330,7191,90,DEPARTURE_TO_ARRIVAL
SL_37E47229122C,I41K2,1327,I41K2|1327,김유정역,I41K2,1328,I41K2|1328,남춘천역,300,300,5138,91,DEPARTURE_TO_ARRIVAL
SL_37E47229122C,I41K2,1328,I41K2|1328,남춘천역,I41K2,1329,I41K2|1329,춘천역,180,180,2345,91,DEPARTURE_TO_ARRIVAL
SL_37E47229122C,I41K2,1316,I41K2|1316,금곡역,I41K2,1315,I41K2|1315,사릉역,180,180,3135,103,DEPARTURE_TO_ARRIVAL
SL_37E47229122C,I41K2,1315,I41K2|1315,사릉역,I41K2,1314,I41K2|1314,퇴계원역,180,180,2921,103,DEPARTURE_TO_ARRIVAL
SL_37E47229122C,I41K2,1314,I41K2|1314,퇴계원역,I41K2,1313,I41K2|1313,별내역,120,120,1615,103,DEPARTURE_TO_ARRIVAL
SL_37E47229122C,I41K2,1313,I41K2|1313,별내역,I41K2,1312,I41K2|1312,갈매역,90,90,1415,103,DEPARTURE_TO_ARRIVAL
SL_37E47229122C,I41K2,1312,I41K2|1312,갈매역,I41K2,1311,I41K2|1311,신내역,180,180,2575,101,DEPARTURE_TO_ARRIVAL
SL_37E47229122C,I41K2,1311,I41K2|1311,신내역,I41K2,1203,I41K2|1203,망우역,150,150,1740,103,DEPARTURE_TO_ARRIVAL
SL_37E47229122C,I41K2,1203,I41K2|1203,망우역,I4108,1202,I4108|1202,상봉역,90,90,757,103,DEPARTURE_TO_ARRIVAL
SL_37E47229122C,I41K2,1329,I41K2|1329,춘천역,I41K2,1328,I41K2|1328,남춘천역,180,180,2345,91,DEPARTURE_TO_ARRIVAL
SL_37E47229122C,I41K2,1328,I41K2|1328,남춘천역,I41K2,1327,I41K2|1327,김유정역,300,300,5138,91,DEPARTURE_TO_ARRIVAL
SL_37E47229122C,I41K2,1327,I41K2|1327,김유정역,I41K2,1326,I41K2|1326,강촌역,330,330,7191,91,DEPARTURE_TO_ARRIVAL
SL_37E47229122C,I41K2,1326,I41K2|1326,강촌역,I41K2,1325,I41K2|1325,백양리역,270,270,4840,91,DEPARTURE_TO_ARRIVAL
SL_37E47229122C,I41K2,1325,I41K2|1325,백양리역,I41K2,1324,I41K2|1324,굴봉산역,180,180,2757,91,DEPARTURE_TO_ARRIVAL
SL_37E47229122C,I41K2,1324,I41K2|1324,굴봉산역,I41K2,1323,I41K2|1323,가평역,240,240,4570,91,DEPARTURE_TO_ARRIVAL
SL_37E47229122C,I41K2,1323,I41K2|1323,가평역,I41K2,1322,I41K2|1322,상천역,330,330,6986,90,DEPARTURE_TO_ARRIVAL
SL_37E47229122C,I41K2,1322,I41K2|1322,상천역,I41K2,1321,I41K2|1321,청평역,240,240,4572,91,DEPARTURE_TO_ARRIVAL
SL_37E47229122C,I41K2,1321,I41K2|1321,청평역,I41K2,1320,I41K2|1320,대성리역,360,360,7089,91,DEPARTURE_TO_ARRIVAL
SL_37E47229122C,I41K2,1320,I41K2|1320,대성리역,I41K2,1319,I41K2|1319,마석역,330,330,6898,90,DEPARTURE_TO_ARRIVAL
SL_37E47229122C,I41K2,1319,I41K2|1319,마석역,I41K2,1318,I41K2|1318,천마산역,120,122,2404,98,DEPARTURE_TO_ARRIVAL
SL_37E47229122C,I4108,1202,I4108|1202,상봉역,I4108,1201,I4108|1201,중랑역,120,120,855,20,DEPARTURE_TO_ARRIVAL
SL_37E47229122C,I4108,1201,I4108|1201,중랑역,I4108,1015,I4108|1015,회기역,150,150,1704,20,DEPARTURE_TO_ARRIVAL
SL_37E47229122C,I4108,1015,I4108|1015,회기역,I4108,1014,I4108|1014,청량리역,180,180,1417,20,DEPARTURE_TO_ARRIVAL
SL_37E47229122C,I4108,1014,I4108|1014,청량리역,I4108,1015,I4108|1015,회기역,180,180,1417,20,DEPARTURE_TO_ARRIVAL
SL_37E47229122C,I4108,1015,I4108|1015,회기역,I4108,1201,I4108|1201,중랑역,150,150,1704,20,DEPARTURE_TO_ARRIVAL
SL_37E47229122C,I4108,1201,I4108|1201,중랑역,I4108,1202,I4108|1202,상봉역,120,120,855,20,DEPARTURE_TO_ARRIVAL
SL_37E47229122C,I4108,1019,I4108|1019,광운대역,I4108,1202,I4108|1202,상봉역,480,480,3793,2,DEPARTURE_TO_ARRIVAL
SL_37E47229122C,I4108,1202,I4108|1202,상봉역,I4108,1019,I4108|1019,광운대역,480,480,3793,2,DEPARTURE_TO_ARRIVAL
SL_480F0999C961,I26K6,8005,I26K6|8005,동래역,I26K6,8006,I26K6|8006,안락역,90,90,2362,95,DEPARTURE_TO_ARRIVAL
SL_480F0999C961,I26K6,8007,I26K6|8007,재송역,I26K6,8008,I26K6|8008,센텀역,90,90,1046,95,DEPARTURE_TO_ARRIVAL
SL_480F0999C961,I26K6,8008,I26K6|8008,센텀역,I26K6,8009,I26K6|8009,벡스코역,120,120,1341,95,DEPARTURE_TO_ARRIVAL
SL_480F0999C961,I26K6,8013,I26K6|8013,기장역,I26K6,8014,I26K6|8014,일광역,180,180,2854,95,DEPARTURE_TO_ARRIVAL
SL_480F0999C961,I26K6,8014,I26K6|8014,일광역,I26K6,8016,I26K6|8016,좌천역,270,270,5046,94,DEPARTURE_TO_ARRIVAL
SL_480F0999C961,I26K6,8016,I26K6|8016,좌천역,I26K6,8017,I26K6|8017,월내역,210,210,3381,95,DEPARTURE_TO_ARRIVAL
SL_480F0999C961,I26K6,8017,I26K6|8017,월내역,I26K6,8018,I26K6|8018,서생역,180,180,2490,95,DEPARTURE_TO_ARRIVAL
SL_480F0999C961,I26K6,8018,I26K6|8018,서생역,I26K6,8019,I26K6|8019,남창역,420,420,8242,95,DEPARTURE_TO_ARRIVAL
SL_480F0999C961,I26K6,8019,I26K6|8019,남창역,I26K6,8020,I26K6|8020,망양역,240,240,4124,93,DEPARTURE_TO_ARRIVAL
SL_480F0999C961,I26K6,8020,I26K6|8020,망양역,I26K6,8021,I26K6|8021,덕하역,240,240,4391,91,DEPARTURE_TO_ARRIVAL
SL_480F0999C961,I26K6,8021,I26K6|8021,덕하역,I26K6,8022,I26K6|8022,개운포역,150,150,2244,91,DEPARTURE_TO_ARRIVAL
SL_480F0999C961,I26K6,8022,I26K6|8022,개운포역,I26K6,8023,I26K6|8023,태화강역,270,270,4494,91,DEPARTURE_TO_ARRIVAL
SL_480F0999C961,I26K6,8023,I26K6|8023,태화강역,I26K6,8022,I26K6|8022,개운포역,270,270,4494,87,DEPARTURE_TO_ARRIVAL
SL_480F0999C961,I26K6,8022,I26K6|8022,개운포역,I26K6,8021,I26K6|8021,덕하역,150,150,2244,87,DEPARTURE_TO_ARRIVAL
SL_480F0999C961,I26K6,8021,I26K6|8021,덕하역,I26K6,8020,I26K6|8020,망양역,240,240,4391,87,DEPARTURE_TO_ARRIVAL
SL_480F0999C961,I26K6,8020,I26K6|8020,망양역,I26K6,8019,I26K6|8019,남창역,240,240,4124,95,DEPARTURE_TO_ARRIVAL
SL_480F0999C961,I26K6,8019,I26K6|8019,남창역,I26K6,8018,I26K6|8018,서생역,420,420,8242,95,DEPARTURE_TO_ARRIVAL
SL_480F0999C961,I26K6,8018,I26K6|8018,서생역,I26K6,8017,I26K6|8017,월내역,180,180,2490,95,DEPARTURE_TO_ARRIVAL
SL_480F0999C961,I26K6,8017,I26K6|8017,월내역,I26K6,8016,I26K6|8016,좌천역,210,210,3381,95,DEPARTURE_TO_ARRIVAL
SL_480F0999C961,I26K6,8016,I26K6|8016,좌천역,I26K6,8014,I26K6|8014,일광역,270,270,5046,95,DEPARTURE_TO_ARRIVAL
SL_480F0999C961,I26K6,8014,I26K6|8014,일광역,I26K6,8013,I26K6|8013,기장역,180,180,2854,95,DEPARTURE_TO_ARRIVAL
SL_480F0999C961,I26K6,8009,I26K6|8009,벡스코역,I26K6,8008,I26K6|8008,센텀역,120,120,1341,95,DEPARTURE_TO_ARRIVAL
SL_480F0999C961,I26K6,8008,I26K6|8008,센텀역,I26K6,8007,I26K6|8007,재송역,90,90,1046,94,DEPARTURE_TO_ARRIVAL
SL_480F0999C961,I26K6,8006,I26K6|8006,안락역,I26K6,8005,I26K6|8005,동래역,90,90,2362,95,DEPARTURE_TO_ARRIVAL
SL_AA31BBF870D0,I4104,0406,I4104|0406,오남역,I4104,0405,I4104|0405,진접역,150,150,1958,137,DEPARTURE_TO_ARRIVAL
SL_AA31BBF870D0,I4104,0405,I4104|0405,진접역,I4104,0406,I4104|0406,오남역,150,150,1958,138,DEPARTURE_TO_ARRIVAL
